image1,image2,image3,choice
731,1152,1225,3
1498,1790,152,3
899,1737,834,1
1167,793,1309,1
720,1843,753,3
358,1406,978,1
1153,1127,1701,3
733,245,818,2
145,96,598,1
1697,1727,886,2
517,1403,334,2
1390,1068,1429,2
1054,428,310,2
1756,1731,1826,3
1567,1446,147,3
44,1457,218,1
1847,44,519,2
1553,1034,143,3
1242,1032,964,1
733,272,1124,3
967,1508,312,2
565,971,1646,3
564,1187,181,1
1066,345,943,3
157,316,1555,3
901,33,1057,3
1648,1190,613,2
1361,279,1178,3
553,90,770,1
548,811,1783,1
323,5,1413,3
1283,1832,395,3
1530,1297,477,2
54,1632,591,3
1098,1183,524,2
1385,1072,386,1
517,1843,1010,1
245,1533,1226,3
808,1811,1682,1
16,927,1099,2
1818,1458,856,1
115,336,74,3
1083,1518,1573,2
710,966,872,1
1433,453,1485,3
328,343,732,3
23,1418,899,3
809,1567,62,1
993,120,1193,2
1671,24,47,1
1210,330,72,3
1385,861,1423,3
682,714,1635,1
1611,733,964,2
109,1778,1476,3
809,478,1531,3
1169,1240,1004,3
950,91,747,3
485,318,438,3
1067,1836,697,3
1274,1493,1654,3
446,1488,1482,1
369,1170,1816,2
615,152,1739,2
945,1848,137,2
300,886,157,3
1346,996,148,2
1464,1483,1330,2
1297,857,1793,3
1193,139,1127,2
1424,191,1539,1
1081,58,1204,1
1297,1627,917,2
1269,713,340,2
416,1845,498,1
1314,250,1614,3
1580,824,758,1
1255,1228,1245,2
1478,270,87,2
1289,36,315,3
752,205,1050,2
815,1597,871,2
260,427,441,2
17,184,941,2
1243,871,1085,3
769,46,117,2
1546,1568,1010,3
27,1082,1333,2
1808,645,1486,2
594,1314,993,3
1326,839,672,2
420,1140,202,1
633,703,1233,2
1790,1234,1088,3
748,565,1116,2
1466,919,202,1
522,1124,179,3
1831,249,1179,3
1675,1723,488,2
1409,1573,147,3
16,307,1787,3
462,1476,1253,3
1250,1251,887,1
757,1078,655,3
1438,231,256,1
646,1813,1220,2
391,262,1277,2
144,1097,122,3
1631,1290,1853,2
366,373,597,3
1373,516,1807,1
1845,1224,1322,1
1823,221,65,1
143,1197,251,1
747,543,1799,1
945,1205,115,3
332,1570,714,3
1196,66,1651,2
1460,220,1559,1
1524,1775,1491,3
1833,556,789,2
1364,38,1433,2
175,408,1604,3
1824,1804,562,1
540,1746,755,2
1656,1751,1216,1
1854,644,607,2
1551,79,232,2
453,723,1515,2
1411,178,257,1
838,867,1449,1
1614,136,1113,3
1594,1602,1319,3
1731,45,629,2
1615,573,1659,1
1417,1497,1033,2
257,163,1018,1
1166,933,1141,2
770,1167,435,3
788,1373,1341,1
1186,951,1764,2
813,1232,1437,3
706,1340,913,2
1524,990,702,1
1190,1056,849,1
1695,1451,404,2
1120,1570,677,3
995,607,27,3
564,372,89,2
337,669,784,3
1206,961,704,3
54,1504,297,1
754,1121,1114,3
468,212,1215,3
662,663,564,2
751,1629,890,3
365,1791,552,1
1285,90,466,1
318,347,592,1
754,209,1273,2
375,491,1614,2
74,669,1366,2
974,1138,610,2
640,1514,963,2
843,1833,1457,3
1286,1634,1137,2
640,1597,158,2
351,464,660,3
408,1256,980,3
1380,984,1108,3
1350,1604,1125,2
668,825,1180,2
1350,1309,1475,2
902,736,748,2
764,524,630,2
263,1458,1385,1
360,998,1691,3
1399,22,633,1
1137,863,1597,2
1444,1744,527,3
1,365,1535,1
1447,477,1548,1
1093,238,1580,1
812,198,454,3
1493,1007,829,2
919,705,198,3
1525,435,1527,2
1328,1244,1445,3
502,1043,223,2
1640,1238,1364,3
1284,275,1160,2
1382,1775,1306,1
1058,140,993,2
1703,1405,1345,2
398,671,1655,1
226,1201,794,2
1401,1214,459,1
1740,590,1254,3
492,319,1657,3
1018,1617,1841,1
1314,617,1707,1
1009,117,610,1
628,1096,488,3
1814,1149,197,3
742,464,850,2
1570,1397,1551,2
308,402,1643,1
717,1116,777,2
289,1538,1806,2
559,858,1442,3
205,4,481,3
185,1786,1145,3
147,132,1002,3
339,1346,403,3
1500,158,472,1
1390,1743,1339,3
541,982,1602,1
1647,226,653,3
271,1317,1250,1
460,370,85,3
354,1536,1615,3
986,870,1068,1
1099,191,1321,2
1665,563,1824,1
460,1369,479,3
199,704,612,2
266,341,1475,3
614,846,297,1
1656,934,1814,3
874,305,134,1
1808,351,209,2
1610,1056,738,1
1361,783,1415,3
1122,442,681,1
381,1458,1692,2
1838,63,1584,1
1225,1196,835,2
1764,720,893,2
921,488,1608,3
772,1673,680,2
1700,1487,1261,3
533,548,41,3
315,671,1339,1
979,1739,1166,1
1461,275,1407,3
618,1802,1716,3
1102,517,1386,3
1608,381,147,3
102,356,344,3
244,253,1320,1
20,1587,1758,3
31,627,42,3
1539,1635,1052,1
3,1648,1509,3
1580,841,1189,2
1545,959,769,1
1321,754,1475,1
126,751,1200,1
1802,1785,1275,3
214,863,1631,2
807,1707,90,3
637,1457,1257,3
849,1473,11,1
1338,316,747,2
861,1054,232,1
778,351,1378,2
23,110,186,1
758,1576,632,2
1511,1311,663,3
1657,453,769,1
1648,1511,435,2
1711,181,1365,3
1535,415,459,2
1757,1522,626,1
230,648,1554,3
1043,795,1070,2
540,888,681,2
1749,1151,654,2
793,1666,754,1
687,1790,1157,3
1306,1703,1129,3
1797,1355,980,3
409,1107,366,2
179,1280,488,3
1486,1753,333,3
1060,1554,572,2
1012,1685,690,2
739,811,485,3
175,1155,312,3
1774,303,14,3
526,591,881,1
984,1678,813,3
215,704,136,1
1473,1410,803,3
1816,271,940,3
788,1332,691,2
1181,39,128,3
1426,471,949,2
1298,1796,104,1
157,1479,626,1
689,785,122,3
197,1175,505,3
1408,305,627,1
517,884,860,3
1170,1541,1574,3
396,1126,1853,1
1605,1752,981,1
1084,1251,108,3
169,1202,1810,3
1772,924,304,3
847,1784,354,3
1725,1101,1750,1
549,197,804,2
95,1829,1152,3
644,1240,47,2
988,1735,1795,1
305,34,309,3
1187,110,1069,2
301,1285,866,1
1563,167,274,3
159,1523,148,3
466,353,1189,3
1065,900,1560,3
575,15,1091,3
1611,222,1359,3
1563,917,1388,1
24,268,1047,1
791,95,1524,1
372,1090,468,1
1544,840,324,1
264,1519,880,2
393,1178,493,3
1287,1479,1442,2
1826,493,454,3
865,1269,1648,2
1752,942,1296,2
1782,1839,19,1
836,105,1813,2
1485,1538,425,1
727,423,984,2
290,557,1509,3
300,1600,486,1
1259,1517,232,3
1219,179,1597,3
170,487,1357,3
1172,548,1237,1
1177,841,572,3
187,1449,437,2
98,816,1327,2
1854,798,914,1
792,1362,313,3
141,1746,915,3
651,418,451,3
1272,1184,1413,3
195,90,842,3
1537,788,263,3
1235,651,1238,3
1841,359,712,3
1330,602,1116,1
1638,1614,608,2
113,1035,506,1
1844,629,1379,2
648,1002,1322,3
493,1233,1722,3
107,274,1340,3
1023,891,462,1
1305,1535,1509,1
1630,274,1500,3
962,1725,478,3
464,1294,1412,3
334,1624,421,3
1683,588,123,2
1034,1556,819,3
546,1261,1545,2
277,529,450,2
143,379,118,1
152,1028,828,2
1520,706,1276,2
1275,128,713,2
708,444,1357,1
693,12,1688,2
1690,604,1708,1
1081,713,373,2
1619,1647,806,2
968,874,1345,2
907,191,1748,1
26,875,72,2
802,1053,1712,3
222,1542,1248,3
1601,862,1225,3
1079,687,1533,1
843,592,646,3
1464,1210,188,2
17,637,307,2
1694,1250,1125,2
669,1369,573,3
1489,1469,1021,3
1636,249,1821,1
1781,1207,1107,3
484,686,618,3
921,626,1431,1
249,1166,1041,3
1756,120,1328,2
566,1390,582,3
1198,767,1672,2
540,1527,908,3
1748,1011,1695,3
957,671,1828,2
1629,1705,964,3
395,650,1464,2
1220,1279,1414,1
705,1236,1193,1
1618,1374,1818,2
431,448,437,2
1307,1391,1446,1
1442,1445,1206,1
259,1050,889,3
1097,251,1288,3
1606,1112,1388,3
848,935,890,3
1052,1010,1025,3
1551,157,1502,2
1614,699,1312,3
1583,564,345,1
798,959,1410,3
1215,1381,414,1
1846,734,1491,3
673,882,368,3
1427,917,1088,1
281,1773,1624,2
1540,1376,420,3
1344,756,1127,3
1783,1317,319,2
40,253,1321,3
1255,616,1173,1
916,1347,1315,3
355,632,719,1
1354,96,1157,1
128,379,858,2
1234,1218,880,3
1652,163,272,3
829,1822,1795,1
808,1029,508,1
1311,1445,1126,2
1519,1498,472,1
523,1216,49,3
1727,816,91,2
940,1756,901,1
45,1675,356,1
481,155,1400,3
121,266,695,2
1491,418,657,3
416,503,844,2
343,417,302,2
841,1084,1361,3
1825,459,457,3
1797,1663,1021,3
1546,19,244,3
530,1137,572,1
1703,31,703,1
1462,944,1149,2
446,654,1797,1
1278,677,1378,1
679,1451,831,2
1409,791,802,3
1678,1051,816,3
1464,1568,1613,1
1151,299,496,2
1559,944,1598,2
1722,897,986,2
1717,821,1788,1
701,1461,1059,1
1354,1697,1276,2
853,1787,1482,3
67,1158,97,1
1681,885,911,2
1374,196,851,3
797,1468,510,2
851,397,1813,2
88,785,1780,2
1740,942,772,1
988,1532,861,1
560,858,1557,3
149,967,308,2
621,667,895,2
1746,154,1040,3
1584,433,1512,3
289,94,606,1
1297,346,1088,3
706,1202,1036,3
1469,547,1587,2
650,169,1760,3
648,692,1783,1
774,1145,1464,3
1223,621,1444,3
520,585,674,3
1371,1189,743,2
27,433,901,1
82,987,455,2
931,1085,63,1
316,1249,693,3
977,307,1571,2
1729,1632,146,2
1134,1694,1146,1
1758,812,747,3
658,686,1512,3
90,1418,1464,2
766,1777,753,3
367,432,1710,2
1140,1403,1838,3
906,1415,340,2
1632,487,1662,2
4,729,563,1
1419,1360,260,3
1835,1828,74,3
1428,1785,1090,1
771,437,408,2
878,372,1732,1
79,904,617,2
603,34,295,2
1272,793,1739,1
154,1295,85,2
1824,1776,1031,2
684,1578,1571,2
1589,449,1341,1
190,1643,429,1
8,1439,255,1
871,807,1814,1
154,573,1338,3
706,846,302,3
196,827,641,2
700,1332,139,3
316,614,1314,1
8,480,1798,3
1610,542,632,2
763,653,927,1
1836,949,983,3
1845,1495,1559,1
672,1518,211,2
1568,1730,69,2
369,1027,1653,2
506,1449,453,1
1706,1605,721,1
1265,183,27,1
1513,1443,439,3
114,1163,850,2
399,998,843,3
1622,600,257,3
819,667,401,2
859,888,365,3
237,197,1473,2
205,642,508,3
1298,1577,1684,2
1668,1533,1491,2
502,508,573,2
929,993,1069,1
663,953,1468,2
70,1342,646,3
176,582,495,2
302,611,825,3
1349,684,1716,1
1009,1166,1628,2
1275,1366,279,3
1413,1361,1177,3
1115,1774,818,2
1037,1501,205,3
1295,1763,908,3
780,564,1820,3
152,973,1559,2
1492,1366,233,3
1193,398,45,2
187,1702,468,3
505,1503,990,3
1385,1337,38,1
1835,113,94,2
1501,1812,469,3
1373,1772,1781,1
810,29,1850,1
623,263,1442,1
1320,808,1077,3
1275,1319,738,1
374,91,1544,1
772,181,351,2
405,1454,1178,3
611,1272,921,3
1605,362,102,2
1288,359,1280,2
1376,1157,708,2
1006,1636,1268,3
1345,1265,1454,1
416,1007,352,2
1524,1817,1583,3
966,1423,959,2
1654,1525,121,2
1188,41,1002,1
481,793,1746,1
43,1743,684,1
1004,102,1302,3
921,790,164,2
1371,939,97,2
420,552,1561,2
1377,1503,53,3
871,1446,782,3
804,1,1335,1
543,1477,1742,2
509,282,1260,2
1831,639,223,2
1345,744,1224,2
451,184,1482,2
444,1278,916,2
1548,713,883,1
293,958,669,1
186,1806,1736,2
107,1788,713,1
944,1074,1268,3
475,142,1206,3
432,177,920,1
698,872,336,3
1351,521,786,1
1821,1627,313,2
1508,941,1163,1
527,1159,281,3
339,1369,1470,1
1180,1814,340,2
1632,448,957,1
1323,1695,1142,3
1581,1641,1677,1
1652,1574,880,1
817,955,698,1
347,1095,580,3
581,1314,575,3
844,328,1418,2
1685,414,800,2
1730,305,979,2
207,888,1426,1
458,1659,828,2
633,25,486,1
519,1748,1346,3
1583,56,1264,3
801,925,42,3
1430,1445,1121,2
548,814,1409,3
1647,1008,305,3
829,1035,1112,3
112,194,131,2
553,480,1562,2
280,114,260,3
1749,1101,111,2
1360,174,1678,2
1009,625,176,3
894,1127,1373,1
33,555,1285,2
132,351,1601,1
461,1004,282,2
1459,921,539,2
1846,404,47,1
426,545,300,2
1845,1757,1080,2
1800,1503,558,1
407,1494,858,1
759,492,1102,1
1429,504,644,1
400,1248,1193,2
132,1760,1480,2
824,1508,1152,3
1414,1665,202,1
1318,1522,1589,1
1316,322,779,3
350,494,832,1
1170,332,853,3
649,1191,883,1
1197,1118,643,1
1024,1083,1746,2
1381,464,640,1
1337,1624,293,2
275,1106,96,3
1377,1100,449,3
990,265,254,2
289,251,711,3
1518,907,967,2
676,1748,1169,2
674,551,1121,3
771,647,567,1
1010,96,1330,1
750,1058,343,1
50,1637,236,2
1247,1026,263,1
918,568,932,1
130,921,1680,1
1125,1077,1031,3
505,529,429,1
730,982,1172,3
533,963,1644,3
1545,1010,1248,3
62,1606,763,2
1584,1378,798,2
1124,1588,524,1
1442,1695,803,2
1498,223,58,2
621,738,620,1
833,714,43,3
1074,1185,327,3
979,660,1533,3
1753,506,1172,2
437,659,745,3
1514,1104,876,2
896,1847,338,2
1454,146,771,3
1316,513,1100,3
974,1227,1056,1
995,1139,1253,3
1036,1838,1118,3
826,83,1430,1
493,1487,858,3
1793,426,756,2
1456,1306,225,2
1513,156,1026,1
202,1146,322,1
1327,122,1842,2
1651,911,1471,2
1590,1357,1125,3
298,817,845,2
1375,1728,463,1
1583,485,832,2
1269,992,1260,3
1028,611,994,3
1814,1122,1737,1
1027,1267,1517,3
75,1441,1324,3
898,1422,1361,1
994,1357,6,1
1712,1677,429,2
1634,471,1345,2
951,989,447,2
1144,1426,1635,3
1809,1664,1268,2
1016,1215,627,2
345,57,97,1
776,1362,548,3
383,187,649,1
857,948,1229,3
1449,1771,566,3
1186,432,894,2
676,1320,1653,1
1305,373,1354,1
1796,1178,35,3
1238,1216,72,2
569,712,22,1
1391,1145,945,3
386,331,737,1
1198,1507,1205,1
88,1015,224,3
1631,1722,8,2
713,1853,378,1
731,379,1831,3
1470,80,1269,2
590,1285,934,2
1356,1442,1788,2
176,1355,324,3
1402,950,1044,3
1735,1134,136,1
538,1565,91,1
312,1001,1598,2
1470,255,207,3
919,816,968,3
467,1649,45,3
951,770,301,1
1119,1740,1743,2
1434,1292,216,3
54,945,1154,3
548,796,268,1
112,23,788,1
349,642,117,3
788,148,876,1
982,156,12,3
175,282,1236,3
1557,383,834,1
329,15,169,1
428,1225,1173,2
866,1652,1473,2
978,1405,917,2
380,1662,1386,3
753,85,441,3
1509,162,300,2
1522,1265,1551,1
31,903,1541,2
592,140,1397,3
1841,485,1228,2
31,1077,323,3
1303,1154,1002,3
1595,1632,497,1
988,1083,57,1
1118,174,1851,1
554,26,66,3
1358,1205,1354,3
1396,635,1256,1
602,827,260,2
1327,67,734,1
580,1470,1050,1
705,1719,255,3
1740,1074,594,1
1052,1077,1668,1
1535,1121,1746,1
1166,1287,1783,2
115,841,508,3
1439,1006,1518,2
702,1013,352,3
122,697,1121,3
446,1223,115,2
339,1055,1566,1
604,335,346,1
1015,355,29,1
64,180,1825,2
164,1596,539,2
1029,810,1658,3
318,1109,1319,2
1104,425,1692,3
185,261,696,2
1119,1178,632,3
1642,1265,116,3
446,817,715,2
793,789,399,1
165,1291,1575,3
1337,326,1064,1
1644,270,251,3
1447,1095,446,3
820,473,1512,2
1664,1487,1085,3
1237,1614,253,3
303,87,1059,3
35,195,789,1
136,194,1434,1
131,1352,614,3
340,928,725,2
145,1652,1073,3
1337,605,1562,1
1577,1492,1732,2
891,898,181,1
1046,94,1852,1
229,1328,1203,2
948,760,228,1
1405,381,101,2
897,1139,227,3
1213,1422,1078,3
354,900,1762,1
1629,1675,136,3
693,1413,1229,3
1809,368,58,1
14,272,1449,2
909,1708,52,3
585,516,1388,1
1462,962,1105,1
1115,57,1591,2
1616,1553,1841,1
838,536,1450,1
541,1160,494,3
218,991,1141,1
460,1802,1008,2
10,607,1095,2
341,1267,355,3
1592,1806,177,2
352,274,425,1
1545,1804,1671,3
1795,923,1027,3
184,1734,1792,1
312,1479,951,1
67,354,290,3
119,1564,1237,1
734,301,1819,1
910,525,619,1
1353,1076,1207,3
1260,1539,375,2
159,1430,1197,3
626,70,1461,1
1841,682,602,2
1630,1445,1081,3
1388,791,326,1
1533,787,793,1
656,845,1267,3
689,575,1280,3
872,1003,973,2
120,928,778,3
397,183,101,2
986,27,682,2
1112,1137,744,3
593,1711,226,3
585,133,684,3
1082,192,65,2
1747,919,694,3
190,541,891,3
102,820,459,3
1682,312,1388,3
49,650,508,2
1433,1846,1539,2
122,690,894,2
356,1315,1412,1
1481,1423,1836,2
343,111,141,3
1683,1643,771,2
50,655,586,3
1250,1418,1196,2
871,646,96,2
1495,672,457,3
103,320,983,3
1773,1607,398,1
888,1545,54,3
358,1445,793,2
707,1092,1780,1
199,1047,471,3
996,981,966,2
1452,106,961,3
1413,43,1410,1
270,289,1505,1
1192,1386,1393,2
1346,298,805,3
1089,69,1796,3
1569,188,884,1
1691,1332,757,3
151,26,523,3
728,1171,738,2
951,702,1458,3
1130,842,670,1
1021,816,1007,3
957,1398,647,2
620,332,1159,2
1621,1248,1070,3
1810,902,1498,1
1558,1409,610,2
364,687,246,3
116,191,1122,1
1411,888,1498,1
393,834,1553,3
1059,653,912,2
138,1480,1490,2
176,814,515,3
775,1096,234,1
1240,1003,251,2
933,57,1757,1
771,634,715,3
1448,721,1388,2
825,369,978,3
624,1446,754,3
1075,1394,328,2
1537,1518,215,1
1491,1251,1227,3
182,730,1612,2
1081,1115,721,3
1422,1524,1411,3
1755,1355,1785,1
665,481,752,2
29,446,1476,1
179,698,1813,2
20,825,1053,2
1354,1104,131,2
123,1806,858,3
1046,506,463,3
116,1040,210,2
375,202,103,1
1280,449,810,1
237,914,679,2
102,1383,219,1
1218,881,1696,3
833,844,659,3
1049,1581,952,2
222,1466,1289,1
545,1519,449,1
1133,1220,834,3
1151,1668,826,3
1548,589,1735,1
185,1388,920,1
1093,1060,1080,2
876,1396,85,3
607,968,508,1
1434,451,1760,1
418,1116,398,1
319,1658,995,3
1216,1070,871,2
227,1746,41,2
145,8,668,3
642,870,1268,2
75,509,1221,2
283,334,1121,1
830,1587,852,2
257,1207,674,3
860,1413,596,2
1389,203,257,1
1260,655,302,1
309,1632,93,1
872,1290,735,2
634,1124,29,2
1639,1008,565,3
733,1662,1629,2
922,497,513,2
1306,1285,105,2
514,1821,206,2
1699,319,483,2
1077,458,1530,3
613,1833,1528,1
710,128,945,1
1097,1849,845,3
1554,599,209,2
1807,1785,278,3
1591,807,281,1
1157,1183,276,3
146,1642,625,2
32,302,1037,1
3,1492,276,1
1744,505,813,2
563,890,1309,2
872,546,459,2
289,1371,1441,1
1400,909,176,1
1442,1269,1357,2
1548,610,193,2
421,93,1538,1
1557,146,1070,2
1173,467,1657,1
1572,708,380,1
137,1765,238,3
1488,1513,90,1
1224,1434,890,2
209,1020,648,1
821,730,1393,1
350,865,316,3
1005,1360,1435,3
1689,1318,502,2
1219,1673,197,1
1800,737,359,1
1555,1605,261,2
606,796,260,3
1253,1699,1310,3
1752,1209,1050,3
872,930,370,1
1615,300,1019,2
874,1265,1126,1
1596,1463,1763,1
1127,1146,1261,1
1683,1319,644,1
1347,519,1115,2
1613,1413,1539,2
841,1460,268,3
1369,752,960,2
1081,1405,847,2
969,1008,87,2
1432,572,431,3
1310,1760,1630,1
623,1704,114,3
727,383,1677,1
1471,92,1408,2
1457,581,793,2
1405,999,1284,1
1049,1053,990,3
1398,1443,850,1
434,242,289,1
1815,492,726,3
70,1783,1172,1
1148,118,880,1
1725,686,949,1
407,183,128,2
1503,1491,1847,2
139,1099,46,1
1153,335,1006,1
1184,954,1278,1
380,593,1325,3
1019,274,1086,2
849,1233,649,1
560,814,14,3
508,671,1392,3
1329,1052,856,2
1641,1703,256,1
1790,1244,742,1
1295,277,1433,1
848,827,1479,3
461,443,12,3
1241,1719,957,1
683,47,302,2
1117,1588,406,2
1694,1357,882,1
18,310,1074,1
371,541,1325,3
162,292,1126,3
1273,39,943,2
1049,251,389,3
131,343,483,3
248,1758,254,2
665,465,132,1
1555,723,1606,2
986,16,118,1
1544,1780,1029,2
1258,1813,1039,3
1509,1192,1542,3
1265,1372,451,2
1726,144,105,2
1270,1547,513,2
1619,1707,195,2
1605,751,325,1
203,147,312,2
879,383,1446,1
1531,1781,493,2
525,284,1681,3
866,1530,166,1
605,1141,560,2
1494,941,1711,1
1708,1150,1322,3
43,1245,773,3
1384,744,1169,3
10,66,580,2
1774,517,1356,1
989,1029,803,1
1571,308,1720,1
893,317,1010,3
1252,828,1356,1
244,322,228,1
91,156,917,3
1221,112,1112,3
190,1055,633,1
770,1402,1801,2
407,1352,369,3
655,382,1036,3
898,742,31,3
845,1127,1575,3
909,1116,768,3
645,474,1118,2
1393,477,468,2
1082,226,546,2
1260,1269,1276,3
1718,24,213,3
681,1470,1388,3
1206,1220,1367,3
516,300,1367,1
335,1584,825,2
693,533,879,2
527,130,1033,1
906,475,197,3
1112,323,968,1
1037,364,421,1
1118,1425,693,1
838,1177,116,2
673,1018,1619,1
1105,369,616,3
607,157,1545,3
68,1368,83,3
1653,811,1574,1
1758,848,1033,1
1202,1204,1175,1
805,965,410,2
1651,1852,556,3
669,767,1407,3
1835,165,708,2
864,848,1649,3
220,1840,1667,1
916,1549,738,1
1313,201,1554,2
581,949,851,1
610,712,1710,3
1308,847,1586,1
952,543,1367,1
223,1347,1611,3
705,1535,1254,3
908,1500,1066,2
1501,703,473,2
1360,1551,1757,1
11,237,201,1
480,1095,1852,3
1737,1680,1516,2
1410,319,13,2
113,729,297,2
1182,822,1421,3
1708,1475,1357,2
994,899,1099,1
485,1170,1482,1
364,1088,1280,1
570,206,788,3
1099,1666,679,3
314,1560,1335,2
1121,570,830,2
176,939,467,3
1760,532,780,1
336,459,1733,2
1722,1406,1134,3
350,319,1510,2
732,21,1657,3
1660,826,623,3
885,1215,1477,2
1064,743,143,2
689,822,1773,1
913,1536,884,2
1229,93,147,2
1347,6,1427,1
493,1248,1203,2
653,1306,1106,3
567,267,1810,2
609,95,1036,1
1520,68,1315,2
906,318,1608,1
1647,340,1022,3
1599,1290,820,1
1660,683,136,2
860,31,663,1
361,635,768,2
1062,1323,1054,2
1728,1136,475,2
1128,755,932,2
592,1378,219,1
1350,1323,1829,1
908,511,293,1
205,118,1095,3
1231,159,1646,3
1398,541,1111,2
543,477,1634,2
1622,1819,418,3
448,1608,1261,3
768,755,1852,3
610,918,1451,1
1315,164,429,3
310,1146,856,2
1594,752,1491,3
1790,1419,113,1
1153,1640,8,2
1308,1260,1630,2
1465,605,1735,3
463,523,1149,2
1129,794,1018,2
483,1488,1524,3
976,1196,1724,2
1043,1723,769,1
1047,1329,248,2
253,1062,1278,2
238,648,463,3
780,1346,259,2
1124,309,577,1
1385,827,429,2
283,458,1681,3
1588,1375,598,1
663,1025,1550,1
1630,1825,1724,1
1424,423,178,2
1454,1723,606,3
1215,109,350,1
680,1223,1576,2
1134,1827,4,2
189,1453,653,2
152,1842,1008,1
1332,842,789,2
1096,463,952,3
867,160,1679,3
189,1025,1829,2
1495,1538,775,3
921,314,530,2
1577,525,220,1
1629,722,1294,3
1339,1389,1332,3
1790,1346,867,2
13,672,1325,1
1352,307,665,1
1247,146,244,2
129,988,726,3
1482,1076,311,2
408,1248,1351,2
406,1714,1816,3
68,272,1508,3
297,687,1511,1
212,1052,1196,2
1352,1551,1815,1
1612,1654,1801,3
173,391,1575,1
1028,1381,548,1
1278,902,1068,2
1464,787,27,3
581,1346,957,2
699,228,97,3
740,892,766,1
1113,8,142,1
1233,697,1360,1
1391,976,1446,2
549,661,255,1
706,630,91,1
646,1385,453,3
1784,1707,378,3
1180,1333,930,3
1200,894,38,2
894,211,1217,3
252,1807,849,3
1742,54,49,1
165,1643,1430,3
1768,727,111,1
33,1490,1234,3
1478,1269,1094,1
1781,1182,1445,2
394,209,615,2
653,568,1568,1
1845,1554,1722,1
203,1036,1766,2
1584,837,1456,1
1145,63,448,3
1347,365,1409,3
1598,11,1628,2
786,745,1821,1
1609,1580,1699,3
1057,926,775,2
1594,703,445,1
313,1368,1191,3
1729,918,1060,2
1297,268,1607,2
1324,993,1783,2
1003,496,1794,2
882,296,1325,2
205,390,33,2
34,138,1489,3
285,574,724,1
680,769,330,2
1679,978,586,1
1350,939,105,2
879,1007,1359,1
1643,1098,273,1
1377,712,511,1
515,1004,1596,2
18,1812,1518,3
753,517,361,1
251,1831,770,3
1267,514,1845,2
1256,995,1706,1
819,264,63,1
1120,1488,430,2
923,1528,244,2
789,1181,233,1
37,1776,456,2
1628,1754,1801,3
1798,1677,1335,2
6,967,280,3
1545,614,75,2
773,804,384,1
455,678,509,1
1605,283,310,2
1717,35,115,3
1714,1752,1149,3
1389,441,736,2
846,657,1804,1
1282,756,1699,3
514,1799,568,1
1343,957,82,1
344,179,1823,2
1487,1738,148,1
392,1308,334,1
1103,520,171,2
1081,490,556,1
761,1488,1711,3
874,1129,1590,2
408,808,1010,1
406,1001,1500,3
1266,53,1117,1
1523,1837,1565,3
842,181,381,3
1661,949,1364,3
1728,1675,67,3
1073,410,470,2
271,800,1628,1
936,352,1089,1
1146,1295,737,1
579,1186,215,2
1061,1590,1618,3
796,741,1845,3
1414,1805,1335,3
925,1700,604,3
1009,1101,958,1
840,726,1056,3
286,305,1792,2
567,718,247,2
781,269,1578,1
845,417,36,3
1769,665,60,3
607,527,1396,1
317,175,1504,2
809,1309,986,2
1174,1153,413,1
446,1025,1709,2
223,439,1745,2
480,261,581,1
489,156,1245,3
1114,1057,1157,3
894,1513,198,1
603,533,526,1
985,881,800,2
409,1687,925,3
1688,423,1386,1
1129,1118,527,1
844,792,1729,1
803,1272,797,3
481,349,1357,3
1264,512,765,2
1076,1040,1196,1
786,1037,52,1
1139,1247,1709,2
1797,731,571,1
204,1258,1094,1
786,1403,208,2
989,1798,272,3
734,47,1695,3
1337,467,1265,3
491,107,805,2
591,187,298,2
1480,1540,1125,2
140,1230,649,3
958,1175,381,2
688,739,689,2
1297,176,276,2
1002,419,921,1
1689,235,926,1
1195,882,340,1
1383,100,218,3
431,1500,1794,2
1492,1375,149,1
1747,1710,1317,2
215,1806,1257,3
213,257,1650,1
1032,835,28,3
381,365,1799,1
1274,897,63,3
657,1640,612,1
345,548,489,2
190,1057,1131,1
731,1646,1158,2
518,855,996,2
1150,1751,69,2
1088,1228,1695,3
428,1291,463,1
1390,1828,637,3
206,1614,368,1
810,746,448,3
900,1638,926,1
1602,583,981,3
573,721,513,1
484,865,888,3
1545,506,1047,3
1449,7,245,2
708,640,417,3
797,743,834,1
1043,1344,733,1
625,1729,389,1
1311,439,977,3
803,173,682,3
266,1649,110,2
153,1648,1028,1
496,745,1728,3
634,1452,833,2
1593,130,520,3
1389,1502,3,2
754,839,1174,3
767,1147,640,1
1632,1850,89,1
1385,1551,339,2
362,1853,207,3
151,1478,141,3
8,1257,1561,1
1628,70,1438,2
1175,1141,1048,1
890,694,772,3
429,1290,1216,2
1644,526,1795,2
859,1236,1795,1
1056,959,513,3
651,1523,1439,3
1360,1644,1571,2
1461,891,1282,2
794,563,1259,3
809,1336,1599,3
828,1492,232,2
1419,1167,1132,2
523,885,1575,2
791,1672,1134,2
1400,1097,1278,1
1454,1447,414,3
1629,739,449,1
1125,938,423,1
1797,1849,824,1
254,1433,1634,2
60,628,1056,1
1180,838,1019,1
582,1416,575,1
1423,494,1422,2
548,411,440,2
1736,1529,1499,1
40,1777,46,1
1070,676,666,2
1028,1323,1679,1
1515,651,755,2
835,1334,31,3
1750,49,151,3
826,1274,158,1
4,358,325,2
1497,154,1350,3
786,1498,384,2
540,1749,103,3
1233,530,1773,3
293,488,1045,1
604,1062,559,2
1792,1378,1312,1
999,389,1091,1
1724,1175,1578,2
424,590,1255,3
1142,694,1723,2
80,1058,840,1
230,805,934,2
112,407,618,3
1149,1674,1274,2
1441,895,983,2
235,1237,527,1
1500,1582,89,1
1661,939,147,1
1841,735,381,1
827,1844,1801,2
886,1180,255,1
1722,1542,880,2
1472,272,1311,2
1642,711,447,3
685,53,422,2
219,1645,1534,2
1466,373,1249,1
1554,1399,1382,1
1118,559,618,2
1594,1188,1327,2
593,1543,853,2
941,13,465,2
1117,1216,1581,1
815,617,1796,3
905,383,1035,2
452,1779,1578,3
374,1131,707,2
1563,1395,624,2
1186,708,890,2
205,542,1704,2
44,1396,607,3
410,97,1472,3
617,506,192,2
1121,1796,341,1
1640,1319,1482,1
1022,1319,1476,2
480,684,1373,2
1249,1048,668,1
1053,1078,180,2
972,1696,1357,3
140,1757,1826,2
148,215,1312,1
951,1827,1584,2
1192,1321,1082,2
1429,1218,1539,2
1406,711,781,1
1215,1313,844,2
1140,719,703,1
228,1766,51,2
572,700,1029,3
1452,1435,1090,2
1338,1694,1288,3
1687,246,816,1
666,129,1415,1
758,1419,1645,3
939,1218,1261,1
1564,1546,1653,3
1164,276,1744,2
1217,726,129,3
1605,127,1399,2
1513,1227,1685,2
413,1057,106,1
9,451,1209,3
522,937,730,3
748,1762,1746,2
1741,1406,464,3
15,685,769,1
818,1381,619,3
949,1666,61,2
537,998,1726,1
523,8,1065,2
832,1264,602,1
1028,153,311,2
135,1762,144,1
846,652,932,1
878,303,1124,2
1391,458,445,3
257,1468,471,3
832,282,6,2
287,1670,1050,1
1529,514,217,3
894,1200,400,2
170,975,1647,2
1573,1232,1594,2
1617,334,1634,3
424,293,1239,2
959,1677,198,3
280,116,1127,3
1722,874,1366,1
94,63,1553,1
1760,922,428,1
468,133,540,3
1195,1039,436,3
149,899,1101,3
1132,706,511,3
145,227,809,1
1092,1629,835,2
977,1364,914,3
191,29,734,2
100,340,383,3
284,360,767,1
347,694,447,1
224,1561,975,2
1103,1252,1043,2
1675,1806,1118,2
72,1111,309,2
234,842,665,2
1833,476,119,1
753,313,1280,3
1434,478,1380,3
836,1562,1083,2
933,1849,521,3
38,913,1605,3
750,513,1671,2
259,11,984,3
1733,1750,80,1
1146,778,584,2
1603,208,1751,3
1381,1551,659,2
1329,497,774,3
710,1719,51,3
1168,1395,773,3
751,795,44,3
1696,1504,361,2
1294,826,1438,3
180,1217,350,2
1854,1632,1577,2
839,247,838,1
695,761,463,3
1412,859,755,2
1046,1374,1098,3
1330,1392,1643,3
1489,791,1522,1
1267,1273,1041,2
1257,104,1642,3
110,1224,1327,2
39,1547,429,3
181,851,1243,1
201,736,1611,1
939,776,1608,1
1181,668,1435,1
1425,1636,1650,2
1113,1700,515,1
123,1187,1241,3
175,444,213,3
91,1133,1003,1
1470,292,1841,2
1128,1319,1388,3
1541,592,420,1
528,699,228,1
777,761,1616,1
1196,493,911,1
1668,785,1603,2
1470,1120,802,1
1497,864,1179,1
1444,472,1687,2
1387,665,760,2
1214,750,1667,3
1336,949,1331,2
1320,384,482,3
1639,1845,99,1
517,1000,1167,1
1030,221,290,1
1499,323,452,2
1430,874,1699,1
672,1044,1700,2
1248,1537,1633,2
1732,682,1226,3
130,859,1626,1
1038,1408,1194,1
1616,1626,926,3
696,1378,716,3
1308,243,1504,2
1746,59,1485,1
641,217,747,1
126,916,531,2
841,469,1000,2
1179,171,1554,2
870,757,129,3
1572,798,1074,1
630,1113,1426,1
770,1412,1337,2
1449,641,548,1
737,620,1178,3
1250,190,10,1
1517,946,780,2
1674,809,705,2
1184,1720,130,2
737,367,1654,2
960,3,984,2
474,1714,1711,1
694,1779,652,3
1194,1033,1247,3
1415,1632,1628,1
1256,516,652,1
1269,123,974,1
892,1476,1364,2
1260,1404,1124,2
1246,635,35,3
1065,643,544,3
1701,126,1665,3
927,751,874,1
1355,119,1381,3
718,549,655,3
950,1849,741,1
1563,41,17,2
117,556,1669,3
311,1258,113,1
294,1314,1054,3
1131,1628,1573,3
636,1030,1159,3
543,662,90,2
756,1069,1562,3
404,1558,195,1
946,874,285,2
1552,1416,1124,2
1328,457,1432,3
1429,1124,1420,1
161,1497,560,2
1224,281,1529,2
1059,542,1716,2
501,1395,1435,2
1338,1689,767,3
1628,686,1221,2
247,1375,369,3
1386,1783,653,1
1361,1079,1200,3
510,909,838,2
1364,1683,1510,3
614,198,1458,2
273,346,1371,2
29,1564,1713,3
1401,16,40,2
464,1554,831,2
1324,152,1349,2
800,1433,253,3
1630,637,1193,3
1756,717,254,1
419,944,1159,1
1765,292,1466,2
1077,210,1134,2
325,221,681,2
51,555,1653,2
1463,903,634,1
1392,91,95,1
215,15,488,1
1368,1331,228,2
1807,1606,1783,2
1335,466,1779,3
644,1312,763,2
353,1150,665,3
867,713,122,1
647,631,999,1
510,1469,801,2
964,1672,1348,1
1278,1470,1136,3
112,353,1071,1
919,1694,721,1
620,637,137,2
1580,1332,960,1
231,1292,1387,3
20,861,1134,1
1219,1613,1733,3
1274,1321,1271,2
450,1569,1034,3
1364,730,238,2
694,688,254,2
261,223,1369,2
1766,1369,1525,3
1102,1818,18,3
389,270,1690,2
341,331,1684,3
804,10,1279,3
1755,311,1238,1
857,105,199,1
1694,570,1528,2
525,1825,934,1
1082,791,482,1
309,1744,177,3
905,1507,235,1
432,1815,1059,2
1741,666,1630,3
948,818,754,2
612,1106,163,1
1189,408,1270,1
1748,339,1587,2
1215,879,872,2
722,537,684,3
1476,113,1179,3
1153,1579,39,2
1386,544,656,3
246,586,1280,2
553,1172,1848,2
206,1452,665,3
316,222,1239,2
184,1769,781,2
1131,198,1844,2
1471,521,618,1
604,912,376,2
654,18,988,3
686,1519,170,1
981,1603,1108,3
1735,146,1293,3
1649,321,1699,1
906,1538,586,1
1686,470,1196,2
130,1461,7,2
1254,1677,472,3
1354,18,754,1
1280,909,693,1
1125,949,1559,1
125,479,1304,1
1707,236,198,3
1743,1403,869,3
494,142,623,1
198,1145,1437,1
1262,1474,1315,3
957,1794,162,1
20,422,1245,1
1480,1528,675,1
1756,1511,1577,1
1702,969,1426,2
304,871,1672,3
634,131,431,2
591,1286,508,1
866,100,777,1
970,636,1261,1
1592,550,243,1
7,1701,458,3
705,1475,291,3
600,156,1055,3
252,790,574,2
180,632,295,3
196,706,1801,2
917,701,944,3
1817,130,1592,1
426,1238,466,3
997,1096,1548,2
1566,106,605,2
457,691,1012,1
975,451,779,2
1527,1225,355,3
688,1351,25,3
1525,1150,1053,3
1603,895,1825,2
1387,1297,180,1
1446,1673,1157,1
80,1820,864,2
1353,1538,1030,1
1510,203,1282,3
972,162,733,1
1442,1182,1081,3
957,399,29,1
1536,328,285,1
415,816,793,2
135,482,52,2
327,336,920,3
1211,239,292,1
660,184,1766,1
867,1406,1395,2
1797,962,1054,2
1209,293,1065,3
1840,1806,571,3
1481,168,1805,3
147,954,1360,2
792,1180,1315,3
1050,1366,1521,3
1325,903,104,1
1761,1673,1687,1
17,1017,1037,2
1549,62,112,2
634,214,1019,3
975,635,1107,2
278,1672,1300,1
1803,785,825,3
1161,1797,1363,1
129,1579,846,2
299,1604,1204,3
993,1243,887,1
688,324,1690,2
752,146,1067,3
109,1296,1658,3
64,1695,1413,3
405,1638,1813,3
1795,1231,747,3
1093,793,1753,1
569,1094,833,3
1675,255,1600,3
1526,1191,692,1
120,222,345,3
791,1792,709,1
1617,79,1750,1
926,1278,105,3
134,853,1577,3
1029,849,748,2
1277,177,1289,3
628,180,537,2
1790,1386,1398,2
31,268,1514,2
407,1365,1675,3
143,711,1207,3
143,1389,260,1
874,825,732,1
848,601,436,3
59,1154,1523,2
1075,43,1252,3
1329,510,637,3
1728,1829,122,3
1622,60,320,3
227,597,354,3
1243,1259,1236,1
584,1407,1853,1
1165,478,461,2
1582,1406,1205,1
1211,492,1647,2
637,1439,1762,3
1315,639,325,1
708,1279,880,3
359,475,1063,2
740,605,1744,1
1800,27,1298,2
74,502,1636,2
1622,4,1091,1
1065,1052,1519,1
1435,1718,337,2
1608,1850,132,1
950,288,1005,1
855,804,72,1
606,654,269,1
564,1676,719,1
1287,366,536,1
276,1673,907,1
864,1401,1381,3
828,1112,1808,2
590,1291,1095,3
1351,943,841,2
1421,254,166,2
1074,1621,1726,1
754,391,182,3
635,1057,1664,2
1217,847,1686,2
1798,274,118,2
1394,295,68,2
1179,75,615,1
185,424,852,3
729,141,675,3
465,985,1746,1
630,301,1195,3
997,835,178,3
240,464,678,2
1265,271,186,2
20,443,311,2
611,1233,1762,2
1288,328,1316,3
154,1790,885,3
1048,1313,1794,1
1582,306,775,3
1219,556,1656,3
1063,486,1220,3
1574,362,124,1
1763,274,104,1
1425,1634,858,1
184,946,1046,3
1546,222,1726,2
1413,806,317,1
1687,1519,1298,1
102,382,619,1
1412,1119,101,2
897,917,1363,3
1242,1320,1654,3
320,1074,285,2
953,1829,800,3
53,1038,801,2
1558,834,648,2
1650,1775,942,1
717,926,1035,3
375,1184,1410,3
914,338,977,1
1243,674,1063,2
1636,106,959,3
1469,891,1515,1
93,84,608,2
6,1376,506,2
1245,1301,174,3
914,993,1082,1
1501,571,129,2
1610,547,1005,3
90,452,1005,1
216,1163,921,3
833,1550,524,3
1328,1770,268,1
1327,1377,504,2
1529,113,341,3
1710,344,1534,1
1034,155,1754,3
1791,166,1148,3
148,817,1498,2
1152,483,1011,1
469,538,704,2
920,1440,1468,1
1195,1382,1524,1
172,790,692,2
956,1208,969,2
1594,1763,1745,2
1336,1732,961,3
798,125,1378,1
1660,1713,1657,2
595,781,513,1
1236,1592,366,2
1621,718,164,1
1438,756,1171,3
481,656,937,2
316,1339,519,1
1412,1661,933,2
711,1543,1536,3
621,818,610,1
1177,764,574,1
1690,469,977,2
1417,653,1212,3
137,1385,315,2
986,560,1792,3
1449,484,104,3
1525,529,90,1
1078,130,458,2
743,1436,309,3
1066,28,1346,3
901,710,1746,3
1499,291,812,2
618,465,650,3
114,128,15,3
248,558,223,1
1255,1580,915,2
473,9,818,2
1412,1188,849,2
779,321,1257,1
1642,795,613,1
861,1478,743,3
1589,1667,987,1
426,1625,1772,2
633,433,1653,1
511,1561,543,2
989,1734,521,2
199,184,524,1
362,1501,1197,3
1312,1163,505,3
1834,1508,113,3
942,1603,34,3
665,330,701,2
763,1448,1089,2
840,1420,815,3
491,701,1179,3
647,1234,1747,1
292,1464,1207,1
1722,146,347,3
1812,543,1313,2
1501,518,910,3
803,485,712,2
763,265,1353,2
1309,1465,795,3
979,557,6,3
691,294,1508,1
1616,1415,342,2
1354,163,526,3
701,1597,1166,2
641,215,1137,2
1703,1790,393,2
1577,1815,1332,2
1775,1162,1292,1
387,562,1695,1
754,411,1697,3
1361,1275,1271,2
1194,550,1719,2
1560,1772,1109,2
1455,13,686,3
788,1829,785,3
757,693,74,1
71,1508,1510,2
1468,1664,731,1
302,1034,1621,2
1088,97,1380,1
1564,1359,364,1
1113,627,504,2
242,19,406,3
1582,1393,781,2
5,604,928,2
1061,1697,443,3
37,1693,1090,1
1334,26,1345,2
1041,1123,1584,3
256,366,1207,3
1105,165,287,1
1251,844,500,3
448,313,563,2
1849,303,1350,2
615,1669,1338,3
904,575,168,1
441,1594,1540,3
364,1489,1374,3
1462,865,951,1
1220,1244,1683,1
1570,406,1681,2
1361,1351,1696,3
1217,375,410,3
978,18,291,3
1669,1356,915,2
1548,1577,50,1
428,354,772,3
1461,183,1212,3
573,183,1068,1
1634,1649,39,3
632,863,1841,2
756,1089,1609,2
1277,1325,5,3
684,606,1403,1
1680,281,344,3
206,344,1256,2
900,1295,1147,3
1279,347,1606,2
1082,1083,201,1
231,1594,1153,2
1552,182,589,3
1346,615,1380,1
1827,622,709,2
1238,962,443,3
1421,1847,1104,2
898,1646,459,3
1355,1080,1246,2
1580,1523,1572,1
1034,434,724,1
425,1138,1675,2
440,699,1412,1
203,583,440,3
674,1185,134,2
1387,1059,677,1
1519,1340,1527,3
1420,48,923,2
1382,650,215,3
57,155,1645,1
1753,911,593,2
315,797,1594,1
27,1468,644,1
1820,1623,1581,1
1496,1769,540,1
213,807,1454,2
1554,1300,738,1
1696,454,751,1
1450,998,927,3
1402,838,1840,1
152,1583,1458,1
1042,1212,1139,2
172,1753,740,3
1819,181,108,1
1825,421,1423,1
163,716,1251,2
358,539,348,3
163,1639,863,3
449,980,717,1
771,86,144,2
143,387,577,1
462,218,1116,2
470,1182,457,1
830,706,892,2
10,940,1376,2
1691,1652,1464,1
321,1044,1657,3
439,1563,1629,3
1331,929,995,2
1406,89,312,1
1162,890,98,1
1295,1276,1692,2
956,1737,1445,3
873,833,1141,3
1465,418,1498,1
1170,217,33,2
569,1641,726,1
485,1318,655,2
50,1811,92,1
365,1232,1342,1
136,1722,878,2
604,1130,187,3
955,1713,155,3
1698,379,116,3
632,697,291,2
1718,430,1795,2
610,1218,1248,2
222,963,1707,2
830,208,776,3
297,981,608,1
1623,274,96,2
1309,11,330,2
1268,945,1750,1
1520,1794,111,3
616,932,660,1
162,1771,1721,1
895,1669,376,2
743,1679,801,2
771,869,684,3
713,613,1255,1
1451,245,1306,2
18,880,809,3
1367,1256,87,3
95,1587,579,3
850,1703,822,1
11,1541,9,2
1829,134,1457,1
1441,1822,1171,3
1667,176,438,2
1198,1228,1495,3
1742,446,1240,1
693,1406,1489,2
985,257,1754,3
1130,695,900,3
36,1097,1418,3
1606,1467,1010,2
1143,1715,668,1
1309,1061,443,3
1603,1736,671,2
317,385,1161,3
676,900,837,1
1507,1164,1027,3
1599,1120,751,2
738,491,1628,2
900,1177,818,1
69,809,61,2
567,395,670,1
1179,395,642,3
224,702,486,2
1017,224,1396,2
785,1481,166,3
474,814,830,2
690,1813,1440,3
1162,337,32,3
674,1832,1791,2
678,1324,855,2
1086,1163,1180,1
553,1352,1380,2
835,1189,1400,3
638,1072,1727,3
654,1763,1614,1
1451,1646,1586,1
1267,1766,1809,1
419,385,131,3
852,1775,980,1
490,28,1167,1
1370,1622,399,3
235,844,1124,3
628,1336,293,1
1673,119,956,3
4,1750,1529,2
544,1289,460,1
1436,2,281,1
1825,692,1215,1
1255,907,1464,2
976,979,585,2
1065,1744,4,1
539,1133,696,2
236,928,787,1
423,1186,1383,1
776,1603,93,1
632,429,835,2
1365,1536,238,2
265,1513,147,3
425,99,674,2
529,1600,395,3
1479,1268,939,1
1611,1325,446,3
1033,190,734,3
1482,1071,1648,2
1717,304,1828,2
1551,976,620,1
1002,386,884,1
1243,418,491,1
1642,631,1643,2
1821,58,363,2
843,668,291,2
1429,556,854,2
345,276,288,3
416,226,1519,3
1681,26,1787,2
1667,1814,737,3
1047,559,1114,1
1078,1479,1776,3
878,443,475,2
913,1611,1310,2
880,1031,114,1
1083,1381,717,2
805,1372,1785,1
1644,417,768,3
1142,919,1321,2
1831,435,448,3
506,1435,1768,3
576,1502,1635,2
1055,433,683,2
580,1526,68,3
592,1710,345,2
179,757,1777,2
1294,1376,1349,3
537,863,1612,2
173,138,718,1
904,1755,62,2
520,340,1566,3
1047,1616,616,2
680,614,1676,3
856,207,581,3
917,1534,1390,3
415,1489,1732,1
729,681,106,3
21,1839,630,1
1701,1481,1405,2
1360,842,17,3
854,1380,705,1
1436,1492,760,3
1289,1417,1245,2
1152,509,27,3
987,1418,1469,3
174,591,1293,3
186,1852,1447,2
40,327,1799,1
224,457,1228,1
971,340,79,3
1482,1121,331,3
705,631,1382,2
272,1142,1159,3
764,1416,743,1
878,73,398,2
241,1661,1701,1
444,1141,1847,2
1162,166,501,3
1134,757,1345,3
385,780,1079,3
555,1494,855,1
1751,164,1757,2
1184,182,912,3
345,34,1700,2
490,414,474,3
731,189,1344,1
1236,729,823,2
816,1018,620,3
1274,719,805,2
1147,1317,1819,2
319,868,225,1
350,821,1499,1
131,1570,1249,2
1310,1816,1726,2
807,1403,1355,1
961,856,1427,1
408,1778,726,3
1110,1649,478,1
1277,682,813,1
379,1123,666,3
376,1537,184,1
803,323,1192,2
91,145,1140,3
1370,720,1688,1
267,1509,785,1
861,1551,1597,1
1204,789,198,1
1456,594,1353,3
692,180,429,3
750,994,153,3
558,900,1344,2
990,434,234,1
1314,1018,1438,2
759,396,79,2
918,1526,877,1
123,1087,1048,3
1071,1407,1179,1
1102,1606,901,2
1602,53,1499,1
1395,685,1190,2
75,1618,759,2
1236,1045,505,2
295,1332,1801,3
1256,96,906,3
188,159,1829,2
1471,858,463,3
147,1571,1174,2
465,297,109,2
1397,37,166,3
1084,232,1599,2
23,186,251,3
384,1504,1391,2
1440,608,1059,3
1174,236,1398,2
785,582,173,1
1765,1482,1293,3
933,314,1846,1
1854,1796,718,2
1254,1758,56,1
534,1347,906,2
1640,1808,1355,2
952,1832,633,1
1261,817,569,3
1440,716,1582,1
348,1489,1493,1
1426,1626,506,3
354,260,1430,3
993,1368,36,1
91,465,269,2
139,1546,774,1
539,513,1836,1
660,749,1297,2
57,1149,507,2
528,513,1723,1
23,1435,1699,1
1750,158,1151,1
1288,388,1234,1
618,423,1013,3
1850,1743,1717,1
953,1354,1588,1
1850,1381,1548,2
1013,878,561,2
1307,1492,1648,1
538,974,540,2
664,184,1137,2
1852,896,184,1
1809,492,1833,3
18,936,1047,1
493,1555,1640,1
345,1625,1724,1
1275,811,262,2
1298,127,63,3
24,1140,576,1
1570,192,645,3
1315,1501,1610,2
1474,1700,980,2
1641,1562,490,1
1512,1721,831,3
517,245,135,1
1605,1397,1831,3
1728,666,1233,1
1042,1582,322,3
1748,238,566,2
1060,228,1075,3
890,873,1482,1
313,1005,287,1
1367,1724,1613,3
1852,1632,536,1
798,1232,1165,2
521,220,557,3
400,429,1818,1
172,859,730,3
168,72,1260,2
1803,1635,227,1
492,1779,191,3
1549,1245,1772,2
98,1290,466,1
636,1736,1729,1
174,1732,689,2
1488,58,1198,1
1233,805,1219,3
1560,1529,35,1
1787,616,749,1
1840,1494,784,1
1820,1471,241,1
920,1629,350,3
858,1503,452,2
1508,1254,97,1
1460,1814,102,1
1599,694,927,3
1025,606,1033,2
752,201,1393,1
923,835,1822,1
1035,1306,487,1
84,1795,782,3
1799,101,1652,1
1624,923,1142,2
800,1509,299,2
696,314,637,2
34,932,1129,2
101,1818,414,3
408,1648,847,3
1536,1332,1484,2
849,1155,919,2
112,1127,169,2
649,712,576,1
672,9,1350,3
1006,1041,645,1
387,1352,1806,2
157,7,399,1
8,310,860,3
1616,190,1579,1
1808,229,623,1
533,613,284,3
1814,655,822,1
181,585,1173,1
1531,840,325,1
723,1476,618,2
489,1115,1665,2
1704,1356,400,3
219,354,516,3
125,830,1378,2
385,485,1323,2
914,377,399,2
916,1143,299,2
1596,317,897,1
921,683,751,1
1239,1258,1748,3
891,1198,380,2
1726,422,1358,1
525,248,881,3
1329,1702,261,2
1657,449,1022,2
797,1092,1711,1
1028,1359,1217,3
919,408,1034,1
861,947,1742,1
742,536,999,1
16,675,468,1
690,1265,1377,2
1038,1854,1794,2
490,1341,1092,3
138,734,1455,3
764,1229,678,3
848,1364,356,1
1771,126,1459,3
412,1686,1479,2
340,982,365,2
1591,729,265,2
1629,607,124,1
1144,393,888,2
1625,157,1423,1
513,1229,1747,1
492,1372,1791,3
667,1706,1803,2
1666,47,31,2
260,1265,1427,1
765,15,558,1
1236,789,1674,1
328,603,1098,1
1634,393,182,3
127,1201,730,3
1011,469,1653,3
1065,355,1519,1
860,669,1238,1
1273,1455,493,3
1700,458,1580,1
1512,389,127,1
695,872,1589,3
1444,997,1832,1
1714,1023,367,1
1364,222,925,3
1213,92,995,3
1569,639,787,2
575,4,26,3
1156,964,1649,3
1514,681,643,2
64,1466,1149,1
1105,429,613,2
19,1833,1109,1
1645,1066,430,2
1140,1095,1117,1
1841,1090,1198,1
1363,364,332,2
491,815,1214,1
1705,1082,1399,2
1189,179,1576,2
136,1336,1040,2
403,1659,1794,3
339,1637,808,1
1062,1498,1842,3
1221,646,1282,3
197,599,1404,1
190,265,1231,3
1406,1141,278,3
1564,1011,1017,1
1295,882,792,2
1237,1377,1001,3
1146,311,1821,1
799,1185,1703,2
684,1062,977,1
155,1009,941,2
1712,426,302,3
142,1355,189,2
1281,595,379,1
1656,1576,1106,2
803,964,14,3
1509,1854,672,3
620,417,1112,1
274,1664,1545,1
1477,1568,1048,1
1578,691,1846,3
1588,1463,397,3
1820,761,901,2
1448,441,803,2
823,1506,1650,2
1608,1161,274,1
226,1581,521,2
764,1328,299,2
565,361,806,3
843,349,821,1
1148,856,1438,2
230,1547,1225,2
16,1357,356,1
673,423,532,3
1456,1363,82,2
1234,1817,834,1
187,284,843,3
1470,303,714,3
300,875,1345,1
1007,75,1147,1
1306,1314,710,2
761,1422,134,3
738,630,373,2
753,1582,1136,3
1034,1515,1474,2
52,447,930,1
1315,1080,132,2
356,1454,1553,2
528,1305,1317,2
133,1216,1706,2
791,1607,314,2
378,1362,53,3
421,1502,187,3
750,1684,931,3
133,281,1221,3
1848,1111,165,3
58,435,100,1
925,1038,34,2
584,984,267,3
1634,667,32,1
1256,65,661,2
1468,439,1040,1
1415,936,1568,2
959,1227,1173,2
1430,127,768,3
450,984,1027,3
681,380,265,3
611,41,486,2
1312,738,1228,2
495,1701,576,2
833,1220,878,1
1154,1377,1482,2
361,297,1315,2
1824,269,747,1
1046,1013,1478,3
1136,1198,1835,3
935,517,1536,3
486,1553,397,1
1796,1637,909,1
481,681,1215,3
198,509,1378,1
527,397,1306,1
571,220,526,3
1737,1241,702,2
1121,1321,1527,3
1766,17,337,2
691,137,885,3
305,1050,983,3
117,1771,510,2
1022,1499,1040,2
871,391,1525,3
126,644,1411,3
1623,685,1519,2
762,64,1684,1
622,620,1203,3
950,661,778,1
198,1145,1854,2
452,1217,625,1
329,723,556,2
1693,1363,192,2
651,753,991,3
470,1831,91,3
1396,1177,1434,1
1677,622,399,2
780,1802,60,3
1213,533,1797,3
175,1313,1798,3
376,1054,1490,2
62,765,7,2
1619,1159,1569,2
1176,1296,1222,2
376,136,1787,3
102,1588,1354,1
933,1764,270,1
1677,1438,1763,1
937,1051,1592,3
1323,67,654,2
1525,1144,1589,2
17,857,616,3
905,1537,212,2
64,1500,1730,3
1820,1202,766,3
510,1417,391,2
920,1478,1692,2
1380,1453,736,2
1074,1321,1706,2
49,1576,550,1
1480,1649,1175,3
1784,1682,1525,3
743,1528,56,3
844,629,425,2
1829,1024,1312,2
169,28,1744,1
1725,1159,970,2
1743,1552,1246,2
473,1486,128,1
744,516,348,2
821,1804,413,2
1778,431,13,1
391,103,1235,1
1320,171,1409,1
1316,358,870,1
572,273,1453,2
552,284,893,2
1742,1625,1391,3
1750,1084,1074,2
1696,269,1754,3
1466,1474,503,2
1782,394,1204,3
1316,97,1581,2
1721,886,1037,1
439,1670,1018,3
1038,907,1619,3
968,1171,116,2
883,114,1523,2
1443,497,246,2
1014,1552,564,3
931,1454,1251,1
587,1744,1126,3
317,1339,731,2
1824,909,1032,3
1643,776,2,3
1642,1558,1003,1
186,587,51,1
794,1644,279,1
903,699,559,2
428,119,1677,1
420,433,724,3
1119,1797,1441,3
1479,1291,560,1
1254,186,1626,1
1743,169,340,1
1181,1670,839,2
547,418,226,2
441,768,826,2
1775,281,1010,1
1788,361,1580,2
528,906,179,2
1504,1839,58,2
223,288,186,2
908,1801,488,1
928,59,638,2
807,826,240,1
533,1781,1252,1
458,324,1817,3
251,856,1753,3
156,910,1749,1
981,1637,545,3
605,1492,853,1
73,416,1085,1
469,1152,1557,1
1325,895,934,3
1529,351,813,2
1596,502,824,1
844,285,679,3
243,463,229,2
99,1297,561,3
336,1468,1388,2
794,1652,1692,2
952,995,290,3
526,1634,49,1
659,1225,700,3
885,1094,313,1
64,825,1835,1
1439,1832,1194,3
33,694,506,2
1437,610,1356,1
1097,1310,398,1
323,1184,1522,3
1663,1578,837,1
1561,929,1159,1
1728,1745,509,1
1428,419,1383,2
809,1196,527,3
414,846,336,2
343,439,1644,2
135,1480,1009,1
1783,1015,827,2
1407,1452,86,2
1039,309,288,2
1328,93,751,2
1428,620,463,1
1720,1264,915,3
1258,119,960,1
1317,257,107,2
721,283,1723,2
1733,1797,1356,2
270,1648,770,1
625,1143,1244,2
1617,1397,1578,1
1617,1092,448,3
1132,1825,1386,2
515,992,462,3
943,386,999,3
287,897,648,2
541,829,1259,1
1309,640,761,3
782,661,61,1
1285,1335,1669,2
1734,425,1091,2
1445,1294,582,2
134,602,1578,1
299,1164,1190,3
1199,341,415,3
898,98,1415,3
1600,273,1635,1
1504,1419,663,1
1116,1321,1770,2
662,1141,915,1
466,1691,987,2
1105,1128,112,2
1068,721,908,3
1493,1468,1216,1
1830,914,1428,2
1455,778,750,3
533,537,164,2
1276,1399,822,3
1666,1027,1347,3
1320,1056,1592,1
224,1219,1481,3
468,1184,869,2
1808,1541,1527,1
1027,1410,182,3
1323,506,1063,3
1490,1254,1372,3
1276,1120,1618,2
1190,554,1394,2
22,155,1256,3
1820,1648,878,3
768,755,1515,3
67,1830,213,3
1362,196,1290,1
1822,393,833,3
198,1091,1269,1
782,914,692,2
263,919,687,3
1150,1268,855,3
1013,310,518,3
288,797,1182,2
1066,622,1137,2
1362,1589,662,2
1273,268,1187,3
617,54,1453,2
1044,833,181,2
700,656,853,2
1825,701,1719,3
1631,750,1290,3
166,1344,1216,1
261,1728,1566,3
975,405,997,1
1051,1624,1682,2
296,1771,424,3
177,115,21,2
1034,1581,827,1
1352,1474,899,3
898,107,625,2
1236,1573,937,3
151,1046,379,1
1034,118,1377,1
496,1051,1818,2
38,1516,1181,1
1131,1305,1553,2
566,773,1841,3
1104,743,449,3
1249,1729,555,2
1570,518,1032,2
1680,315,1135,1
1737,183,1759,2
984,56,1355,3
2,1392,741,3
466,1649,1689,3
489,1139,1297,1
63,1455,1491,2
1745,990,827,2
862,400,1080,1
1356,1179,749,1
787,725,221,1
1519,971,7,2
1838,1752,301,1
555,1627,557,3
598,905,1834,2
184,30,852,3
76,797,1657,2
1344,539,1109,1
1468,635,345,1
1103,1017,478,3
1315,203,1626,1
1637,1618,57,3
1211,769,1188,2
329,1190,1805,3
1088,1063,594,3
859,1724,85,1
77,1561,26,1
1569,805,181,3
1628,22,1225,1
1514,862,1195,2
158,1520,1457,3
536,1349,469,2
1139,1691,1405,2
62,166,255,3
502,1480,1016,2
803,1583,1228,2
423,1733,1022,1
1577,1242,1258,3
1101,228,1246,3
1027,544,475,1
1190,1311,602,3
1682,1726,197,2
742,142,1135,1
822,210,1636,3
1363,1221,188,1
228,1460,1458,2
1840,993,1661,3
788,792,142,2
494,1381,1539,2
730,1635,311,2
597,159,431,1
569,1825,1849,1
916,1206,434,2
901,1322,116,3
593,787,1480,3
1165,1438,921,3
434,22,1744,1
108,165,1597,3
1387,1838,105,3
1331,170,287,2
1136,1763,1335,1
406,1031,1275,1
390,523,556,1
1566,382,1442,3
1130,73,989,2
992,234,494,1
1754,80,189,3
1092,406,1418,1
1504,1641,373,1
1005,1727,447,3
1221,684,1072,1
1495,839,391,2
1414,1614,1269,2
5,571,1179,1
506,1063,1679,2
92,967,1823,1
1723,1760,1711,1
819,701,833,1
83,56,1737,3
1178,188,1497,1
729,1477,114,1
1601,1600,489,1
455,1680,146,1
854,1273,722,1
401,633,578,1
1506,796,1068,1
595,1255,1195,1
951,1568,300,3
1378,1017,1472,1
995,1313,1286,3
1743,1800,1580,3
585,980,898,2
303,768,1806,2
1234,1688,873,3
1301,901,823,3
1176,664,16,3
720,1362,1621,1
264,298,1409,3
437,565,866,3
1442,1707,1745,3
1640,143,1391,1
1147,1242,643,3
591,284,450,1
593,1239,784,1
90,1069,1662,2
176,411,1148,1
988,897,286,1
969,463,1465,2
686,665,942,2
851,425,386,1
861,1447,1015,1
1475,1032,157,2
1695,1528,363,1
1540,1108,1561,1
652,907,833,3
784,947,1650,3
544,1584,1323,1
16,1126,1599,1
1324,1682,1704,1
1033,490,134,1
1819,724,1450,1
1325,90,1749,1
1627,1442,124,1
167,503,254,2
811,1706,1228,2
1107,1419,671,1
254,568,1683,1
1148,77,365,3
310,858,1787,1
7,854,254,3
591,1300,670,2
1643,1840,683,3
671,1204,456,2
1006,338,1658,2
164,1824,1001,1
230,962,836,1
1306,43,84,3
744,239,1198,1
910,268,568,2
1474,387,1663,1
1162,1314,415,3
468,949,303,1
1732,204,1753,2
1187,1623,673,1
728,1376,1226,3
1030,1788,479,3
592,979,530,2
75,222,1266,2
617,1803,365,2
1043,68,637,2
1707,1668,1757,3
535,1563,526,2
513,1483,187,2
1394,1588,482,2
1242,1773,1707,3
1520,1419,952,2
1800,417,1260,2
1032,1249,619,2
1347,272,67,1
262,1420,477,1
403,1442,158,2
517,429,1442,1
1590,1690,1811,2
1786,773,1561,3
233,10,866,2
82,880,43,2
221,1655,1824,2
408,835,226,1
76,1669,379,2
306,1125,1584,2
1829,726,417,3
1115,307,1387,2
1463,257,745,3
361,94,753,3
1660,1613,1262,1
663,812,1319,3
708,1553,627,3
1377,235,191,2
1100,1838,483,3
1067,1389,1644,1
223,751,314,3
1822,1449,1804,2
1802,79,1668,3
545,1219,1302,2
1066,146,872,1
398,1077,876,2
567,863,159,2
1440,1673,956,3
730,173,572,2
415,1136,1490,3
1011,977,441,1
1307,303,899,1
389,733,706,1
543,809,197,3
1753,1321,601,3
1216,240,108,3
1217,632,1546,3
142,1103,1787,2
286,352,477,3
75,91,417,2
429,617,449,2
1398,198,1615,2
1410,304,1109,2
806,234,918,3
576,870,768,1
502,313,721,2
526,44,1585,1
133,979,1796,3
1317,432,1677,1
839,290,978,2
196,1807,1663,1
1150,456,1071,3
800,1061,1701,2
1337,1002,71,2
1178,1685,48,2
606,1400,1474,3
931,623,1191,2
1573,1565,853,1
1724,186,691,2
1343,1705,1563,3
93,209,960,1
1710,915,1760,3
1086,1257,59,1
1688,1773,1509,2
1418,1419,1093,1
1408,498,115,3
702,85,1512,1
78,1281,282,1
693,566,1451,3
870,462,1186,2
405,1801,1449,2
1417,1473,600,1
1670,795,346,2
935,691,1653,1
714,426,1544,1
263,1664,117,2
1606,422,80,3
1493,985,381,2
965,1796,533,1
1298,1695,1152,2
223,1410,1267,1
174,973,416,2
1280,1824,563,2
1277,1368,1840,1
358,327,1087,2
1726,863,1623,2
606,37,633,1
708,1739,1437,2
273,1327,819,1
1803,1361,123,1
781,1825,816,2
1419,1195,1073,3
364,1509,1471,3
1700,1654,612,2
721,1306,1271,2
88,1361,1117,1
1227,1458,360,3
815,832,570,1
668,716,1787,2
35,70,613,1
164,1277,1835,2
1662,251,750,3
1437,1702,419,1
1799,1320,1660,2
539,660,871,3
1630,132,1647,1
665,994,889,3
887,295,1466,3
1140,964,64,1
1365,1519,1739,1
1352,179,1595,1
52,1020,609,2
1629,1540,1041,2
818,781,570,1
881,565,914,2
1473,1262,117,3
1752,1359,319,3
181,1777,1188,3
1419,1819,1205,1
1401,1416,722,2
1727,1502,73,1
977,88,351,2
983,868,812,1
39,634,1660,3
1658,1790,303,2
565,659,1705,1
1299,820,429,3
559,836,1488,1
700,1736,1420,3
78,152,640,3
59,379,439,2
1261,145,735,1
681,263,844,2
1586,1290,1570,1
1254,635,647,3
488,1527,958,3
399,488,603,2
694,858,426,2
1353,1375,283,2
1109,190,182,1
1746,880,770,1
1690,1726,1641,1
224,326,899,3
946,477,1094,2
84,913,1596,2
1449,1311,602,3
326,421,1836,1
485,1099,371,3
1564,113,452,1
695,1487,1158,2
1277,1058,686,1
792,1185,1830,2
946,666,476,1
1552,27,21,2
1058,1506,1682,1
1851,816,933,3
94,1380,1220,3
1736,898,1674,3
1731,419,12,3
940,97,1201,3
990,1715,1761,2
204,1848,306,2
1223,1240,852,2
1293,1603,891,2
36,429,1589,3
698,446,605,2
1514,1742,541,1
1205,1004,113,3
876,839,1789,1
1557,1533,463,2
1838,298,732,3
546,1359,56,3
1230,1430,53,2
1182,1844,175,3
138,1074,225,3
1494,1265,1121,3
1567,1470,1722,3
1617,997,1333,2
1118,957,501,2
383,1092,258,2
8,710,817,1
838,968,1560,2
479,1840,605,2
626,318,637,3
161,979,1700,2
901,1037,212,1
418,1121,131,2
1417,1671,694,3
1293,1270,266,1
380,1151,103,3
374,1780,252,3
295,135,1278,2
32,765,187,1
1492,839,792,1
443,997,912,2
1186,1721,183,3
135,215,945,3
389,838,1487,3
901,1121,1150,2
1477,855,22,2
343,530,325,3
1669,1648,1785,1
1146,730,224,1
806,626,814,2
837,1742,828,1
440,485,1138,1
709,1817,1580,2
1687,1255,816,3
1268,697,442,3
924,940,1545,1
759,1116,1371,2
1347,1042,1449,2
1122,1121,1663,2
591,1758,270,1
411,27,1550,2
1393,1665,1188,2
223,1769,1155,2
1671,394,346,3
102,252,90,3
1159,1072,1757,1
730,1494,125,3
291,677,671,2
1390,1383,1471,1
1758,395,1584,3
1268,512,1060,1
1031,672,217,3
950,1471,138,2
1837,1405,196,2
258,1490,762,2
415,519,189,1
338,1451,1704,1
1706,601,1760,1
258,350,1082,1
334,1651,825,1
965,1679,784,2
50,117,902,1
888,1327,974,2
1519,1421,50,1
62,184,504,1
531,1697,403,3
1175,159,1642,2
807,775,655,2
654,1635,526,3
329,447,950,2
1134,1506,244,1
1639,1367,1157,3
1484,1021,1466,1
1452,192,591,2
1324,874,1454,1
981,1086,709,2
868,1814,911,2
419,5,307,2
1759,671,644,2
1090,1668,1088,3
1008,1690,1122,2
1295,812,884,2
310,698,135,3
810,246,682,2
648,353,1532,3
794,719,1785,3
1718,571,1646,3
865,569,1524,2
1442,482,1303,2
282,1567,1062,2
895,82,1820,2
891,177,1003,2
594,1564,1357,3
1264,1842,63,3
795,690,876,3
1541,422,1047,3
87,500,1830,2
208,1722,678,3
1541,263,1024,1
958,746,1035,3
1464,405,1583,3
849,1316,685,3
1591,213,339,2
1373,512,438,1
599,615,987,3
533,252,694,2
1746,176,945,2
1347,846,1288,3
1337,1533,1606,3
1755,833,1189,2
541,620,102,2
1841,625,1374,3
1405,677,554,3
629,853,1669,2
181,546,180,3
1442,1094,1630,3
1693,101,901,3
1447,980,1669,1
835,1486,1676,1
1679,58,493,3
1281,1415,1817,1
1160,636,36,2
490,1114,1035,2
92,1003,648,1
1510,373,326,2
1764,1287,1626,3
1585,997,139,1
904,1822,806,3
1656,617,1307,3
829,1807,1074,1
980,713,459,3
934,1011,908,1
1548,725,1695,1
652,977,1315,2
1582,455,1737,3
887,1423,303,1
1236,943,1007,2
82,1483,1749,1
737,1475,8,2
157,1108,1009,1
385,709,100,2
1369,1716,1499,3
405,1334,1366,3
1261,850,1770,3
1728,312,16,2
388,1378,358,2
37,76,1155,3
902,739,1749,1
54,151,156,3
1788,1787,971,1
307,984,1587,3
273,47,272,2
950,37,1344,1
144,1256,1167,3
804,1186,766,3
810,337,1764,1
696,1373,458,1
52,386,261,1
1551,1150,702,1
89,938,1232,3
374,1583,153,1
1485,1762,214,3
1075,293,1063,3
915,221,197,1
865,1685,9,1
152,517,1097,1
1353,1254,1273,1
67,1471,1231,2
1248,1585,804,3
279,623,1707,3
1271,926,958,2
219,164,1502,3
1735,43,1104,1
1573,61,1334,1
861,1844,983,1
656,1638,1597,1
231,1432,1101,2
235,1206,1805,1
85,656,720,2
1243,1379,1558,1
1337,572,114,3
1673,1355,992,2
1722,562,1415,3
828,258,1103,2
1594,1603,481,2
835,386,1730,1
612,1071,40,1
556,244,499,3
777,504,936,2
122,1123,1427,2
1573,129,750,2
781,317,1631,3
1009,1220,287,1
996,1751,1217,3
1516,508,307,1
773,1454,1003,3
1289,527,706,3
932,1272,240,1
142,1204,807,3
700,871,526,3
142,734,1038,1
1295,1036,38,2
1620,1418,841,2
1729,1708,981,1
1391,1057,1389,3
960,439,75,3
1430,1007,1293,2
1029,1488,1368,3
500,44,308,1
413,597,1756,1
1655,585,1827,3
817,773,186,3
689,964,353,2
293,1419,254,2
1111,489,1409,3
1561,1255,1213,1
1825,222,604,1
718,952,188,3
1768,867,705,3
218,780,1085,3
1326,748,787,1
900,524,1578,3
1594,1627,1637,2
531,933,347,2
362,584,836,3
1263,1736,1108,1
182,1012,1390,1
1756,828,1181,1
221,1480,1105,2
922,126,1606,3
1666,779,276,3
1118,1787,1222,3
886,1400,337,1
1573,1405,1140,1
568,1796,1606,2
533,844,981,2
832,1673,1003,1
1086,1115,591,1
171,1644,1832,3
1624,1582,222,2
708,635,403,1
574,674,846,1
1769,671,816,2
1355,826,1616,2
1786,339,1488,1
446,655,1765,1
166,151,1614,2
175,1663,793,3
1768,706,796,1
1386,1209,376,3
645,168,1382,1
1530,110,265,2
559,348,1577,1
996,953,691,2
104,495,1600,2
1465,320,1472,2
1573,1427,1528,1
1583,1513,133,2
399,92,1842,3
182,379,249,3
589,1191,1848,1
291,1598,802,2
373,1631,1714,1
388,844,539,3
596,398,1755,2
175,1452,1168,3
416,1483,1741,1
1275,278,585,3
769,1828,1547,1
285,1260,47,1
460,1696,1771,3
79,42,977,2
847,500,353,3
1471,697,1609,3
737,1788,1482,3
1836,841,1623,2
117,276,856,3
293,1577,1422,1
1810,1713,443,3
1050,1853,605,3
1664,163,612,1
1702,1771,1698,2
1537,218,1564,2
499,134,547,1
916,148,1267,1
481,516,560,2
135,1402,1144,1
1064,1799,1352,1
836,994,998,3
31,1018,695,1
1148,936,709,3
1209,1650,1030,2
275,1395,488,1
92,335,1669,2
1265,995,91,2
535,877,1357,2
1280,1215,162,2
361,1263,740,1
27,9,1717,1
1423,736,246,2
85,79,83,3
183,672,1155,2
1009,702,1008,1
1333,198,1055,2
880,1585,1395,2
860,697,274,2
804,341,256,1
1169,248,1104,2
1325,241,948,3
600,1190,953,1
959,134,1145,1
1535,1160,1088,3
1002,1348,1147,3
1648,647,921,1
749,1598,1000,2
1040,510,447,2
781,1033,1422,1
223,249,1756,1
385,209,1759,1
1703,30,1407,3
1783,1851,682,2
890,1656,652,1
1442,1622,1359,1
1661,686,455,1
1469,1732,417,1
639,1685,253,1
541,16,1109,2
1201,225,1417,1
1152,1814,1658,1
875,540,1706,3
1471,379,1585,1
608,1194,325,1
1170,1293,1463,3
679,1772,1207,2
1645,252,1152,2
1351,212,1801,2
1146,129,546,3
521,80,546,1
858,410,747,3
1051,385,155,1
85,81,838,3
295,490,115,1
208,1131,662,3
654,729,1258,3
900,376,498,1
1391,1723,734,3
88,319,1510,1
1447,620,1022,1
1177,1677,1301,2
1001,412,103,2
1625,1387,1103,3
1006,1238,1085,3
36,1743,1082,1
1223,1183,1798,1
1376,235,911,3
1017,234,792,2
1019,278,608,2
163,247,1144,3
639,829,311,1
1693,504,324,3
1152,1733,1330,3
1459,723,452,1
355,917,1005,2
89,1766,382,1
361,945,510,3
135,52,740,1
1140,1666,552,1
857,1516,701,1
839,368,1162,1
1466,902,1312,3
18,697,325,1
788,1600,947,2
260,713,1100,2
1659,1798,123,2
1806,604,910,2
1176,1018,1273,2
1756,276,1099,1
1236,668,1382,2
1677,1784,1082,1
365,504,1397,1
1704,1333,284,3
47,821,1783,1
996,1454,1060,3
84,214,361,2
1251,1852,225,2
1491,810,576,2
1478,672,1010,2
721,1503,1573,2
422,1788,1421,3
1492,1310,1299,3
1310,356,1136,2
833,591,1358,3
1195,1577,1810,3
1537,329,754,1
454,1541,1183,1
997,947,1801,1
839,32,783,3
1126,47,1398,1
1002,1710,1614,2
1614,30,838,3
957,243,1043,1
47,948,1427,1
403,660,886,1
406,1739,1404,2
1630,1087,1615,2
646,1507,621,1
451,927,1202,2
1417,506,1519,2
571,565,1223,3
1374,960,1099,1
1696,1643,1848,1
1371,1557,870,1
1430,430,385,3
1679,1184,985,1
1372,807,792,3
416,1609,502,1
1463,394,763,3
1245,1438,542,3
1434,968,197,3
807,654,990,2
565,579,655,3
1796,447,659,2
1275,1337,107,1
988,1389,204,1
1154,1750,228,3
206,803,599,1
1315,1356,428,3
1764,1520,539,3
1395,854,1293,2
25,890,420,3
243,1675,1207,1
1270,80,1688,1
1738,235,1499,2
1593,805,1382,3
1387,788,501,1
1361,1419,261,1
98,1159,472,1
682,1766,186,2
270,1165,1491,2
222,1530,1489,2
1771,1809,1705,2
1521,1725,482,2
1025,1820,391,3
400,48,10,2
110,1039,1086,1
282,1078,166,3
582,723,1139,2
618,904,405,1
1342,489,1077,3
1406,714,314,2
378,241,1428,1
1025,1593,1260,1
17,80,1704,2
1055,1306,1412,2
1275,672,31,2
681,1525,219,2
383,1513,1351,2
498,1645,1371,2
427,1267,1028,3
686,744,362,1
266,1137,399,1
1847,222,68,2
1774,515,49,2
188,875,407,3
837,688,394,2
981,1548,803,3
1314,1505,442,2
155,99,277,2
755,1167,1590,2
406,1489,998,2
1412,88,1232,3
1714,1558,1479,2
1746,1506,362,2
832,326,1659,2
221,809,1577,1
663,493,6,2
643,616,1612,2
1058,1536,38,1
1836,1171,337,2
451,638,462,3
556,1493,56,3
1243,1469,613,1
201,1524,1382,1
480,1461,343,1
860,970,1205,1
921,42,1843,1
1678,1554,1048,2
1328,1707,320,1
353,1237,1415,1
1026,605,488,3
561,1679,625,1
120,1790,11,1
545,1092,1438,2
842,444,489,2
1246,1664,993,2
111,22,17,2
16,1372,1609,1
1426,1383,1805,3
1549,1170,1101,3
348,1665,317,2
695,1220,1245,1
817,994,580,1
199,1228,224,1
1300,383,821,1
1745,1374,1326,3
473,482,996,3
1586,679,341,3
1259,1683,1599,3
1124,79,1418,1
1731,938,989,2
78,1700,62,1
1289,462,630,3
652,675,1450,2
894,1644,86,1
1776,1662,1184,2
196,1182,681,2
1391,929,1642,3
680,604,733,3
306,1210,1676,3
969,874,1596,3
743,647,125,2
1681,213,246,3
953,568,371,1
810,566,902,3
108,1026,1390,2
801,1014,170,2
865,273,247,2
541,862,618,3
102,265,1170,3
968,1849,991,1
804,1427,452,3
1351,1636,543,2
631,2,720,3
451,1217,1266,3
69,611,1840,3
945,1419,1599,3
1232,191,1418,3
1131,37,867,3
372,334,1663,3
805,695,124,2
735,948,388,1
245,1847,1060,2
1349,970,1748,1
248,521,1551,1
1218,1483,400,2
473,21,40,2
688,1637,182,3
741,373,438,2
650,1091,1139,2
1458,1207,955,3
1425,1423,223,1
25,1823,495,1
691,1059,1113,1
767,1245,329,3
1639,1316,1538,3
1801,1420,1053,3
1118,1222,1417,2
60,131,605,1
894,202,420,3
1765,1237,1221,2
953,1582,1112,2
1722,1810,1486,3
164,851,1048,1
1537,101,1663,1
1632,633,1674,2
769,56,1425,3
1416,616,1762,3
1288,1114,613,1
1523,745,1124,3
1099,1002,540,2
1451,721,955,2
343,1532,1078,3
9,1635,1474,1
932,1697,942,2
515,1153,325,2
382,1775,1224,3
326,83,946,3
1613,759,769,1
155,1417,1654,3
1139,861,959,2
1557,914,1501,1
132,1027,1123,3
1250,526,25,1
1424,1231,1675,1
647,1152,605,3
718,973,331,2
1045,38,1822,1
1019,998,1491,1
598,1314,397,2
1146,1731,51,1
1854,670,1272,3
720,519,1042,1
1683,1010,632,1
1387,376,1203,3
1558,1237,1243,3
1522,1760,1225,2
622,1211,1516,2
1436,366,1838,1
1541,1318,194,1
752,899,220,2
1515,1523,1041,1
154,2,1609,1
619,904,1834,2
1597,836,105,3
883,387,359,1
209,902,1066,2
1236,1365,1832,3
164,655,709,1
1219,1611,135,2
193,1854,446,1
277,571,788,1
464,561,1288,3
1727,572,584,1
169,193,59,3
607,248,174,1
511,323,1446,3
1694,1698,506,3
548,1711,1016,1
1020,971,1629,3
1629,41,389,2
275,749,1031,1
1114,79,1393,1
1557,837,282,2
885,1644,612,3
1459,798,1172,3
892,1109,709,1
729,602,754,3
135,1307,1395,3
1190,426,1276,1
1233,1488,609,2
1849,1711,90,2
1666,696,1331,1
1272,1438,170,1
293,988,613,1
1032,863,314,2
485,903,1824,3
1536,709,117,1
529,1309,1565,2
1352,480,686,1
1141,787,1341,1
705,1405,1253,3
786,18,1295,1
1483,511,136,2
923,1758,838,1
1582,289,1557,2
680,698,880,2
1429,1629,87,1
249,458,26,1
1528,501,1159,3
1498,1380,290,2
292,578,367,3
677,1629,1790,1
790,1725,1218,3
866,83,368,3
910,378,335,3
1383,1168,1117,1
6,1852,55,1
1306,436,687,2
655,1129,489,3
1573,145,243,1
248,778,874,3
1604,618,550,3
106,903,68,1
969,1525,1800,2
153,776,1363,2
1470,1603,802,3
1438,1555,940,3
1085,1603,1013,1
1717,1384,1185,1
1152,1604,757,2
297,525,1661,3
1411,1179,1375,2
1516,682,277,3
1517,821,1672,1
1158,344,229,2
1070,565,1309,3
1626,1131,1095,3
1596,1311,1753,1
69,312,1153,1
702,887,300,1
911,1786,1480,3
1758,1222,404,2
448,1571,662,2
946,717,1405,2
1021,549,118,1
1252,969,503,1
1339,40,1142,2
1812,685,646,1
1324,39,101,2
998,456,723,3
247,1558,1437,2
343,1003,895,3
164,1078,1833,3
982,233,1013,2
930,1402,12,3
1294,1204,898,2
208,1816,1590,3
1782,117,9,2
209,176,1230,2
1478,1156,103,3
558,1047,628,2
1176,410,936,2
1248,1356,384,1
842,814,919,2
726,1508,747,1
150,777,1212,1
1489,1088,336,1
600,1101,1049,3
1815,1707,857,1
1387,1102,1208,1
239,1723,1262,2
611,580,505,3
1544,392,1179,1
420,1383,198,3
326,174,398,3
1581,1527,798,2
375,1369,624,1
1806,622,1196,3
549,1111,1572,2
69,1040,1701,2
496,1163,907,2
435,928,1486,1
1218,88,466,3
23,1355,493,2
107,618,433,3
1384,1196,1699,3
1147,340,1451,3
1568,1111,207,3
415,1528,1547,1
139,166,284,1
1023,804,149,3
267,363,1278,3
1694,48,1053,2
264,908,898,3
1367,722,657,3
887,356,1011,2
1448,508,831,1
1222,572,693,1
1143,156,149,1
891,1284,1847,1
115,48,1254,2
689,309,1136,2
1457,1100,189,1
652,1757,493,3
1597,880,274,1
1593,340,446,1
589,1753,1565,1
891,143,1727,1
1394,1821,45,1
1759,871,682,3
1320,1722,617,2
761,777,64,1
662,1742,787,2
1421,362,1131,3
288,119,1571,2
1638,324,966,3
142,849,393,2
571,1675,375,3
1850,872,1647,3
1704,1306,251,1
517,854,1346,1
1461,1757,357,2
1465,356,980,3
1455,335,1657,2
1321,567,26,1
1696,445,1383,3
747,1332,1238,1
1349,1844,1354,2
1706,983,1060,2
1043,913,960,1
651,833,1006,2
629,1230,1505,2
435,592,1767,1
289,1011,1803,2
1591,971,1615,1
386,422,79,1
901,558,3,1
647,1446,297,1
516,1774,272,3
426,524,137,2
1631,929,551,3
291,995,1188,2
938,1420,219,2
957,779,184,2
836,1220,1285,1
643,179,318,2
473,1626,1835,3
1256,1409,65,3
455,1581,1298,2
635,1787,1441,1
1222,522,212,1
254,752,376,2
1005,1046,991,3
219,1404,1137,3
494,726,278,1
307,1477,488,3
1130,1709,850,1
1606,1060,574,1
1350,495,777,2
1831,94,1621,3
778,389,835,1
1389,908,130,2
1148,1087,198,3
1001,1501,1611,2
1226,163,890,3
297,1401,1331,1
954,1728,607,2
1576,116,633,3
76,1574,527,2
997,193,15,1
69,134,388,2
662,561,1072,1
44,927,1036,3
666,34,822,1
105,7,730,1
61,308,196,1
712,174,152,1
1421,625,1661,2
828,1699,564,1
181,17,35,1
1674,1724,1525,2
270,348,54,2
374,1661,1220,3
935,1331,80,2
58,1594,1385,1
1671,1656,469,2
268,1643,242,2
522,345,640,2
1466,1218,1598,2
1392,835,679,2
908,254,1455,3
488,840,463,3
1212,423,552,1
194,663,1175,1
284,520,71,3
1358,1706,1654,3
381,723,706,1
1501,445,67,3
1565,1474,1080,3
1200,134,361,3
640,1198,108,3
1535,385,928,1
110,77,1384,3
442,1768,919,1
1597,1695,978,2
657,1003,1538,3
44,149,979,1
1772,1710,815,2
1402,1341,1703,3
900,494,1464,3
1226,700,1027,2
1238,981,83,2
1034,396,113,2
1541,147,795,3
331,1249,1653,3
341,1415,1304,3
457,371,1385,3
371,170,1139,1
1840,389,1471,3
1772,940,655,2
1230,737,1708,2
876,704,57,2
1653,1496,440,3
950,1727,890,3
1108,57,1425,2
993,1526,1589,3
148,461,297,3
723,1662,1110,1
584,949,560,1
67,150,485,1
984,1106,1283,1
1772,942,1342,3
126,828,1274,1
408,394,1791,1
1206,1515,1708,2
489,213,332,2
1499,52,374,3
448,166,273,1
1090,602,887,3
1237,736,1008,2
836,1110,1283,2
113,839,1191,3
1073,816,1159,1
212,1542,454,3
1411,1462,7,1
564,1325,1235,3
1755,978,1410,3
163,334,258,3
429,197,1556,3
242,698,420,1
1197,1242,1419,3
1348,710,425,3
637,523,1547,1
580,1689,686,2
1379,1111,927,3
626,1205,1281,3
1687,944,694,1
499,590,1467,3
386,176,1180,1
612,1849,935,2
673,297,1663,3
921,1159,697,2
83,931,1371,2
591,1164,1784,2
278,134,1211,2
1645,577,487,3
1459,32,1373,1
1248,580,159,3
1559,8,705,3
589,529,1669,2
551,528,399,1
328,660,1012,1
1327,306,1217,3
1807,1724,267,3
550,589,10,1
695,987,111,2
1520,396,1657,3
352,1268,1217,3
1743,1755,930,2
1513,1093,383,2
1202,1671,1730,2
882,182,1527,3
708,550,70,1
446,1067,365,3
671,488,387,1
146,1710,1365,1
1438,1045,1234,2
710,571,376,1
1648,1332,1777,2
300,304,601,3
597,279,277,1
1651,307,1121,1
68,74,1347,2
751,12,1099,1
374,1634,1503,3
1114,795,683,1
164,764,1588,3
545,472,857,3
1254,84,590,3
999,505,1638,1
296,657,136,2
1320,171,1696,2
1288,517,1066,1
586,1403,429,3
1173,916,302,2
949,1581,1009,2
751,1592,98,3
1148,211,527,3
1096,333,605,1
496,117,303,3
1812,1820,1783,2
1246,1147,1467,3
518,13,95,1
1268,874,878,1
1124,1666,1803,3
400,1554,710,2
944,62,664,1
1378,1598,911,3
1160,770,593,2
1271,1288,1817,1
137,484,964,2
322,78,332,2
1823,96,1394,2
1003,1491,190,3
264,516,250,1
1075,345,738,2
231,228,1788,2
777,1643,1439,3
109,693,1668,1
62,1051,1716,3
414,455,364,3
366,1798,1694,2
487,1482,1562,2
671,1634,940,3
1596,1158,1133,1
1389,270,1594,3
480,609,807,2
286,1172,230,1
1508,723,1685,2
1475,569,1801,2
1783,977,459,2
779,1757,1599,1
1708,468,1659,3
1310,564,740,2
1489,836,590,3
115,397,853,3
1487,1709,336,2
822,31,1602,2
1515,928,1822,2
316,366,932,3
816,1106,172,3
993,827,1546,2
999,1831,1427,3
1741,607,1792,1
1067,857,1081,3
1527,1359,1513,2
1390,1604,1612,1
948,666,1054,2
1258,1267,950,1
1842,805,1723,2
1475,119,1397,3
1482,1312,1460,3
765,951,625,2
20,1738,562,1
57,730,1004,3
956,753,1087,1
1347,1366,875,2
1780,456,1519,1
1706,1068,1842,3
1317,52,760,1
930,1555,1693,1
1212,595,1614,1
29,1006,1530,1
203,1285,5,3
977,1609,570,1
841,1421,1129,3
1010,899,605,3
1035,143,1255,3
5,822,1348,3
358,330,1243,1
1141,1483,1651,1
834,464,476,3
558,124,704,3
267,501,1554,3
1755,818,557,2
852,1462,465,3
310,1588,1643,3
1381,339,1450,3
1785,388,1753,3
578,904,1175,3
766,1826,504,2
332,1526,769,3
78,225,1731,2
1504,545,177,3
1174,998,1443,1
594,48,991,3
34,876,780,2
1508,810,867,1
1362,501,839,3
60,1255,180,2
910,340,819,1
399,1736,1559,2
744,1845,1073,2
186,1021,27,1
1616,1678,773,3
97,517,1272,1
120,479,284,2
1296,992,291,2
971,315,432,3
1268,698,873,2
1451,1429,1480,1
1172,1509,767,1
770,867,137,1
1027,255,577,1
588,52,1309,2
921,163,493,1
1111,1717,497,3
861,428,1611,3
1366,699,633,3
1596,678,1511,2
1653,762,771,3
660,929,1342,2
1431,1664,603,1
30,910,1382,2
1751,1029,728,3
306,896,1767,3
1210,219,40,2
1568,1185,1211,1
867,383,833,3
398,726,1771,1
1724,414,1085,1
1345,88,724,2
1349,1119,1189,2
419,1455,1021,2
1463,446,1384,3
1232,759,977,2
645,862,580,1
1517,289,506,1
219,1502,495,3
774,32,1115,3
570,1191,819,1
532,1673,783,3
269,633,359,2
520,1723,505,3
1167,863,1843,1
1636,1573,1640,1
458,303,1586,1
1120,1602,662,3
1286,663,697,1
962,549,977,1
833,428,1200,2
924,217,995,2
653,148,1084,3
53,1817,1362,2
80,1296,787,2
768,821,1015,1
700,648,198,1
1296,1295,1772,3
244,55,1751,1
229,837,661,1
1069,1364,1749,1
848,1402,1179,2
1610,806,537,3
1014,581,628,2
683,710,979,3
279,1062,82,1
542,40,1286,2
708,1177,635,2
89,1831,544,3
1591,56,1383,2
848,648,1660,2
402,361,473,3
842,897,656,3
479,1606,1316,2
104,1138,278,3
1495,275,242,1
910,59,1769,2
1029,1711,236,2
1836,513,1811,3
520,1283,1643,1
969,1246,175,2
1390,1495,1286,2
635,959,1670,3
1300,1806,326,1
798,986,429,1
1327,291,1091,2
855,1646,1444,3
1517,1051,1657,2
1175,861,52,1
868,268,1122,2
1705,1354,512,3
1669,1096,77,1
263,601,1777,2
1102,274,1506,2
752,798,1024,3
1368,1691,1635,1
1516,1167,869,1
1012,493,1707,2
330,347,460,3
264,190,1436,1
225,1204,107,1
876,598,1794,2
1436,1224,686,2
320,1167,1655,1
1396,1068,322,2
1744,1170,1354,2
1569,1507,370,1
1044,480,107,2
1814,930,1484,3
776,1767,258,1
1031,1474,1220,2
734,445,298,3
20,678,1441,2
488,989,1718,1
1399,1009,117,2
1322,712,595,1
1228,525,1696,3
794,866,1424,3
1752,1266,439,2
522,615,936,3
1608,843,199,1
1615,883,1429,1
1314,49,1748,2
130,546,207,3
1001,883,1607,3
864,1651,40,1
252,324,546,1
220,737,1517,1
1156,776,1052,3
1681,142,1781,1
1713,1684,1313,2
123,422,1382,3
1433,455,552,3
399,440,921,1
634,1743,161,1
247,284,165,3
1074,1188,1257,3
1437,902,516,2
1819,1282,1394,1
743,1478,1845,2
1339,13,1024,1
1757,10,620,3
1661,1191,1070,1
501,1674,698,2
1219,559,414,3
29,413,77,2
655,266,142,3
1291,1456,429,3
1430,20,1282,1
369,550,1447,3
387,1405,198,2
988,338,254,3
1032,1468,796,1
558,1234,698,2
1167,1791,1108,1
210,274,1655,2
769,1205,1748,2
458,364,439,1
694,1568,1150,1
157,28,479,1
327,1456,1455,1
36,912,1403,2
527,1060,1337,1
193,1007,572,1
1373,1377,1757,3
1692,1665,1019,1
89,191,514,2
1787,796,1720,1
405,783,693,2
1386,1619,1470,3
1176,546,318,1
228,940,744,1
713,1374,1472,2
382,1325,601,2
842,379,682,2
1019,1395,1169,1
670,1677,1689,3
122,1724,1725,2
949,1275,1252,2
866,1271,708,1
1302,557,1268,2
896,19,1097,1
1235,1012,450,1
1271,247,565,1
231,1295,517,1
1110,340,1390,1
1851,1518,1807,3
888,1714,427,3
24,547,1403,2
132,673,830,1
280,651,1279,2
855,370,1140,2
915,1597,535,2
808,502,1793,2
983,235,1554,2
1667,47,263,1
130,679,509,2
1774,500,1630,2
907,891,1658,2
1490,258,1341,2
626,125,147,1
1092,677,1680,3
1366,262,616,1
643,1014,617,2
577,888,1110,1
1127,1718,307,1
1231,1255,243,3
962,766,933,3
758,845,173,2
1200,72,1164,1
400,937,1283,3
817,893,1540,2
163,803,789,1
552,779,1507,1
508,1136,1277,2
882,501,1030,2
675,754,1583,2
153,462,1263,1
61,1374,1321,2
234,495,99,2
281,344,1704,2
186,351,1803,3
98,932,1501,3
884,362,47,3
1593,68,1352,3
1590,1845,813,2
1286,1529,133,1
12,74,1601,3
1049,391,1249,1
1543,816,511,2
65,1838,1422,3
943,568,1115,3
98,1721,805,3
446,167,1379,3
890,710,105,3
1364,1794,654,3
575,1753,887,2
1544,1002,543,2
684,1190,198,1
1588,1348,1071,3
1163,1760,1823,2
931,1341,1649,1
1498,757,576,1
1420,66,688,3
1384,621,299,1
883,1063,666,1
81,1002,1666,1
607,762,1743,3
1016,1190,1688,1
647,1734,1830,1
453,1169,1787,3
587,393,1082,2
283,1673,95,3
1236,530,1528,1
871,763,1713,3
34,813,285,2
431,202,342,3
337,362,1225,3
239,1639,385,1
1451,1613,152,1
12,991,977,1
1842,202,1687,1
1430,127,1851,2
486,1113,154,3
1610,1125,1302,1
28,1721,1542,3
1631,1282,158,3
777,1462,1825,3
378,1397,554,1
200,1497,1820,2
950,1166,1500,3
375,536,277,2
639,87,1472,2
441,490,1244,3
213,130,1302,2
575,351,56,3
477,371,751,3
502,606,551,3
711,1126,785,2
1680,39,634,3
1816,63,974,2
1692,973,1154,1
1152,1784,381,1
178,324,828,1
1752,833,921,3
762,761,1226,3
996,1365,241,2
1326,1144,707,2
81,629,468,3
1375,976,269,3
372,587,1430,1
119,842,1574,2
1770,767,1207,1
320,1817,1677,3
823,1239,719,1
1626,1358,1733,2
665,1398,1261,2
44,495,372,3
661,1298,1581,3
16,27,669,3
1345,1357,523,3
245,250,775,3
591,620,1541,1
747,1773,1540,3
1585,1444,429,2
812,370,573,3
1013,1404,1179,3
603,647,645,1
457,1554,1633,1
508,1758,1585,3
526,1596,1461,1
832,542,358,2
1019,467,566,1
1061,1395,971,3
1497,948,697,1
1149,1474,1297,1
728,1702,657,3
505,1803,341,2
928,48,1417,3
1545,738,881,3
894,1733,194,2
1168,1235,50,3
1108,1489,586,2
904,1527,1208,3
944,185,1230,2
1765,1124,1255,1
1365,857,376,3
1371,740,1001,2
49,1594,591,3
49,1367,1619,1
3,342,1714,3
1674,418,1803,1
1076,1090,264,2
508,1565,1671,1
541,712,1756,2
1853,1478,679,2
53,619,981,2
1539,1101,518,3
1384,1474,680,2
1224,1027,729,3
1049,214,863,1
363,1732,465,3
1286,617,1706,1
359,140,1487,2
1848,1560,459,2
67,391,602,3
506,703,1728,3
643,756,97,3
635,1205,484,3
652,1371,1626,3
1123,484,1204,2
770,904,652,1
988,1057,813,1
122,1741,458,2
1497,440,340,1
1583,1254,760,1
574,349,1707,3
136,1500,1489,3
885,161,273,1
1512,410,978,3
275,1081,744,1
1269,13,721,2
1624,328,1773,2
278,339,255,3
715,740,1290,1
359,720,544,1
955,8,1176,3
33,608,928,1
1560,1676,506,1
291,613,1613,3
204,1324,778,3
554,521,1269,3
1359,1187,1166,1
747,1194,1618,1
1124,578,131,3
125,1354,493,1
1565,715,769,3
1614,810,189,2
364,604,888,2
1493,695,1687,2
230,1330,1372,1
1612,1447,1012,1
1733,364,339,2
1293,1212,930,2
887,554,1578,2
187,133,1149,1
1294,659,1182,3
812,1362,1317,2
1657,172,971,2
621,198,65,1
1388,182,1760,2
1622,177,1288,2
860,945,1797,3
199,916,1141,1
169,799,107,3
1415,760,435,1
958,951,1631,2
848,1605,906,2
1215,100,85,1
1630,946,1180,2
1541,1853,934,2
171,656,122,3
282,981,358,3
460,1309,1524,1
919,1597,543,1
52,1286,1557,1
508,1850,792,3
1028,191,187,2
1727,232,788,1
1102,853,263,3
189,129,1351,2
344,1402,1582,1
1610,686,1018,3
1775,1595,441,2
930,507,1801,1
457,318,201,2
1262,1392,855,2
1356,952,1460,1
1731,1614,866,3
809,913,9,2
823,1573,1124,2
1724,1185,1471,2
833,401,824,1
1640,1649,747,2
901,1444,1691,3
889,1113,1646,2
160,609,679,2
618,1676,1249,3
37,1024,668,3
1371,1368,641,2
1025,1278,904,3
273,652,1821,1
1543,854,197,1
78,787,436,3
350,646,1575,3
1430,225,410,3
148,1414,1753,3
734,1622,1762,2
27,582,1722,1
90,449,1142,1
1181,617,1284,2
1011,1623,1682,1
634,642,823,1
1713,206,790,1
1852,59,1345,1
1023,268,960,1
480,474,1393,3
493,752,1074,2
414,991,694,3
221,877,1045,2
1201,46,1435,1
1125,1608,785,1
195,599,971,3
388,1679,772,1
728,968,1153,3
1358,1020,513,1
1399,1483,1524,2
1122,292,466,3
1343,1339,45,1
1026,1372,653,2
1663,808,1778,1
766,108,1299,2
1559,1197,1839,1
236,506,612,2
295,888,1190,3
487,429,1017,1
777,1584,497,3
752,841,457,2
1386,1664,199,3
1219,697,454,2
770,121,171,1
675,1303,309,1
906,900,892,1
710,1258,1388,2
45,1473,163,3
438,1115,1171,3
4,1820,347,1
391,473,648,1
1258,422,426,1
352,291,704,3
497,1747,192,1
1231,719,1500,2
1774,1734,1739,2
584,27,348,2
1622,160,1184,3
1425,1779,1335,1
1066,1639,85,3
748,759,436,3
980,353,74,3
1015,1723,647,1
1707,460,775,3
564,317,278,1
412,1792,288,3
1073,879,1053,3
482,556,1111,3
1345,677,1454,2
1536,930,1495,2
1786,1013,31,2
734,1002,1230,3
1641,1371,861,3
1791,601,1684,2
5,1228,411,3
1077,424,601,2
91,1621,1013,1
749,667,364,2
1824,1626,1287,2
599,440,1146,3
211,1431,1207,2
176,571,969,3
1457,1312,1065,2
1069,1543,1296,3
1548,1780,536,2
723,198,508,1
468,442,41,2
679,1080,345,2
470,661,148,2
1166,366,544,3
89,1743,415,3
1016,796,1292,3
6,1528,627,2
591,1339,1107,2
962,1850,1781,1
1740,694,728,2
1346,304,1219,2
1680,1108,71,2
900,1848,1183,3
962,288,1354,1
1385,606,719,2
1295,1639,387,1
1095,1296,1760,1
714,1266,1027,1
98,828,1834,1
1279,919,1544,1
1140,1361,1182,2
1239,972,564,1
206,761,964,2
1160,1025,446,3
1544,1515,1152,3
661,592,1304,2
331,1461,321,1
1068,137,10,3
1757,562,1556,1
422,545,616,3
1799,366,567,3
1692,988,1562,1
8,1335,1799,1
1056,840,1086,3
436,344,704,3
617,1157,1824,1
213,616,1263,2
1356,416,985,1
1121,750,1046,3
899,1265,1529,2
1488,141,1767,1
1442,868,1289,2
1526,80,794,1
936,1788,1337,3
1378,848,1412,3
127,734,1211,2
1719,924,969,3
1214,1444,1238,2
193,344,934,2
1660,697,406,1
440,765,1512,1
96,1256,663,3
1783,985,1386,3
1824,468,1800,3
147,31,9,3
573,380,1611,3
1290,519,395,2
1730,1829,1369,3
886,1042,993,3
1125,541,188,1
129,1423,1054,1
1787,1133,645,3
481,1075,18,2
1419,1663,155,1
613,1150,226,3
659,1641,320,3
1276,713,464,2
605,1504,1098,1
1157,833,892,1
1175,1698,1171,1
1711,1631,1509,1
1521,187,1526,1
128,1126,1450,2
720,1337,1818,1
328,109,1115,2
1216,1373,499,2
539,1186,789,1
1456,1563,1828,3
569,1688,1052,2
236,514,368,1
834,917,1344,3
87,162,358,2
276,1461,1357,3
866,1639,888,2
298,1819,1167,1
6,812,1771,2
316,1351,1215,1
1086,406,1373,2
501,298,1286,1
891,539,50,1
1143,373,788,2
1139,298,779,3
1670,1072,938,2
1573,651,1687,3
402,1101,1567,2
1120,996,1182,3
378,1002,1352,3
951,1533,200,1
1338,1371,1571,3
1065,1404,130,3
283,1833,828,2
1120,1595,802,2
619,864,1685,1
1153,1152,225,3
877,615,684,3
775,1180,1151,2
142,881,325,2
1841,868,118,1
1323,1463,1524,2
479,79,1516,3
821,126,1292,3
1638,164,1578,3
354,1164,1028,2
988,247,1311,1
586,1427,10,2
911,1787,1477,2
1825,1446,1403,3
327,548,407,2
768,822,1291,2
681,1064,1573,2
709,1506,1758,1
1216,918,118,1
1481,366,1079,1
736,550,311,2
1286,1227,929,3
556,810,1617,3
669,464,1689,3
1498,517,1557,2
1139,912,675,2
460,563,843,2
747,366,731,1
865,471,1488,1
907,1208,107,1
623,1510,794,1
1278,1824,673,3
52,1323,561,2
1369,1528,301,3
1278,271,694,1
1447,1199,293,2
777,1323,438,3
1419,377,268,3
1238,1439,1097,2
915,159,1441,3
596,376,294,3
963,669,1527,3
1434,1334,404,2
1595,614,262,3
1371,1519,796,3
411,626,1122,3
108,252,752,1
950,930,534,2
245,1077,374,3
1648,1593,1090,2
1199,1382,131,3
1649,1613,978,3
850,699,1556,1
1647,1607,678,1
1317,742,1712,2
567,1075,1279,3
933,590,751,1
621,765,1534,1
1061,1134,1850,1
600,450,1369,3
215,812,545,3
712,1638,1711,1
371,953,868,1
1718,198,410,2
201,1208,1050,2
1571,1656,1734,3
1794,586,492,1
1733,1564,1745,1
829,334,1204,3
217,692,1332,1
108,1560,650,3
660,900,1566,2
1731,834,1114,1
684,1786,1694,2
1209,485,989,1
758,335,1374,1
751,1534,249,1
1034,442,1330,1
609,773,1230,1
928,1721,466,2
1580,1300,1585,2
1774,1428,1853,2
416,1801,380,2
1547,1071,147,3
400,1539,365,2
1070,121,1205,1
1657,1590,1568,1
202,1606,892,3
1059,522,1634,1
283,860,505,1
363,1853,1269,2
1003,816,618,2
1048,1274,1732,1
1225,27,1687,2
450,1400,1433,2
711,1361,852,1
905,1764,139,1
1279,284,733,2
988,767,231,1
1129,1467,1468,1
191,1476,94,3
1253,1231,838,2
238,138,1299,1
1280,803,1002,3
181,1358,1221,3
657,849,562,3
1596,1050,1637,1
773,783,1458,2
798,1639,796,3
885,691,686,1
779,193,541,3
1399,1436,140,2
1825,310,1389,1
179,91,1531,3
1615,1791,312,3
890,563,1121,1
228,534,481,2
694,166,1682,1
1244,838,90,3
1438,1467,1298,3
1791,1453,1583,2
1132,1752,1710,1
831,951,67,3
623,388,1404,3
1064,61,386,1
1504,1749,123,1
1840,1384,786,2
203,1802,798,2
1737,674,584,2
1531,293,1066,3
472,540,1598,1
642,641,1155,1
1740,1168,79,2
497,1825,1595,3
1256,388,290,1
979,465,1044,2
108,1447,1578,2
214,1596,1637,2
403,124,1144,1
1191,859,430,3
907,1770,1720,1
363,579,1623,3
533,1109,460,1
24,1173,825,3
591,685,1525,2
1377,797,1799,3
319,245,825,3
1575,610,1276,2
691,1556,692,3
682,1635,1487,1
24,1179,1539,2
573,426,407,2
831,484,1225,3
412,1642,1084,2
621,1186,471,1
1415,249,1063,1
1398,1832,1263,3
257,1334,549,1
1825,1589,241,2
360,165,1694,2
580,1561,598,3
28,1114,1781,2
1227,6,1317,2
1106,106,662,3
1414,1803,265,3
1053,1115,1004,3
693,1592,389,1
735,879,475,1
63,1775,1654,2
613,560,1650,2
801,1196,475,2
1135,1678,626,1
1033,1024,729,2
677,1171,196,3
905,549,1508,2
382,510,806,2
1466,770,738,3
115,836,1415,2
169,1447,1532,3
782,1854,321,3
400,1694,656,3
791,750,1515,2
792,677,1614,1
632,574,1554,3
775,539,1571,2
1828,862,219,2
575,92,272,3
1049,491,473,1
328,417,1238,3
569,1144,23,1
425,578,1381,2
34,937,1789,1
1240,196,1061,3
1602,1185,494,1
661,917,1711,1
290,1822,410,2
859,1582,1711,3
971,1092,22,1
1669,1682,450,1
850,663,527,3
1092,1744,496,2
26,36,1671,1
354,433,806,3
414,1674,501,3
1134,694,399,3
1569,1537,1635,1
547,636,1845,1
249,64,1066,2
151,931,394,1
1053,613,1124,1
48,646,474,2
864,943,1024,2
1399,1029,293,3
565,265,453,1
494,1379,1298,2
252,876,776,2
4,612,656,3
228,686,677,3
830,51,1101,2
1100,175,1067,3
1340,876,1797,2
466,1323,165,1
1235,775,1599,2
619,64,1664,1
360,1619,1643,2
1712,171,803,3
434,1024,1761,2
130,175,670,2
1241,471,883,2
345,1371,855,3
730,1179,654,2
1698,734,1331,2
1470,267,1611,2
1008,1543,554,1
1142,89,108,3
1546,524,1151,1
750,509,465,3
1159,873,1694,1
749,537,333,3
1716,60,825,3
1485,371,669,2
1732,640,1421,2
1088,991,819,2
593,1470,1349,3
1168,988,980,3
1727,728,552,2
1660,1191,995,1
1601,698,780,1
924,1498,538,3
1547,1095,533,3
1090,361,669,3
50,398,761,1
140,1621,183,3
423,546,1246,2
969,1682,513,2
1585,1430,1219,2
1237,1416,1714,3
578,384,1042,1
679,1090,1252,1
1785,259,1783,1
145,966,173,3
559,969,1089,2
1316,51,935,1
1207,1664,1508,1
367,1508,827,1
637,133,1178,1
56,1000,664,2
36,523,1211,1
1608,246,1132,2
496,1386,110,1
1740,259,170,3
1020,1185,1656,3
483,600,376,3
52,636,916,2
27,1010,264,1
1746,661,777,2
219,1325,392,2
1812,695,892,2
1234,1020,1108,3
519,1615,778,2
1412,1334,22,1
414,1752,1155,2
912,1763,512,1
414,1235,70,3
384,1379,1216,1
768,408,997,1
872,350,1184,1
595,1591,815,3
660,528,481,3
222,1834,388,2
959,1199,1012,2
821,518,1581,1
1198,709,950,3
321,954,522,3
1771,787,861,1
1071,1350,1078,1
1648,821,436,1
938,358,398,3
1261,106,1273,3
1819,542,1498,1
1002,853,291,1
1353,229,1404,1
59,1045,532,2
504,890,233,1
833,139,367,3
870,1458,629,1
1442,1557,235,2
1287,527,808,2
1811,466,1434,1
183,586,666,1
736,834,635,2
1506,288,122,2
483,939,489,1
856,883,1247,2
1727,721,938,3
1353,16,391,2
839,1532,1161,2
1330,971,231,2
1436,970,969,3
815,960,531,2
1260,145,166,3
1762,1397,1834,2
196,709,963,3
1822,1707,409,3
1173,130,590,1
772,1294,789,3
387,413,281,3
294,1072,953,1
381,1414,1321,3
298,1510,1744,1
903,238,1758,1
1494,205,878,1
682,1213,1298,2
400,1739,1198,2
605,581,1050,2
1723,815,1408,2
922,1735,324,3
967,106,1353,3
1046,808,1130,2
370,421,564,3
502,765,1434,3
104,200,829,1
522,1325,1281,3
1088,275,397,2
70,1324,532,1
49,1541,583,2
449,712,1580,1
968,1072,1595,2
166,1662,156,3
1349,1427,447,2
619,87,238,2
1471,1360,68,2
66,1540,923,2
327,440,146,1
7,914,1233,2
1305,856,1356,1
781,1161,898,1
1297,988,567,2
41,1170,560,3
690,537,396,3
1071,1375,1151,2
1344,153,1375,3
1253,1015,353,1
137,1302,902,2
1021,1121,1016,1
675,233,475,3
804,1476,1143,1
1271,182,1742,3
1123,1563,1300,1
1314,436,929,3
987,1782,823,2
1094,201,1027,3
1383,218,145,1
519,923,866,1
1272,319,87,2
1039,1773,1371,1
738,860,643,2
1281,75,1453,3
1432,1131,87,3
1634,1511,1722,1
992,322,1447,2
991,720,1348,3
1635,1620,276,1
244,197,128,3
1533,1494,705,3
185,654,1331,2
1583,874,88,2
413,435,1693,3
1481,1794,995,1
1309,1150,1268,2
692,1734,494,3
644,60,1185,3
105,861,716,2
279,535,310,2
1530,715,1727,2
1397,897,1305,1
692,1842,1817,2
768,470,1031,1
960,236,342,1
1639,421,1662,2
275,612,867,1
1353,1312,1276,3
1394,1836,1647,1
569,1596,1581,2
1692,1499,233,1
631,466,968,2
438,583,714,3
598,386,1437,3
1361,1827,1427,3
31,1398,555,1
6,1180,1844,1
1743,520,863,2
329,752,405,2
1302,299,1369,1
654,1745,1355,2
1037,1509,1349,3
1620,1223,1457,3
38,1090,1261,1
1278,214,6,3
631,1715,667,3
864,381,63,2
597,898,781,3
1689,1514,1837,1
105,664,1670,2
481,1770,1632,1
343,447,591,3
25,95,683,3
1338,1092,1508,2
946,1275,1387,1
1381,1177,1192,1
187,1604,718,3
1618,1229,906,2
1413,1460,1593,2
759,623,1482,2
738,57,1545,3
259,1378,747,2
788,1434,456,1
486,1651,1265,2
92,668,387,3
983,1522,860,3
593,184,1311,2
1844,1414,1484,2
401,367,176,2
936,1076,592,3
1642,303,1388,2
921,163,1691,1
1250,214,781,1
52,1391,1478,3
509,102,500,3
1020,973,225,1
1042,221,1463,2
468,494,1768,3
1475,1011,1444,1
611,171,1355,1
499,1416,1637,3
306,539,878,1
426,1754,38,1
889,1099,444,1
927,1245,1654,2
950,1556,1488,3
1772,517,631,3
180,156,402,3
1725,1285,1566,3
1244,803,1280,1
1171,695,848,3
1450,105,109,3
506,681,941,1
1805,555,25,1
1072,616,1446,2
827,1408,15,2
1073,316,1578,2
91,1371,745,2
1790,441,331,1
1647,1670,348,2
1353,1112,1789,2
932,573,729,2
444,1622,833,1
806,577,1230,2
125,1355,252,1
885,1041,1530,2
1361,264,585,1
712,27,470,1
634,1522,362,2
1390,1833,1516,2
974,1279,1038,2
904,438,1321,2
215,705,237,3
1794,1589,448,3
355,20,1137,2
557,1723,122,2
1733,522,780,2
1035,737,182,3
900,482,164,2
336,340,751,1
1173,1632,1215,2
1598,1527,389,2
1779,208,1737,3
1038,794,1074,2
1044,79,505,2
545,1732,355,2
1823,1625,1204,3
1577,626,28,1
6,1116,759,1
1181,592,636,1
1154,1808,257,2
1478,1664,864,3
42,808,1341,1
839,613,1733,2
243,1726,1121,1
428,574,494,3
1569,1036,1395,2
950,848,1206,1
9,974,1679,1
1252,111,1777,3
1136,796,285,1
1435,1049,797,1
1681,1409,1561,2
1197,969,1761,2
829,1271,26,2
324,1811,1025,3
974,172,932,3
989,1033,230,3
1670,292,63,1
365,469,1250,2
1718,13,1462,2
227,1610,1140,1
193,1219,1738,1
725,1792,126,1
1657,153,329,1
904,1589,534,1
872,380,1480,3
1785,1557,666,2
721,1085,935,3
1252,1315,1282,3
728,712,764,1
241,1008,165,1
1293,1609,652,1
759,1841,1080,3
1045,1257,148,1
1134,914,262,2
1662,1801,210,3
135,1220,1821,3
1189,1454,1571,2
1476,675,909,3
357,621,1576,3
177,1575,813,3
1582,330,109,2
8,1326,1169,3
1358,858,1375,3
1407,751,1138,2
1040,398,844,3
925,909,454,1
1589,447,61,2
564,514,1626,1
1616,1417,543,1
920,1796,1620,2
749,129,202,1
789,1484,615,1
1273,501,654,2
151,1258,76,3
806,923,373,3
1552,351,1102,1
483,671,1098,2
832,1046,702,1
1245,873,234,1
1354,463,600,3
257,1597,814,1
36,1217,1745,1
1052,9,614,2
1453,1174,136,2
1361,295,1103,3
720,930,1593,3
461,707,733,1
1192,639,1311,2
1522,649,483,3
1195,1691,762,2
191,124,1497,2
1653,1427,553,3
1354,1041,1013,2
348,76,174,2
1085,1617,131,2
524,25,542,1
982,1419,659,3
176,1377,44,1
1120,376,1582,3
110,242,1576,3
886,302,1602,1
1442,432,1387,3
1771,361,1122,1
6,1406,1263,1
135,1032,1093,3
320,1321,774,3
1613,1302,1834,1
126,3,165,3
798,690,698,3
1296,1243,697,3
1673,1432,1651,2
201,758,1819,3
77,921,1426,3
291,963,89,2
1414,217,152,3
1517,741,1423,2
1774,1212,995,3
78,1379,1636,2
420,890,1757,3
1449,1153,1826,2
1277,1729,265,2
221,1055,164,1
514,1823,240,3
1670,1782,1015,1
613,1274,903,3
1813,1045,570,2
422,547,1752,3
1114,1563,1411,1
571,1455,383,3
167,729,880,1
208,1742,854,1
430,1311,1494,1
754,182,133,2
1737,485,1489,2
1588,1416,709,1
1330,1440,215,3
1176,568,505,3
637,1500,1799,1
67,94,1656,2
1267,1500,9,3
896,1670,362,1
437,857,124,1
114,1706,394,3
1623,669,117,3
268,834,1179,1
724,208,1228,1
1320,33,13,2
599,1788,302,1
1016,400,1147,1
1248,1413,1650,3
172,1438,1466,3
138,432,1799,3
36,792,1390,2
935,1525,1310,1
1107,249,1274,1
307,925,1814,3
1289,1296,256,1
1062,9,1622,1
1111,1160,926,1
1339,305,1160,2
139,1382,934,3
791,1107,649,2
600,601,883,2
1198,1475,1234,2
12,1127,1380,2
982,1615,613,2
1259,492,672,1
1844,914,423,3
1086,1808,741,2
160,1045,597,2
1449,77,60,3
980,73,1016,2
1316,542,1726,3
962,1836,372,3
376,1295,508,1
1800,165,201,2
240,580,1522,2
588,1796,754,2
540,1121,342,1
429,626,1296,1
1448,513,969,2
301,1693,512,1
58,723,772,3
195,1700,679,1
1578,623,1295,1
344,1487,1387,1
1203,734,1540,2
289,253,617,3
95,601,450,3
45,518,838,2
615,1116,1090,1
756,436,1557,3
320,1780,1165,2
494,287,551,1
846,1465,284,1
691,1022,952,1
568,324,842,2
961,1362,1624,3
688,238,906,3
68,1510,1112,3
1424,328,992,2
1430,352,202,2
543,1568,864,1
421,1059,1084,3
540,1350,996,2
461,317,932,3
1015,633,1325,1
1067,1087,663,1
1506,732,316,3
1706,1446,20,3
1029,1344,1218,3
488,546,159,2
985,1684,1238,3
1716,530,134,1
115,1224,1176,3
1369,1415,1294,1
1256,515,679,2
1282,277,178,2
747,520,365,3
1182,1598,838,3
963,137,1341,1
832,345,1229,2
784,986,717,2
232,1200,168,1
1741,572,1778,1
549,1059,771,2
1002,487,744,3
1247,1058,1629,1
605,1577,1604,3
1608,919,235,1
385,37,1473,3
488,948,1280,1
482,1682,1665,3
1800,384,746,2
1345,716,814,1
29,200,77,1
1059,117,1553,1
50,1251,1370,1
400,149,1592,3
1125,363,840,2
262,814,1503,1
365,483,1702,1
999,1454,700,2
137,174,892,1
470,1343,2,2
323,396,885,3
1619,614,684,3
903,1603,593,3
1175,1108,355,3
1008,908,1133,3
1602,1423,27,1
1,853,151,2
1539,1769,1101,2
938,994,606,1
961,265,1553,3
1807,767,1478,3
1221,616,1024,1
135,1171,1260,3
259,720,1263,1
595,1225,1430,1
1843,892,21,1
873,778,1324,1
431,1378,11,3
720,22,1830,1
614,1695,1419,3
1738,831,1296,1
1781,208,906,2
1023,540,1805,2
832,365,508,2
1442,367,770,3
1714,519,1632,1
400,77,1306,3
1704,638,201,1
854,1316,1473,3
66,954,821,2
488,1667,1790,3
1559,1631,1443,1
430,1351,1591,3
4,1337,454,1
1683,497,258,1
852,153,844,3
1430,987,32,2
124,770,952,3
96,820,266,1
745,1772,625,1
1569,220,1696,1
324,242,46,2
1439,1032,342,2
1339,1489,467,2
372,812,1318,3
1837,108,1128,3
1184,1744,1796,2
727,271,1191,3
548,597,925,1
1679,360,1257,1
1220,844,1614,2
382,1541,141,2
183,1017,92,3
256,602,1281,2
1134,481,1798,2
57,1313,919,2
1202,971,849,2
423,1809,1602,3
1621,1600,1818,1
1521,240,1437,2
696,247,326,2
501,1044,740,3
632,688,373,2
879,1193,942,2
1800,219,320,1
1349,141,494,1
413,1043,1538,3
1130,567,1778,1
840,514,313,3
188,36,32,1
1665,1713,385,1
1141,99,935,1
1513,748,273,2
991,678,506,2
1142,1558,1211,2
1124,483,187,1
768,408,486,2
1582,1742,1282,1
1148,1754,726,2
55,256,944,3
1672,101,585,2
685,1308,657,3
572,861,366,2
930,1037,1180,3
1730,1767,496,3
1011,429,1577,1
1038,369,1179,1
1298,298,916,1
1316,1514,1535,1
822,1830,1606,3
882,1159,400,2
1012,1246,918,3
1358,1219,1103,2
729,1619,1782,3
1521,1575,1500,2
1314,1454,292,3
850,732,479,3
552,760,347,3
753,205,896,2
1188,319,856,3
1097,1509,1109,3
777,89,1494,1
526,441,216,1
1277,1842,1281,3
46,217,210,2
1087,105,1051,1
215,527,1084,3
255,1567,1042,1
1229,693,518,1
1074,551,731,1
1386,1144,1269,1
1002,848,1079,2
1076,1059,1396,1
160,964,13,1
845,1572,854,2
1329,591,335,2
1103,296,1438,1
1416,528,1384,1
411,982,1128,2
69,1630,269,3
1664,960,810,3
1569,567,766,2
1439,411,59,1
1432,995,15,2
239,798,913,2
1266,1621,30,2
752,1200,140,2
666,1227,246,1
1313,1497,656,3
1712,1266,1301,2
1221,548,1736,3
1241,1360,265,2
319,470,1154,2
686,614,1203,1
382,101,421,2
478,619,75,1
899,1010,355,1
1068,322,267,1
1595,643,1396,1
678,1395,229,1
1015,1326,1,2
387,592,1287,1
1259,144,1640,1
1656,718,132,2
1366,175,659,2
1397,169,68,3
1406,1342,305,2
862,446,1127,1
1209,1551,1823,3
621,290,402,2
186,642,748,2
1207,1795,1293,3
1244,1853,1054,3
22,667,294,2
1620,989,786,1
280,406,448,3
707,623,575,2
1687,1247,41,3
1474,1233,1139,1
1486,287,1236,2
1553,1080,1034,2
549,4,162,1
961,768,935,3
680,481,1212,3
1847,673,598,1
697,1204,141,3
1298,756,1636,2
1267,1028,1477,2
1447,1690,461,2
367,169,606,2
675,1175,298,2
650,1407,1261,3
1612,114,16,1
123,1619,407,3
99,1154,763,2
960,252,1157,3
30,1023,1065,3
801,619,102,3
274,536,1565,1
607,310,1638,1
331,1019,1002,1
329,1342,1,3
342,1293,1555,2
1820,1681,27,2
1650,1388,174,3
458,1325,712,3
1835,1382,720,1
434,1620,1044,3
1594,103,671,1
80,1731,674,2
1231,405,484,2
1795,1302,1641,2
306,1815,1764,3
1116,1643,685,3
1301,439,1852,2
906,120,1248,2
1123,20,1659,1
932,1728,1208,3
44,606,528,3
715,1688,283,1
52,1537,15,3
994,88,1808,2
240,700,608,1
983,1325,249,3
1618,51,767,2
987,931,1157,1
617,1135,1385,1
272,873,946,3
252,1366,97,1
1653,1560,1709,1
1797,613,672,2
1526,1464,601,3
999,669,499,3
207,764,1825,3
15,394,722,3
1314,368,358,2
705,500,1318,1
1620,1107,775,1
1258,1234,1413,1
423,396,1238,1
924,1781,396,3
254,1335,1583,3
606,1786,998,2
765,1034,549,2
459,1325,1815,1
1726,379,1491,1
470,211,1703,2
568,790,1692,2
590,1507,743,1
1602,438,14,1
1233,1183,1245,1
396,564,1609,1
903,93,1293,1
1134,138,1631,1
896,579,1638,1
1318,1529,126,1
1745,805,199,2
232,560,1547,2
359,1498,1388,1
1526,1268,628,3
1491,1685,770,1
1440,1826,1718,1
1435,1554,891,3
1655,479,759,2
1848,1287,367,3
1773,1437,1632,3
443,1839,1287,3
212,338,1155,3
1032,514,1243,3
1646,1406,1666,2
670,762,1326,1
1777,1577,1815,1
258,1591,1427,2
1694,664,683,1
1508,802,416,1
1171,596,300,1
606,1746,784,2
284,1554,286,3
1279,451,1355,2
498,750,1448,3
20,861,671,2
202,280,870,1
845,927,297,1
414,602,562,3
1308,1579,1198,2
976,880,1686,3
1224,986,875,3
1507,543,495,1
1370,1040,716,2
696,1472,1481,3
902,981,48,1
1032,1047,1719,1
348,839,885,3
723,173,406,3
533,1019,390,3
192,609,1502,2
388,359,908,2
1573,443,502,2
554,200,1638,3
303,1640,1573,1
561,1442,1393,1
343,1324,618,1
1216,1146,193,1
1067,1424,173,2
738,1323,419,1
720,1263,816,3
518,1265,1626,1
50,1759,660,3
735,7,787,3
1575,698,636,2
197,1544,1729,1
854,1678,649,2
1403,403,1648,1
133,950,957,1
1010,1638,1101,3
1116,1723,104,1
1558,439,684,1
1390,1469,1530,1
537,1679,1057,3
889,1772,1576,1
404,811,635,2
1399,563,700,3
1044,155,11,1
135,1297,1774,1
1461,881,166,1
1635,491,1382,3
1820,766,321,2
1032,1261,254,3
1687,363,1004,3
13,144,1815,1
1020,599,60,1
415,217,1663,2
1184,1731,873,1
322,55,1472,2
463,484,1675,3
327,1374,286,3
1079,1405,896,1
1691,1795,1460,2
130,364,1759,1
1611,883,639,3
636,1498,511,2
1287,1443,361,3
134,1817,1109,1
1538,276,1781,2
1827,1474,579,2
1272,1559,1026,2
467,1707,510,2
1386,1173,595,2
564,741,393,1
443,223,273,1
1359,449,724,3
605,984,1674,1
834,354,393,1
1636,1113,1334,2
920,1383,1330,3
216,65,1163,2
15,431,1180,3
503,1729,1025,1
1599,447,1028,2
915,696,287,1
1182,331,518,2
570,423,1320,3
149,682,1053,3
876,654,1186,3
1456,1323,101,1
1528,191,1655,1
1509,1079,340,2
598,1649,1185,2
1800,525,553,3
400,89,1093,2
768,1050,477,1
432,1356,387,3
42,907,1307,3
384,437,235,2
1595,1366,764,2
998,1821,720,3
1049,694,351,2
80,371,1332,2
459,888,1786,3
1272,764,597,2
746,496,727,2
889,35,734,2
1387,1266,1206,3
5,608,1475,3
1101,1563,1580,2
222,1145,1271,2
72,40,218,3
1465,1395,868,1
848,1176,742,2
976,943,1228,1
256,1462,1696,1
1209,1823,1053,3
1434,1575,496,3
408,222,296,3
1032,473,669,3
1727,624,1656,1
430,93,1423,1
1239,332,1037,1
1287,1460,107,1
719,295,481,1
1561,1593,1025,3
651,365,866,3
864,933,1593,1
1224,1278,1010,2
901,429,258,1
1773,1594,602,2
1461,1288,997,2
1092,1209,468,2
1117,1166,337,2
1676,296,960,2
1344,37,491,3
667,1058,851,1
825,308,1605,3
250,1600,647,1
1789,342,1152,1
1850,1842,77,2
278,997,1393,1
1709,82,1382,3
654,671,1257,2
234,1668,136,3
587,1450,1199,1
428,1268,969,3
315,301,399,1
539,124,481,1
306,177,735,1
1098,1362,952,2
1690,836,1307,3
41,629,796,3
521,627,1099,2
192,1264,267,3
283,85,1051,2
278,451,1538,2
1258,968,637,2
4,891,106,2
407,517,1597,2
1550,1366,435,1
1617,401,132,2
1850,387,297,2
1764,78,797,2
516,887,751,2
1114,185,1741,2
1378,320,1676,1
1221,1132,278,1
1290,275,336,2
441,1285,261,3
1571,1708,903,3
1118,1659,1825,3
762,1732,323,2
915,322,73,1
1605,270,255,2
1410,1209,1381,2
1539,53,983,2
451,1424,274,1
703,1608,1793,2
1643,1326,927,1
882,1125,1105,1
1546,162,1345,2
1558,497,787,3
473,103,1567,3
1586,121,674,1
1217,788,865,3
1578,621,1575,3
99,1542,226,3
184,535,1425,2
450,1553,1710,1
228,1471,938,1
1708,1420,305,3
1343,1016,1800,3
1185,1679,1539,2
1216,1509,843,2
1516,454,1697,1
674,1007,276,3
1646,1187,1337,3
187,1591,796,3
1731,1845,541,2
1508,1580,403,1
1009,885,1239,1
812,1480,763,3
857,1092,599,3
1252,602,1753,3
338,1514,3,3
405,356,868,2
611,1550,1704,3
555,408,519,1
202,629,1470,1
413,778,74,3
192,1739,1060,2
386,1652,153,1
332,894,215,3
1250,916,1104,1
1849,1752,481,3
710,1750,502,2
725,1104,942,2
1584,1223,1185,1
1364,877,345,3
1330,730,354,3
304,75,1279,1
679,1249,740,2
329,1502,186,3
258,628,1090,1
1497,26,873,2
1336,790,169,1
1141,1555,507,3
1690,240,1697,2
1008,856,141,3
1326,367,422,3
1684,331,1068,2
479,82,429,2
1035,791,533,1
462,556,516,3
258,321,584,2
847,612,741,3
445,458,1224,1
653,1325,50,3
1126,848,1181,3
277,171,1306,2
339,35,880,2
110,230,965,1
1440,1406,1050,3
1272,1516,154,3
1331,101,861,3
292,1151,1369,3
472,713,1508,3
1575,1395,1802,3
1678,1274,248,1
434,515,928,2
621,1096,863,2
253,207,378,1
975,1296,1017,2
635,544,1048,2
1828,48,810,2
357,1293,1041,1
1425,373,227,2
1216,1749,486,3
1250,1455,1366,1
1241,1712,779,1
1719,1193,1648,2
1214,1813,1135,3
407,1332,13,1
462,662,891,2
1226,1173,37,3
70,90,548,2
15,1314,140,2
774,454,1601,3
1558,1614,782,3
99,1299,543,1
620,88,1614,3
901,1417,887,3
1121,491,887,2
1187,313,614,2
815,175,1824,3
1738,1576,799,2
1128,389,1038,3
574,1757,1529,2
1702,1323,1343,3
1782,1486,18,3
777,979,538,1
1185,318,1531,3
1369,954,795,1
1170,1335,225,1
291,79,1319,3
613,1787,1585,3
1064,513,1577,3
1449,723,765,1
1800,739,226,3
1147,706,1071,1
1769,1375,338,1
477,458,913,2
1811,154,631,1
1547,856,1039,2
1122,1158,1614,2
1079,834,1825,1
375,263,993,3
828,1786,910,3
1496,175,212,1
562,189,154,3
451,1042,138,3
1190,7,1188,1
1586,1215,841,2
1020,499,779,3
85,1665,1695,2
859,1485,345,3
1023,485,113,1
1251,1554,396,1
668,490,392,1
1172,1545,544,2
1160,229,709,1
644,768,1611,3
141,1712,1455,1
26,352,1034,3
236,1441,454,1
1710,1257,1745,3
747,862,394,3
852,1072,1003,3
724,947,241,3
711,449,554,3
706,372,904,2
1191,379,42,2
778,1450,5,2
684,1536,1007,3
768,410,1737,2
372,1313,800,1
748,488,1046,1
841,1143,1171,1
539,563,806,3
421,1522,920,2
1740,1379,1600,2
510,250,159,3
525,784,561,3
704,1396,1428,2
1476,822,1388,3
395,1543,1333,3
1156,729,1042,1
1849,607,392,2
828,315,278,1
591,1204,147,3
1267,1221,1601,3
1449,1409,1312,1
449,81,677,3
1716,613,1091,2
848,181,117,2
598,573,639,1
1169,371,1776,1
1740,1458,62,3
981,489,1225,2
1054,911,224,1
365,1519,1751,1
1115,1634,148,3
117,693,1659,3
907,171,1462,1
1682,295,1398,3
1786,732,101,1
1047,783,1761,2
183,734,1080,3
1138,1361,733,1
1559,743,706,1
130,1642,105,2
506,39,187,1
694,37,1205,3
138,1479,146,3
385,966,1348,3
400,1798,1614,2
277,1151,867,2
1270,661,1298,2
902,898,1173,2
1825,1525,1316,3
380,1422,1005,1
633,297,754,1
248,1060,143,2
1829,181,210,2
673,1541,212,2
1807,754,536,3
258,3,1610,2
1312,1164,27,2
896,1669,1760,3
1186,658,179,2
23,1463,429,3
786,1319,961,2
1667,1510,878,3
822,857,1462,3
1748,1441,439,3
1685,1315,1615,3
686,762,1818,1
396,1029,1190,3
1718,1027,1010,2
884,882,358,1
618,186,1406,3
970,817,517,3
673,822,1008,2
1701,1570,693,2
32,363,1480,2
334,64,175,2
1323,1491,686,2
800,1590,1609,2
914,292,364,2
133,944,1467,3
1127,222,371,1
1035,1447,43,3
1569,1614,1626,2
1509,289,1525,1
1129,1374,513,3
424,179,1215,1
1727,1364,1570,1
517,1827,1805,1
874,311,860,2
80,1565,347,2
988,1607,1832,2
559,870,38,1
1049,498,876,3
255,1781,369,3
1026,1507,1436,3
844,1236,314,1
1086,1413,1849,1
221,1751,1264,1
1273,1638,67,2
1088,480,1055,2
1809,452,281,2
1184,1842,758,2
669,235,555,3
1490,1752,291,1
22,1662,238,2
1352,986,516,2
373,75,936,2
1819,83,355,1
1539,1833,1335,1
1402,778,1239,3
1541,820,695,3
1517,1005,54,1
1341,603,851,1
1248,1209,1701,1
601,351,1346,2
400,317,1419,2
820,1607,1066,1
1067,1411,1854,2
598,961,1146,3
417,160,691,1
485,2,942,3
1240,892,1461,1
565,1117,236,1
982,110,314,1
1277,1525,560,3
423,1661,1822,1
1311,1068,718,3
454,76,546,1
1496,1056,1031,3
762,1263,1252,2
496,632,1004,2
1373,647,792,3
1503,115,512,2
596,203,1788,3
1823,1734,152,1
456,991,256,2
175,568,574,3
615,1498,1538,2
263,103,884,2
1250,1541,558,2
681,1425,964,3
1638,1444,77,1
1419,995,245,3
208,1804,599,3
630,1347,691,2
1634,1132,1239,3
571,1151,356,2
1745,1679,1001,3
721,588,1458,3
485,834,395,1
492,1785,1062,3
896,564,1663,3
780,1744,1266,3
416,124,660,1
904,1701,590,1
251,1061,1595,1
1432,1539,391,1
965,304,657,1
1219,596,1277,1
756,1731,401,3
1140,855,261,3
1719,211,1418,1
323,1569,1172,3
142,1386,825,1
535,94,1175,3
998,229,1156,2
234,1426,297,1
1226,1383,1486,1
1372,1159,1735,2
1844,96,967,1
1515,1821,96,3
1694,1602,1489,3
366,1092,427,1
1434,1236,979,2
1689,1043,540,3
1393,996,482,3
871,1071,1801,2
1432,1577,121,2
443,128,243,1
1759,1824,1320,3
324,1651,115,1
622,61,38,1
25,1074,1723,1
599,1488,379,2
1664,1399,739,1
591,1079,1069,2
295,1381,972,1
35,1457,258,3
285,154,1269,1
1074,51,913,3
774,1738,1714,1
1502,1803,1034,1
1002,1683,215,1
1413,1571,887,3
1773,912,562,3
152,70,300,1
1661,89,311,2
746,111,1471,2
678,770,656,2
317,928,1281,2
460,610,791,1
1757,46,235,1
1446,1730,1801,3
1345,1338,1234,1
1024,1381,607,3
120,156,772,1
1469,1061,1771,2
1051,662,455,1
411,1519,188,1
915,1136,351,3
1557,1728,263,2
1840,1497,235,3
1644,1176,1514,3
1311,970,494,2
430,1523,1733,1
1779,1719,1707,1
186,1812,1211,3
779,1698,1231,3
261,1302,1420,1
835,1009,821,1
1835,1157,1531,2
1382,574,1336,3
1127,692,1442,2
1698,1147,84,2
1462,1068,90,3
392,1717,1024,3
1652,1252,936,2
592,1338,565,3
146,1713,1800,2
1048,196,409,1
353,1322,627,3
1676,32,7,1
470,1265,623,2
401,1835,878,1
1421,1167,549,1
450,980,1283,1
679,318,480,2
1841,665,857,1
241,581,70,3
487,479,1491,2
874,38,1217,3
1540,722,293,1
1409,703,1537,2
1752,528,1411,3
1486,272,1329,2
1799,1579,515,3
1447,124,1816,2
1676,179,1750,1
1807,568,777,2
955,61,1229,3
565,739,1382,3
1189,1178,884,3
1390,2,604,1
241,945,1259,1
439,1097,431,3
517,713,717,1
911,653,8,1
585,169,699,3
700,1583,1022,2
619,23,401,3
897,500,10,3
825,689,1201,1
692,1606,502,2
1249,1383,1355,1
1200,695,8,2
77,118,11,3
943,1359,418,2
42,544,960,1
401,1683,1585,2
489,1032,678,3
1211,665,1565,2
1044,207,1777,2
1390,48,907,3
756,1084,295,2
945,665,745,3
435,188,288,1
1282,411,355,2
1244,675,1431,3
424,188,518,1
1722,1371,397,3
635,612,599,3
1445,1559,1826,2
406,1738,1601,3
578,438,1186,2
537,692,1544,1
924,974,1828,3
1631,788,142,3
582,28,561,2
745,1438,33,1
1202,729,656,2
934,603,456,2
1115,508,941,1
1218,738,1684,2
948,1094,277,1
1624,1383,117,1
802,1817,315,2
1485,511,1821,2
767,1113,292,3
1575,1464,1062,2
1323,1014,1452,2
1422,1697,201,3
114,50,409,2
286,221,682,2
35,766,1168,3
984,1264,222,3
316,140,766,1
432,1439,620,3
676,163,1641,1
315,1667,1306,3
140,1216,973,1
642,1604,1401,1
941,22,421,3
1567,1049,1061,3
1359,1080,1161,1
1473,1594,797,2
703,43,1522,1
616,1293,1236,1
993,1381,1455,2
566,273,716,2
1261,1418,329,3
1421,1235,1782,1
413,688,411,2
934,304,1642,1
1315,1634,1067,1
1777,74,159,3
994,484,245,2
221,1788,1246,3
282,186,1552,2
372,667,945,3
26,169,1738,3
587,504,1514,2
126,1536,909,3
719,557,49,3
914,1053,1668,1
215,1277,1261,1
60,259,1715,1
559,1694,1496,1
1227,155,1575,1
646,1192,164,1
1057,1014,672,3
423,1095,153,1
1582,489,1764,1
471,987,1398,2
789,568,1290,2
1235,533,1180,3
921,804,460,3
382,325,1335,1
266,1692,1295,2
1473,31,1231,2
922,1804,1188,1
1476,910,203,2
194,1631,1812,2
583,1158,93,1
871,1117,190,1
504,1696,1286,1
1492,167,721,3
985,336,1497,3
530,1456,1598,3
39,1133,41,1
687,539,1448,3
1470,1164,106,3
1459,977,472,2
253,468,1570,1
1459,765,745,2
1163,212,1419,1
772,1072,1198,3
659,1727,909,3
1745,514,481,2
228,76,27,3
853,598,1340,2
397,99,1234,2
130,1213,1705,2
111,1787,778,1
1159,1119,1400,1
411,156,405,1
65,1714,1682,2
1106,47,1190,3
545,83,758,1
896,1798,1092,1
392,1123,1262,1
571,1233,1566,2
1055,723,72,2
1337,181,359,1
1668,1124,1408,3
1564,611,167,1
97,265,1595,1
1713,512,1801,3
205,1558,728,3
862,1342,1120,3
1526,1584,1766,1
660,198,1125,1
973,701,111,1
1622,1079,1284,2
1472,1123,33,1
996,568,77,1
412,137,1204,1
86,1537,433,3
1640,1377,675,1
337,1376,651,3
1296,1042,579,3
61,841,1290,1
593,251,12,3
1116,1232,1317,3
1836,118,1420,1
943,1704,886,3
612,342,1550,2
1343,1461,444,3
1280,737,442,3
593,711,676,3
476,1753,1504,3
809,1785,1736,1
1510,1141,1815,1
757,1289,799,1
24,1598,596,3
672,1093,839,1
323,1665,1723,2
551,1501,675,2
1064,406,1565,1
596,1425,1160,1
1463,445,138,3
689,1351,1108,2
583,1600,542,3
445,1118,143,1
931,1159,268,3
1080,1074,271,2
622,585,1789,2
406,349,1076,1
504,1656,755,3
1030,737,901,2
1112,747,1230,1
996,512,1701,2
1057,1189,266,3
536,924,37,1
1363,1613,1073,2
878,421,582,3
995,799,1461,1
636,1576,55,2
650,1523,13,3
1203,906,1046,1
87,276,1367,2
627,431,573,3
1832,662,1344,1
369,1585,1014,2
1733,433,498,2
1806,98,1036,2
737,1047,127,2
699,86,176,1
1629,1141,1457,1
1067,1007,1388,1
1586,1091,819,3
1283,35,700,1
304,1211,265,1
1656,1592,1850,3
844,866,1508,1
657,460,54,2
463,1631,1806,3
1370,1434,1494,3
881,1572,1763,1
385,324,940,1
1736,138,1322,1
806,1608,1035,1
484,1630,409,1
137,1159,789,3
1718,1369,1666,3
77,93,1270,2
1137,820,135,3
1715,1009,1607,1
185,833,1067,3
1837,1091,1543,1
825,760,1495,1
819,1739,1156,3
440,1543,1808,1
1314,1846,1551,2
1752,1123,457,2
966,831,1698,3
1592,1658,1783,1
150,286,118,2
1184,1337,58,3
1281,489,622,1
1234,246,533,1
1232,1626,1806,2
1670,1292,84,2
679,1259,267,2
504,970,647,2
488,1262,86,2
684,132,1734,3
611,1360,4,1
788,418,1587,2
665,1792,242,3
1094,368,1815,3
1383,83,32,1
1670,497,641,1
1222,1063,1406,1
152,1638,1837,3
1189,1143,1201,2
799,803,1682,1
1292,837,1234,2
1638,554,368,3
609,1255,530,3
1835,381,7,2
940,239,686,3
1032,759,1680,2
33,378,753,3
945,98,1234,1
1775,475,79,1
1335,80,1489,1
297,835,1082,1
681,1142,1307,3
1604,612,401,3
1364,1542,1479,1
577,358,384,1
1010,1143,1361,3
535,804,1154,3
944,1415,866,3
1663,1613,328,3
472,1551,280,1
932,1366,737,1
35,314,1019,2
752,137,1063,2
1205,1224,803,1
693,1793,16,2
1155,959,105,3
1403,1842,1451,2
575,1115,1068,1
1690,1395,734,2
737,1113,152,2
356,1194,1209,3
152,19,192,3
420,1397,286,3
356,1492,1521,1
1259,1459,991,3
124,1825,1041,2
1400,1622,705,1
1376,1131,1338,1
930,502,1073,3
496,846,1113,3
1429,1823,1535,3
137,1286,1197,2
859,1664,1450,2
1025,541,1129,3
1312,833,1646,3
49,755,42,2
559,1206,1420,3
803,376,1306,3
1019,740,487,2
931,798,1647,2
701,944,1534,1
1229,833,1348,1
635,1142,730,3
1603,1512,1247,2
1110,1762,1124,2
588,340,267,3
1596,1493,1690,2
401,51,354,2
1730,172,451,3
238,1810,965,1
907,124,408,1
909,181,387,3
589,1574,468,1
1300,632,1522,1
1313,408,1008,1
798,366,708,2
948,1145,5,1
546,1553,667,2
556,1157,69,2
1789,464,1355,1
1309,1440,962,1
927,1310,1788,1
1223,1017,1797,2
559,1451,1669,1
1491,918,312,3
650,1501,1284,3
587,100,904,3
996,1583,392,1
348,1687,907,2
1396,381,1252,1
960,904,296,2
1412,498,585,1
1525,612,1709,2
1157,894,1761,1
1088,1694,905,3
1508,120,1733,3
781,486,987,3
752,538,1644,2
356,95,636,2
1039,815,342,2
144,1836,872,3
1292,624,1073,1
172,1715,1027,3
652,1462,489,3
904,740,696,3
311,1699,1331,1
280,669,246,3
749,1843,224,2
332,1099,1722,1
1717,305,841,3
302,901,1233,1
1716,607,1650,1
712,1475,1727,3
675,1764,1607,2
1652,673,973,2
565,183,1243,3
94,834,1016,3
798,1689,431,1
1173,1383,1159,2
1077,1058,373,2
1249,285,689,3
978,853,1605,3
1005,764,909,1
16,380,1343,2
204,582,343,2
1187,1185,601,2
1331,1166,1178,1
34,532,1086,3
1450,1581,27,3
910,1613,804,3
1008,1654,79,1
1257,1136,605,3
1417,908,254,1
1091,19,340,1
418,1704,1180,1
756,1505,1075,1
39,1260,1166,3
954,1384,440,1
381,583,555,1
1037,1192,1191,2
701,963,915,2
1278,1761,1455,3
774,540,816,3
1512,1404,67,1
1438,1442,1333,1
1403,772,1306,3
881,1598,1566,3
453,1238,399,3
754,1636,1002,3
947,1284,1504,3
1465,308,1647,1
1270,361,731,3
463,373,1300,2
1839,546,548,2
362,629,75,3
140,1298,477,3
1847,1739,614,2
459,1429,1484,1
1509,1399,1363,3
842,1720,1583,2
170,1772,1436,3
973,1108,92,1
907,717,1589,2
1719,1378,1308,2
250,159,745,1
381,1641,414,3
1192,281,765,2
103,1060,535,1
492,879,1118,2
824,701,1696,2
932,210,1233,1
1305,1822,991,3
113,843,154,1
82,341,1599,2
262,722,1089,2
937,993,127,3
1811,32,1469,2
806,1554,1745,1
760,944,1020,2
51,943,166,3
934,153,258,1
1035,751,136,2
1096,55,1144,2
735,55,1375,1
1383,1397,622,2
174,952,1028,3
63,191,159,2
329,1534,1392,1
804,285,282,3
1763,838,572,2
1775,1463,173,1
70,995,1373,1
329,1637,341,3
146,1062,759,2
636,230,405,2
595,1853,630,2
1018,1192,554,2
789,118,115,1
760,705,209,3
480,1751,152,3
490,278,362,3
524,1376,1480,3
44,334,1049,2
1606,1752,1070,2
1009,1087,1558,3
425,1423,467,1
1086,520,1196,2
1545,423,315,2
490,1335,700,2
1516,1621,1763,1
1675,1303,1136,3
529,1452,540,1
190,628,481,2
189,1813,1597,1
757,69,1100,2
896,1390,1500,3
1536,793,157,2
1822,674,1844,3
1213,1534,831,1
1210,1699,1267,2
950,664,1467,1
1829,64,1490,1
1770,1109,637,1
345,628,1423,3
695,777,1675,1
381,1568,408,1
358,766,336,3
594,245,822,3
146,651,1193,2
991,333,787,2
566,60,398,2
1099,698,1751,3
395,1337,171,3
1753,1262,899,1
1701,1104,534,3
574,1615,159,3
298,390,742,1
1198,255,1192,2
1135,1758,1689,2
941,1103,738,3
1568,958,1564,1
1617,802,1575,2
819,1743,932,1
1355,542,1332,2
1330,1563,732,3
1083,1851,1284,2
508,963,939,3
1299,1083,1121,1
336,1823,1754,1
1237,97,1557,3
471,829,397,1
1024,1033,1689,1
1031,909,1794,2
986,124,814,1
957,1028,1105,1
42,163,1475,3
1730,308,1750,3
275,259,237,2
1169,13,1019,1
1325,1768,1383,1
1505,898,1749,1
153,417,1803,1
1307,1297,1180,1
1182,493,656,1
1387,625,594,3
1175,186,2,3
956,1582,750,1
1653,332,212,3
1281,1821,54,2
1412,1278,1595,1
925,669,1645,3
1590,311,597,3
443,288,1079,2
920,134,1849,1
1039,917,102,1
253,1854,468,1
1664,1583,1082,3
768,1548,1844,1
1804,922,276,3
1800,1587,242,3
1003,840,88,3
211,1370,1746,3
766,15,1064,1
201,1105,1766,2
1689,1417,778,1
277,1633,119,2
718,54,1029,2
925,132,1832,1
531,76,1198,2
164,1846,942,3
300,1124,759,1
215,1834,1438,3
1552,1591,1801,1
819,1703,668,1
1460,61,1069,3
89,1700,789,3
982,1584,897,3
79,130,596,1
1446,278,1410,3
872,1238,57,2
963,558,1415,3
917,1096,941,1
506,838,1797,2
633,1558,44,1
1123,827,797,1
532,1836,1797,3
1832,1173,207,2
525,970,1042,3
104,297,1853,1
1653,1548,81,2
734,245,262,2
381,997,572,1
1560,439,596,3
1227,958,861,3
304,1699,1521,1
1456,593,10,3
1565,552,561,1
795,1575,1560,2
191,1296,1832,2
1535,1583,55,1
1,1361,1553,2
401,174,936,1
1237,147,1790,1
1513,437,796,2
1744,726,668,2
816,1031,1219,2
728,1326,516,1
1630,1024,390,3
1311,712,637,1
528,968,477,3
380,187,1007,1
1350,49,81,1
520,490,845,1
144,548,709,2
472,1732,644,2
424,1654,1854,1
1640,412,1006,1
684,277,860,1
1834,1139,823,1
891,28,843,3
192,21,315,3
997,1633,1569,2
1561,1318,990,3
172,192,67,3
1413,84,178,1
654,546,1300,2
1475,1784,1707,1
1188,1281,1491,1
633,843,1209,3
900,429,59,2
1426,1327,330,3
62,1737,827,2
1226,955,1756,3
803,765,683,2
76,3,1471,1
1100,575,1741,1
1613,97,1689,2
1776,1045,952,1
1715,1209,54,3
320,950,305,2
1296,1266,1452,2
42,1296,96,1
1482,1160,1565,1
311,1516,1168,1
1482,700,1587,3
1123,92,1315,2
242,1628,1584,1
1104,656,839,2
580,997,1193,3
1822,786,1542,2
1075,317,825,3
1072,604,1834,3
1326,57,1530,3
1023,1654,1401,2
1155,519,185,1
267,1632,6,1
1765,536,1218,3
1657,498,659,3
1152,1354,1054,1
116,952,728,2
198,1540,1001,2
1820,1600,1851,3
631,1236,984,1
474,609,1202,2
463,1828,27,3
630,1559,650,3
1502,1579,60,3
430,991,568,3
1268,1107,1530,1
38,1801,1649,2
230,642,1241,2
1460,1280,122,1
1708,1481,869,3
610,1491,895,3
329,876,158,2
306,192,481,2
1142,684,1653,2
1739,337,1804,2
1792,530,675,3
675,865,1003,2
901,1484,1800,2
1064,1474,185,2
528,1736,686,3
633,1231,1711,1
847,758,1849,3
1270,683,115,2
1549,649,1395,3
796,618,107,3
1408,140,329,2
1098,1645,174,1
572,1232,758,2
1084,1355,380,3
1767,828,673,2
658,1320,1795,1
835,1219,1036,3
1353,539,933,1
326,1502,1681,1
1257,384,1350,3
1338,1548,499,2
884,1746,1594,1
1064,343,1630,2
168,852,800,3
1396,201,351,1
424,870,1844,2
1030,1367,721,3
594,661,1078,2
401,742,1658,1
39,1406,412,2
1481,558,273,2
633,805,1258,3
177,881,1370,1
1598,1540,604,2
487,885,1195,1
4,1052,708,3
1024,436,613,1
525,1813,417,3
861,649,195,3
1654,322,943,2
1781,1431,87,2
114,975,501,3
1099,914,1060,2
397,573,43,1
928,1635,1358,2
1506,1621,671,3
1509,1277,1166,2
903,1836,1768,1
1050,154,124,2
450,1712,1123,2
489,54,1257,2
1485,1153,1655,2
366,119,1249,3
1603,579,260,1
1200,1273,1725,2
743,818,1598,2
1504,1363,92,1
149,372,1082,1
417,1457,641,2
1172,1560,770,3
730,1528,938,3
1029,1354,1371,2
1198,1141,1030,1
424,1829,509,1
1316,1463,535,1
1619,538,420,1
1611,763,494,2
1363,1633,1308,3
973,454,25,3
1377,66,1248,3
1814,69,731,3
85,1183,1591,2
1306,1436,961,1
349,466,410,2
246,633,1287,3
950,230,629,1
583,1820,305,1
473,1481,1788,3
1834,542,265,3
441,1742,1395,2
1469,929,579,3
103,1377,740,2
901,792,1367,2
1582,276,1539,2
1130,1234,1659,3
567,1100,635,2
743,265,317,3
737,1600,101,1
263,1389,1683,2
1067,1756,1806,2
104,1112,982,1
309,879,1421,2
36,1683,208,3
860,1023,51,2
1802,329,734,2
549,798,1464,3
637,1692,1126,3
75,263,1533,2
1724,475,501,1
1113,554,1291,3
889,1484,1721,1
1626,967,1083,2
1794,623,566,2
892,990,400,1
448,1595,45,3
620,945,261,3
67,755,45,3
1363,90,515,3
792,1804,1154,2
349,79,997,1
1333,217,742,1
516,1654,281,2
1051,1461,1307,3
1544,1032,891,3
917,1054,292,2
131,1018,1153,1
24,1031,1191,1
262,1539,1702,1
745,1616,155,1
907,1603,427,2
864,576,193,1
1143,549,1320,2
842,1213,1610,1
1141,1036,1372,1
1641,303,822,1
193,711,220,2
1115,1683,871,2
573,1065,530,1
334,561,592,3
1139,975,1574,1
1093,1773,258,2
1322,897,92,1
330,1599,1126,1
131,1713,537,3
68,858,245,1
491,364,751,3
1546,56,144,3
923,1438,1100,2
1753,375,1638,2
1110,13,1676,1
1348,2,233,3
1517,280,1352,1
1575,788,1437,3
1129,561,1327,3
428,1285,61,1
1226,353,291,2
402,77,1502,2
689,131,141,3
1495,1829,1587,1
692,781,1734,3
1269,1657,589,3
236,1605,1237,2
260,342,512,3
1184,784,1764,1
1639,1258,1024,1
1514,1614,1476,1
280,500,71,3
656,1007,1396,2
1448,1769,831,2
88,1393,350,2
1263,1569,1292,3
822,1457,772,2
305,939,333,1
1175,1393,1091,1
356,1356,154,2
1799,358,616,2
634,1425,896,3
69,1289,1220,2
579,427,642,3
1257,924,1295,2
1487,1535,1799,1
1113,299,1494,1
1222,1126,247,1
1368,1495,875,3
1637,724,660,2
1015,8,1573,1
844,1224,1144,2
1705,827,1471,2
1376,639,1547,1
574,4,1731,1
679,1307,1167,1
1509,1232,473,1
1562,1459,1335,2
1471,327,1129,1
187,702,1548,1
1695,44,1649,3
159,1135,389,1
1831,1591,76,2
1182,1082,1135,3
1485,1163,1815,3
1498,743,355,3
1443,857,608,3
219,452,1301,1
908,1716,1656,3
674,210,1639,1
384,1044,1488,1
1175,1358,677,1
1212,314,1361,1
195,1506,3,3
562,1445,469,2
390,1765,1407,2
371,976,1325,2
157,564,480,1
1448,970,311,3
807,153,112,3
11,1262,1137,2
569,812,589,2
1183,546,104,3
1072,1054,1404,2
114,881,914,1
231,375,427,2
1721,730,1553,3
390,1389,1506,3
353,547,708,2
713,1782,1479,1
1201,133,1232,3
994,1096,1290,2
723,264,553,2
283,411,1761,1
1004,304,104,1
893,851,933,1
1838,1317,885,3
1329,369,1495,3
1852,344,1405,3
1039,1294,1370,2
650,832,927,1
531,791,903,3
286,1613,499,2
1286,1304,1611,2
965,81,674,2
689,912,302,3
915,608,435,2
607,885,913,1
1343,986,273,1
1716,624,1418,2
762,1739,1592,2
1364,1017,1203,2
131,451,1334,2
284,1234,1098,2
1118,125,1027,1
744,816,267,3
1309,2,563,3
137,1571,1268,2
1350,356,1853,1
310,731,769,2
217,830,1365,3
739,619,1518,1
1106,1740,966,1
1556,1591,1052,1
502,155,736,3
1451,1693,1596,1
222,556,1220,1
1480,779,278,2
718,1137,1828,1
1159,1122,324,1
1758,595,1264,1
172,803,1850,2
1833,1009,513,1
1707,103,283,1
1482,1496,320,2
481,1622,1450,1
345,126,698,1
1047,1610,59,3
793,88,979,1
1255,5,512,3
1409,96,1610,2
322,1340,1320,3
943,1058,289,2
1221,1006,559,1
8,1371,35,3
94,1708,1431,3
1630,351,607,1
1579,1558,1417,1
1448,1592,214,2
1629,1194,432,3
137,17,1254,3
1757,1786,1459,1
1207,916,1335,2
1158,560,1298,1
862,441,856,1
1722,464,1209,3
1094,1769,492,2
313,874,1527,3
1509,950,211,2
1023,1358,1573,2
547,828,1849,3
466,221,34,2
538,650,877,2
588,266,1290,3
1032,286,903,1
1259,813,1264,3
1339,653,1180,2
1814,31,509,1
181,279,576,3
1222,1401,1658,3
364,680,151,3
1390,95,984,1
1072,1100,712,1
984,558,1020,1
1051,181,1610,2
1008,1360,1562,2
47,326,592,3
1048,138,835,3
250,1223,110,1
1598,1126,1542,3
1436,1705,1791,3
1770,5,1084,1
597,1629,1276,2
1787,154,1323,2
1545,357,1388,1
1074,1403,1755,2
1414,1543,1264,2
789,1819,736,2
731,1136,1710,3
1171,62,2,1
334,36,396,2
299,388,438,3
579,733,287,2
29,1117,728,2
339,974,1579,3
715,472,1431,2
1022,369,20,1
1041,420,811,1
1754,243,716,2
1650,1628,1727,1
880,1079,214,3
1425,802,607,3
1305,901,737,1
360,144,254,1
1701,524,459,3
1663,1800,522,1
671,913,338,3
170,1666,962,2
1794,522,1787,3
1315,1113,1508,2
730,427,416,1
575,1188,711,1
540,1420,1639,2
557,444,1800,1
706,1558,518,3
1650,1774,1046,3
830,1468,1141,3
1236,383,997,1
57,303,308,1
1712,1763,788,2
1037,1084,996,2
120,1434,1567,2
842,242,629,2
1795,1372,728,3
1543,193,890,2
1313,414,599,2
1139,1416,842,1
931,135,1780,1
329,553,1069,2
200,342,1209,1
1225,601,1030,2
663,1063,1789,2
1344,760,1256,1
1562,758,863,3
24,1320,1099,1
1048,1629,110,2
1145,1744,1371,1
761,1399,690,1
1831,170,1839,1
734,1579,210,1
137,1057,1802,1
1136,175,580,1
362,1476,233,1
676,556,1067,2
1567,756,1327,3
480,462,572,2
1075,573,572,2
1626,1284,971,3
492,1,337,2
1273,105,1404,3
307,1025,1303,2
1034,179,90,1
803,250,670,3
1466,1833,1097,2
3,1480,402,2
747,93,1514,3
355,1334,795,2
438,1425,1644,2
1064,818,525,3
732,1844,1495,2
8,530,1045,3
182,1600,1449,1
1732,279,72,1
307,544,394,1
739,1782,810,3
1737,1107,821,3
163,1600,1010,3
1440,1743,617,3
488,1386,1340,1
130,1124,1492,1
635,724,1704,2
1151,722,561,2
72,861,98,2
1165,509,682,1
135,426,571,1
766,474,1800,2
703,420,327,1
711,236,1825,2
341,1828,1645,2
1462,608,1451,2
409,559,1122,3
1281,81,1134,2
501,989,674,2
1682,351,1630,1
1828,1152,180,1
762,1655,305,2
79,308,408,1
235,878,82,2
270,970,530,2
1119,1131,931,1
400,350,1325,1
1376,1791,1301,1
1490,1302,288,1
307,1806,470,3
1549,498,964,2
139,577,299,1
976,1407,778,3
1787,844,815,3
1834,1311,1363,3
422,1534,1392,1
1791,1593,931,3
293,1483,848,3
1833,1063,1441,1
548,1523,293,1
117,1759,991,3
949,533,483,2
629,1578,864,1
1336,1114,583,2
804,1298,515,2
496,997,1362,1
1374,411,452,2
1536,1426,558,2
784,384,353,3
201,42,1778,2
1136,1421,1364,1
373,473,685,2
63,1191,1236,1
901,1057,419,3
1679,145,140,3
1560,492,893,1
564,1669,249,2
1478,975,1190,2
654,975,20,2
1286,54,801,3
226,260,1031,1
10,1376,1135,2
367,1152,536,3
1212,1671,698,1
582,922,398,1
1299,1773,1568,2
160,1758,894,3
833,441,1199,1
1236,1510,1651,1
425,41,1097,3
74,120,774,3
301,346,817,1
851,1217,1659,2
117,1695,1762,2
1170,1108,1832,3
1772,848,610,3
1356,104,968,1
162,806,555,2
1612,1552,902,1
983,313,910,3
596,513,597,3
287,836,1645,2
1635,1735,1066,1
131,1447,1430,3
648,557,1380,3
1042,1783,64,3
902,1023,1844,1
315,750,930,2
711,1222,184,3
408,1628,347,1
1698,1562,630,3
1573,1335,338,1
209,1167,372,3
1342,1265,725,3
1155,1019,402,2
832,795,112,3
308,817,61,3
1478,654,1207,1
144,564,85,1
1736,1795,545,3
1822,239,1004,2
400,231,644,2
782,298,1504,1
318,1372,16,3
1287,1644,1533,1
922,1501,361,1
1440,781,1791,3
18,510,354,1
1503,332,1592,3
1829,502,146,1
1248,1214,361,3
364,1359,1790,3
471,989,1550,3
890,1131,433,3
2,442,1336,3
478,433,1471,2
1465,540,828,1
1348,139,1761,1
731,1575,1262,2
1097,722,764,1
1704,1051,83,3
1054,1123,194,2
46,1517,170,1
110,1,1623,2
752,1836,729,3
1139,970,1400,3
831,691,1626,3
1698,1518,1046,2
1693,880,1630,1
674,650,115,2
1043,40,1704,3
947,1347,1513,3
1155,1199,1451,1
205,169,1523,1
1793,1104,1255,3
1757,1375,1349,3
102,1679,19,2
1161,1785,1476,2
1413,346,412,2
1483,710,1604,3
1809,1022,1085,3
1831,1713,139,2
3,1845,1345,3
66,1789,425,1
1323,440,986,2
1291,74,505,2
247,1847,1566,3
537,738,617,2
272,1544,341,2
832,1589,577,3
812,1144,378,3
749,1657,1654,3
1330,1599,554,3
403,1115,1126,3
559,1605,1333,2
212,324,1104,3
1268,377,1023,1
260,1417,1727,3
575,337,1790,1
19,1194,948,1
1377,1133,1247,1
228,1791,580,3
744,1643,1653,1
1647,200,987,2
1674,820,463,3
1217,524,364,1
396,849,1633,1
996,1577,780,1
1100,483,502,1
1539,257,91,2
515,571,676,2
1661,197,308,2
186,369,391,1
1798,25,277,3
271,1833,552,2
609,1023,598,1
1643,1615,782,1
123,913,1805,1
1084,1317,14,3
266,282,214,3
58,121,1155,2
286,1256,197,3
796,722,889,3
966,1116,1436,1
1820,418,437,2
1091,1517,304,3
101,556,1256,2
999,1222,556,1
74,1280,1831,2
133,1800,1529,2
287,823,454,1
820,204,114,2
948,191,1764,2
1584,626,666,2
756,16,423,2
496,708,1013,1
407,427,704,3
402,788,657,2
229,1104,1543,3
1384,844,1839,2
260,466,1044,3
210,1778,1530,1
145,693,812,1
1439,348,1544,3
1408,1606,959,2
357,945,1386,2
656,1671,58,3
1376,1685,1447,2
1296,1643,562,2
562,428,1428,2
359,711,1718,3
1116,320,1192,3
1217,1290,1794,1
1095,26,1651,1
385,690,974,1
799,1169,661,3
1677,236,1326,2
939,288,1437,3
1474,692,1048,2
1615,162,1533,3
248,466,492,2
1805,495,137,3
1452,1264,646,3
311,534,1571,3
1513,1487,1254,1
800,1463,1418,3
1620,603,254,3
1215,1617,292,1
1056,212,366,1
115,343,1761,1
821,1705,1058,1
918,553,977,3
1489,463,908,1
282,1103,248,3
508,268,126,3
1425,1630,926,2
534,849,702,1
1799,427,865,3
721,751,434,3
1814,859,807,1
381,1598,558,2
51,1477,770,2
1060,380,969,2
673,1243,635,3
972,758,720,2
1664,496,1234,3
502,631,920,3
1258,818,1685,2
1759,163,280,2
183,1112,1721,3
1438,65,70,2
307,400,1699,2
1247,1342,1537,1
1209,12,1342,1
574,166,1636,2
809,1474,1476,3
73,136,283,1
357,884,1231,3
667,1498,334,3
954,1524,809,3
201,134,574,2
1737,931,444,3
261,529,151,3
1219,824,209,2
606,219,227,1
739,1690,325,3
1746,522,541,2
1643,1587,1690,2
968,748,349,1
635,602,1192,2
293,777,913,3
1578,27,1511,1
1462,666,820,3
647,1702,597,3
1561,440,1529,1
732,421,1052,2
187,518,914,1
972,1039,441,2
1484,36,1167,3
1538,418,263,1
1346,841,807,1
785,1299,405,1
1252,684,1141,3
864,914,1240,2
1048,439,418,3
422,600,1268,1
1434,623,408,3
339,272,1161,2
1117,1753,260,2
1222,1419,1772,3
1739,1423,1039,3
1582,1136,1756,1
1590,1255,760,2
1627,1539,1217,1
1141,162,1849,3
437,93,1822,1
1530,1509,1382,1
1142,366,469,2
1325,715,547,3
1131,1552,380,1
1025,1702,1125,3
735,1644,455,1
595,1783,1393,1
211,473,1142,2
1568,1680,1758,1
1705,378,1215,2
1528,427,1355,2
1744,872,1053,3
45,90,747,3
545,555,144,1
1720,1434,669,1
244,1138,187,1
723,1378,1038,1
925,706,1203,2
638,1532,1758,1
1450,429,1164,2
839,1101,1136,1
317,41,822,3
121,1190,836,2
361,1793,511,1
1239,1140,509,1
1783,101,1011,2
1295,52,67,2
11,1022,521,1
764,420,1298,2
1533,1844,1791,3
960,982,1553,2
447,1499,237,2
617,1352,1815,2
1533,840,1638,2
1246,600,283,3
1780,1590,319,1
29,1371,979,2
305,1191,1418,3
1217,716,311,1
1799,1351,608,2
1568,1605,683,2
1501,1446,1482,2
787,1847,1811,1
332,442,963,3
686,1198,909,3
1655,352,131,3
1768,452,1719,3
1341,514,440,1
66,1485,397,3
1586,1261,1772,1
773,1851,546,1
381,688,946,2
1,793,1802,2
1693,827,1465,1
1466,1116,587,1
479,1304,1342,3
1770,1727,1724,3
1233,1570,1055,2
1083,984,351,2
1489,1698,349,2
1644,1662,444,1
1400,356,470,2
1002,859,610,2
1333,1796,1419,1
2,1760,135,3
992,645,979,1
1720,1489,174,1
1273,1505,1617,2
1045,1626,85,2
1549,214,1817,3
1101,1678,257,3
1719,1743,1822,3
293,1165,1530,3
1333,1808,559,1
1822,1635,1407,1
1383,1589,1265,2
23,295,523,2
553,340,1718,3
195,1656,2,1
881,860,390,2
193,139,329,2
1328,1444,1534,3
1196,531,1016,3
145,1439,1339,2
1464,1373,942,2
1179,293,873,2
1132,537,843,3
1772,501,1719,3
293,535,1352,3
1501,943,920,1
155,274,861,3
424,803,575,2
930,1826,1382,1
850,1684,361,3
639,789,1540,1
669,1034,1357,3
1506,1138,1394,2
1472,1211,1624,1
1587,174,1185,3
89,1630,459,1
17,621,1187,1
573,27,1388,3
578,1488,1468,3
1158,476,69,1
917,1078,49,2
1828,1246,429,3
592,1154,1788,1
616,594,1635,1
1742,1376,1252,3
819,1203,531,3
1206,551,105,2
529,728,902,3
93,1681,1285,1
381,1633,279,2
756,704,1541,1
553,365,1604,1
1118,942,1027,3
180,1683,750,2
336,1029,1123,2
490,162,566,1
437,1176,1139,1
1719,1678,448,1
171,78,1228,2
384,1566,585,3
824,1003,920,2
336,1343,1596,2
733,1152,974,1
753,1144,544,3
1728,1550,307,1
1313,991,610,1
1133,1173,80,1
1530,1460,569,3
648,222,67,1
1613,1553,838,3
216,863,368,2
943,270,1215,1
851,656,366,1
1412,1844,803,1
1198,605,1809,1
827,1630,1048,1
1519,923,737,2
247,585,1160,2
1762,1439,484,2
1732,1465,1241,1
1372,1072,816,3
145,763,1293,3
1442,680,588,3
158,1289,1572,2
1789,55,1144,2
735,1510,1611,2
293,558,1768,3
1817,696,1447,2
647,1139,1109,3
979,1396,1653,3
1334,1345,1054,3
820,1522,1586,3
60,526,1666,2
802,1788,1564,3
1250,8,189,1
1121,1131,509,2
1702,1405,215,3
1626,28,1426,1
343,147,443,2
974,1683,195,3
1510,1594,1036,3
849,41,1159,1
230,1267,426,3
1635,986,717,2
207,1618,428,3
67,1754,839,3
1773,1807,1628,1
226,660,1779,2
410,490,322,3
845,228,1423,3
50,604,451,1
333,1536,1178,1
552,146,347,3
1281,428,1852,1
1334,225,336,3
884,470,407,3
92,1273,767,3
1213,66,428,2
1137,926,314,1
1159,607,659,2
1672,1727,1592,1
1604,1780,1310,3
574,779,1160,2
230,1690,742,1
1799,1186,306,3
9,214,69,3
1176,1332,689,1
928,1431,1842,2
1094,395,34,3
1544,655,1393,2
1391,332,891,1
1040,1256,60,2
921,1355,406,1
1318,1006,1764,1
1791,154,877,2
1443,429,1355,1
1019,553,583,1
699,649,114,3
58,1045,585,3
436,1816,326,3
1479,1839,988,3
1640,1602,120,1
176,425,619,3
304,467,567,1
127,109,1436,1
189,1431,1138,2
1329,1563,1177,1
1037,700,1218,1
1590,187,1788,2
483,860,61,3
1138,1201,1277,3
1121,1780,1618,2
1019,984,1259,2
381,1661,302,2
1734,1454,1497,1
559,1710,934,1
1129,1352,767,1
1104,1700,941,2
645,1117,248,1
1650,1782,1131,1
514,809,507,2
179,752,844,3
901,764,1852,3
861,1308,1116,3
361,1574,88,2
226,406,1733,2
1797,1471,1674,2
282,1264,750,1
1561,270,1722,3
717,1019,1030,3
1147,783,1664,3
1227,619,380,1
1597,1215,338,2
1518,373,611,3
217,1238,464,2
416,246,906,1
797,1630,1647,3
1389,366,158,1
1493,1631,164,2
211,485,836,3
736,729,105,1
1412,468,1132,2
1227,1001,288,2
655,1214,251,2
750,340,1778,1
3,247,1723,3
1529,785,786,1
945,982,724,1
18,687,1748,2
110,252,1812,1
787,808,328,2
9,1755,473,1
1138,1391,227,2
35,1068,1755,3
1512,520,670,2
810,1369,75,3
1504,892,776,3
1720,1206,883,2
1173,1336,303,1
283,242,1197,2
1135,1023,488,1
1619,689,241,2
429,1335,657,2
891,801,976,1
547,1616,698,3
1243,336,1220,1
1224,1703,1747,2
753,607,1322,2
930,988,337,3
1137,1624,1748,1
89,1522,1739,2
273,1080,1806,1
263,1508,336,3
371,1107,1643,3
137,577,1588,3
1266,738,400,1
249,817,780,2
881,1364,705,3
1068,1819,357,2
912,399,1061,2
1363,914,823,2
954,669,1126,3
1265,1700,686,2
1362,931,238,1
536,314,1126,3
607,258,893,2
96,164,1378,1
302,735,1851,3
1495,1011,1268,2
1041,1320,1368,3
1119,1587,72,2
221,1827,521,3
597,164,113,1
675,218,1154,1
1655,1820,1346,2
574,114,1361,1
37,773,468,1
1104,508,561,2
1675,240,1225,2
73,1768,1506,3
483,485,642,3
191,52,428,3
1164,207,926,2
1254,412,1690,1
1813,208,1405,3
617,466,976,2
1832,1188,1205,1
1286,366,701,1
717,1331,666,2
40,348,165,3
41,1835,346,2
874,296,1583,1
456,899,307,2
1203,386,348,3
1574,314,176,3
535,738,1381,3
1588,319,959,1
422,575,103,1
1159,1223,1444,1
277,794,1777,3
1828,11,1589,3
598,193,411,3
1713,1631,851,2
1324,431,1773,3
391,1765,1588,1
1840,1526,207,2
724,259,1523,1
223,542,366,2
461,1332,1784,2
327,815,324,3
1409,412,1141,3
1025,823,1745,3
366,343,817,2
1765,1198,664,1
620,1225,1501,3
115,459,1045,2
1485,1200,277,2
1483,1636,731,3
1186,1188,1092,2
807,156,617,1
604,870,1254,1
340,31,1648,2
1122,670,611,1
741,517,133,2
129,186,318,2
181,1737,71,3
811,1168,1018,2
1194,344,992,3
1302,1040,137,3
1736,959,28,2
1620,1796,1333,2
102,669,667,3
418,841,1039,2
1425,1203,1037,1
1073,1703,926,1
1688,1006,1349,2
581,436,901,2
1206,709,1355,1
714,935,973,2
1790,1491,1013,3
1605,1120,737,1
49,1240,211,2
749,992,77,3
314,1643,211,3
453,627,1739,2
1128,1719,226,3
630,1134,270,2
1686,744,1512,2
718,756,869,2
1109,196,559,2
403,530,636,2
1790,1177,933,1
249,1001,531,2
1188,985,656,2
1251,259,1153,3
968,279,1642,2
937,535,1619,3
270,211,1356,2
1513,380,610,1
863,1484,609,2
1517,1281,1729,2
560,1062,1260,2
989,289,350,2
1488,457,400,2
213,333,214,3
106,1741,949,1
1257,1432,1756,1
592,482,384,2
1028,1324,1770,1
462,1793,1245,2
855,416,836,3
774,674,111,3
1169,1457,637,1
1101,1187,1068,1
520,1824,1378,2
455,1835,1242,2
316,798,50,2
1292,203,1567,1
1300,429,1735,1
1849,1159,1099,2
1746,853,202,2
1335,534,1850,1
1582,870,1730,3
1163,517,1538,3
311,757,548,1
1812,576,749,2
664,232,1393,3
752,537,571,1
92,6,366,1
185,240,735,2
1809,763,1802,3
889,109,457,1
1534,957,928,1
956,216,1167,1
976,957,679,1
1214,687,153,2
821,580,120,2
1126,797,882,2
214,1801,1495,2
37,437,797,2
768,1580,511,2
1311,1117,274,2
409,1744,1810,1
155,128,314,3
1135,1291,1421,2
946,1649,495,1
534,1509,1272,2
946,1148,135,3
721,700,861,1
216,749,594,2
1306,427,1349,1
1436,1762,1613,2
501,902,724,2
302,48,65,3
799,612,539,2
780,658,1571,3
158,254,12,2
856,268,46,2
341,108,369,3
1412,714,594,2
1249,1722,165,1
1468,1572,1674,3
704,1393,1086,2
638,1601,831,3
1515,194,1173,1
1614,1044,1570,2
1810,379,305,1
666,1073,401,3
413,913,799,2
741,1567,683,1
225,85,114,2
885,1753,1061,1
674,1247,436,3
1159,1063,320,1
584,696,804,3
529,71,1535,1
62,1165,535,3
1802,1426,1055,3
1834,647,3,3
253,228,188,3
550,1738,1238,1
1699,200,1827,3
737,1616,1625,2
1741,1471,152,2
833,1103,75,1
377,1354,893,2
335,1823,235,1
204,1686,157,2
361,619,385,2
91,1042,1429,1
766,836,1689,3
945,1307,1351,3
1011,388,1077,3
384,806,662,2
765,1560,19,3
133,177,123,3
378,1485,751,3
425,1747,857,2
804,1709,1844,2
1640,13,1479,2
1698,543,433,3
663,855,1647,1
965,482,1203,3
1172,1058,1453,3
692,451,1247,3
1184,1530,1174,1
1317,1590,1234,2
358,876,119,2
350,679,1491,1
1144,1158,206,3
741,1133,182,3
1293,98,324,1
365,60,266,3
1460,558,125,2
1368,1529,91,2
515,1801,1120,1
78,1484,1679,2
1629,1826,567,2
252,301,345,2
427,1809,1254,2
1123,375,1101,3
949,221,447,2
143,1327,1434,3
1745,1548,1066,3
948,1276,1167,2
640,1836,7,1
1764,1626,1577,2
1854,1259,1168,2
1701,171,1293,3
1452,720,885,1
1468,1226,749,2
1694,897,1769,2
1527,489,1825,2
1303,1062,815,3
455,884,1701,2
1767,1064,93,2
909,1431,1541,2
290,12,732,2
440,15,318,2
690,180,994,2
935,860,1620,3
599,379,1662,3
1799,1108,715,2
1318,526,68,3
653,784,44,1
1142,1486,1273,1
1814,350,49,2
1638,422,901,2
1015,1756,1211,3
1094,121,692,1
595,1141,564,2
155,1121,198,3
1445,289,1674,1
213,1583,565,2
871,495,310,1
546,293,1420,2
953,1268,1462,1
976,1353,296,3
1627,1289,100,3
1488,732,1442,3
23,264,461,1
90,1617,1622,3
236,626,483,3
987,1545,1671,2
1326,1783,607,2
453,705,1215,3
876,1112,743,2
1770,1289,1032,1
1389,1147,1459,1
1597,969,363,2
1395,952,1559,3
1439,1205,1378,2
545,538,307,2
1788,1217,405,2
1796,1264,742,1
1361,1610,354,1
1099,1211,1112,2
1329,1829,697,2
542,10,1554,3
458,536,593,2
383,254,113,1
62,958,1779,1
147,1146,1792,3
236,1151,548,1
799,1104,937,1
1651,36,457,1
103,1226,619,2
1798,384,875,2
153,1586,1197,2
953,1392,994,1
601,1190,744,2
346,547,717,1
297,1669,865,1
556,1125,638,2
1196,456,1778,3
180,1731,354,1
808,896,1130,3
1715,1311,1779,1
420,1700,1208,1
251,1366,242,1
290,1634,337,3
751,744,37,2
828,1686,1041,2
1030,1488,1772,2
351,349,1177,3
852,392,1573,3
1330,508,787,1
52,352,1485,1
529,1758,1181,1
590,96,240,3
69,791,710,3
885,1426,1284,1
65,1675,1837,2
555,1463,1133,3
1282,1743,6,1
982,35,1245,1
1372,1250,1402,3
1183,20,1824,2
715,1302,547,2
709,40,385,2
64,1216,903,1
1812,1248,378,1
274,846,971,2
1628,610,838,2
1725,348,1198,1
1452,759,659,2
1153,274,929,3
1534,305,116,3
1763,1162,623,1
675,1663,1054,3
1228,1411,797,1
1525,807,884,1
930,270,1549,1
233,1616,720,2
675,1171,1843,3
203,1564,1375,2
655,875,1050,3
1068,1429,1234,3
1407,541,209,3
764,1277,235,1
915,764,485,1
990,318,774,2
1062,242,1565,2
132,1262,684,2
937,1847,1748,3
694,423,934,2
964,864,1234,1
1720,380,682,3
1267,457,906,2
138,1442,450,1
1000,1805,1265,2
1545,1849,49,3
1645,309,1600,3
910,1846,1044,1
1367,505,994,1
47,1694,1632,1
542,697,513,3
1357,189,395,1
344,48,351,1
501,1091,422,2
701,961,1782,2
886,1825,1028,1
1142,1601,181,2
1779,969,727,2
466,930,434,2
1846,820,963,1
116,51,109,1
627,1109,1768,3
1440,1079,385,2
525,1143,1528,1
1410,659,747,2
616,1325,783,1
623,870,1395,2
786,1660,1292,3
796,924,391,3
1169,1734,717,3
518,1541,1126,3
551,1726,1289,2
584,1089,1799,3
588,138,1189,2
868,260,480,1
1392,1665,563,2
1344,777,742,1
35,1155,177,1
1474,1776,1566,3
772,628,1238,3
83,1755,120,2
1395,1629,996,1
652,657,1660,3
205,1790,607,1
294,1470,1290,3
311,1348,662,1
945,974,1012,3
1135,1497,891,2
1823,230,1308,1
174,1051,1111,3
564,241,658,2
384,1312,1525,3
351,1495,1017,3
1636,1183,1659,2
45,155,999,2
920,1107,1474,2
1331,1458,500,1
1052,1047,1125,3
1058,256,268,1
1592,1479,1500,3
899,1745,1595,1
420,979,1295,3
1775,805,136,3
469,1102,1002,2
708,1659,1636,1
970,777,355,2
301,1798,48,2
1800,1259,1387,3
30,1607,1301,3
984,1036,1493,2
658,1420,1696,1
1549,669,351,1
1508,280,1641,1
1743,26,1356,2
1470,1033,1506,3
972,590,728,2
469,1778,348,3
799,188,1788,1
456,461,123,1
82,1207,866,2
746,1205,1347,3
766,936,1822,2
1717,1744,382,3
322,1397,307,3
1717,1423,1172,3
418,1549,596,1
455,1117,917,1
458,1187,963,1
837,193,954,3
1319,711,242,3
851,1591,562,2
294,242,528,3
1599,936,1744,2
1800,913,608,1
509,1293,738,2
1406,1781,223,1
1484,1179,1680,3
186,1230,1791,3
941,1000,1064,3
1813,1133,503,2
1032,1389,603,2
1745,938,1029,1
1029,207,51,2
1238,707,1646,2
1156,889,206,2
1773,1490,1048,2
1249,1631,776,1
823,1841,1295,3
221,179,1623,1
253,1786,1003,2
384,1214,1742,1
1513,1199,513,2
1811,991,210,3
754,941,117,1
1449,1553,406,3
862,389,477,3
1619,1127,173,3
84,1395,901,2
1820,1603,987,3
546,1278,926,1
106,1569,627,3
1488,393,1284,1
218,1466,1410,3
401,1546,1012,1
1622,914,916,2
1440,1300,1123,3
582,380,651,3
179,1110,674,3
1801,1014,1037,3
292,1324,558,3
1262,1101,43,2
84,194,772,1
1415,891,1544,3
565,201,1283,2
1291,1166,1183,3
1753,1474,901,1
974,1833,410,2
838,1497,188,1
1701,1021,899,2
1710,112,468,2
393,19,344,3
1645,177,1658,3
1099,447,875,1
18,726,50,3
79,1521,1417,2
409,1746,906,2
1802,215,743,3
890,1642,774,2
369,1540,1444,2
1311,1781,1506,1
1681,1365,291,2
757,1544,475,1
792,605,335,3
470,1834,1805,3
178,858,453,2
1015,679,1042,1
1631,1348,386,2
1674,1507,1657,2
563,315,948,3
84,1033,537,2
455,1153,1131,1
1242,725,51,2
1382,121,1528,3
1780,1540,664,3
396,1807,1736,2
579,1483,385,3
517,34,1441,2
1550,1125,1308,1
949,508,204,3
773,1333,526,3
934,398,144,3
960,1207,1076,2
767,1701,382,2
942,802,1667,1
512,728,1596,2
1081,1040,1157,2
1419,446,384,3
1839,559,1791,3
1215,517,1374,3
247,1630,840,3
506,602,471,2
1676,459,334,2
1752,915,1772,2
1300,1655,1258,3
628,234,830,3
1011,464,1202,1
1746,1802,764,2
1809,510,671,3
1837,179,90,1
1011,1379,1495,1
19,750,318,2
461,1670,199,3
765,514,792,1
513,116,525,2
1402,562,669,1
541,1036,1562,3
1207,779,1653,2
482,1625,245,1
1432,1477,572,1
938,910,1329,3
446,1223,1729,1
1630,530,1515,2
1369,39,468,1
21,439,63,3
653,769,787,2
757,274,1703,2
1316,1781,382,2
1575,1704,1310,3
1224,1564,1391,1
1504,160,1804,1
227,1158,393,2
1067,1093,1373,3
928,366,1693,2
382,91,1733,2
374,1845,818,2
941,662,1242,2
452,479,121,3
828,1444,58,2
1757,1049,283,3
621,312,626,1
1250,1712,478,1
94,764,723,3
1068,769,857,2
845,1324,1838,1
1757,54,917,2
305,171,1216,3
40,316,1436,2
570,842,565,1
1517,48,260,3
1090,1542,1494,2
1576,584,649,2
527,798,413,3
1289,184,1255,1
1282,1232,1243,2
285,228,880,1
1450,1244,185,3
1441,951,717,2
1322,1021,262,2
1686,1414,25,1
1082,1011,1815,1
864,826,1246,3
1049,1696,508,1
1800,1626,1710,1
972,1416,1045,1
1550,53,1427,3
1608,994,1416,2
489,1614,1155,1
1757,1451,1651,3
1503,260,1294,2
391,249,1196,3
1429,1839,729,1
183,887,886,2
1684,324,1266,1
1269,1191,589,2
1837,729,1637,1
1165,1314,642,3
1392,958,886,3
702,1486,866,2
53,529,1057,1
1386,580,618,3
1308,445,818,2
1360,826,1057,3
273,1480,1766,3
1314,635,1426,2
207,2,1471,1
329,867,313,3
1011,705,581,1
41,353,913,2
754,555,1451,1
1710,276,461,2
1425,244,1450,2
398,800,754,2
379,443,461,3
962,996,607,3
1464,1636,573,2
130,93,1377,2
520,1427,1720,2
1427,1347,777,3
1396,192,469,1
716,236,250,3
1405,838,1272,1
435,542,924,3
1441,478,696,3
1512,918,574,3
1771,1747,903,1
1775,1172,728,2
1006,1758,1005,1
1172,626,1400,1
910,278,1050,1
352,299,492,3
922,703,1279,3
1702,1174,1738,2
1709,164,1158,2
875,1184,735,2
926,1071,1079,3
505,529,1273,1
948,296,65,3
906,1112,1641,2
94,377,355,2
823,195,519,2
1533,1507,628,1
926,417,1325,2
1763,923,1232,1
1728,1083,72,1
338,904,1502,3
614,1191,90,2
1684,475,708,2
1830,177,705,1
1206,8,175,2
1196,748,1078,1
111,47,693,3
1326,1787,972,3
334,29,68,1
1400,132,1157,1
142,710,1274,2
70,1193,1838,1
664,714,1524,2
291,156,126,2
1308,694,167,3
60,509,1285,2
395,1251,1072,2
1059,531,842,1
316,73,1651,3
399,1053,328,1
1252,780,1053,3
554,497,1254,1
26,1189,1695,2
643,1244,305,2
1563,1072,816,3
994,416,988,1
1329,1235,1503,2
1455,92,1242,1
1626,932,282,3
47,1745,1687,3
415,250,375,3
842,986,1288,1
840,1186,976,1
683,959,1372,1
593,715,292,3
1575,1410,1397,1
876,966,580,1
1095,1492,82,3
43,500,1088,1
788,1284,1801,3
386,1829,1279,2
1537,297,917,1
443,1623,399,1
253,1466,1493,2
1311,1636,1477,1
1339,685,359,3
630,1637,423,2
1708,599,513,1
814,1095,1237,1
622,207,83,3
43,1554,519,2
1041,1580,965,1
1608,1669,1770,1
1836,621,425,3
1387,350,282,2
1838,1191,1257,1
211,1853,647,3
1248,576,1816,3
1094,227,224,2
968,962,1456,3
1620,1204,1789,1
869,69,1792,2
1365,880,322,3
1348,521,1187,1
1368,663,1698,1
49,301,1722,1
245,1213,619,3
1386,1630,744,3
1368,1734,1213,2
223,238,732,1
177,321,1530,3
753,1560,1786,1
459,164,1822,3
1852,686,1377,1
839,1212,1318,1
493,1781,631,1
945,1602,281,1
1612,1597,142,1
1025,270,1480,3
195,1125,1164,3
666,783,1775,1
407,287,655,2
329,1508,408,3
1378,970,666,1
586,1783,1739,2
1820,1074,291,1
431,1145,336,2
856,677,644,2
348,1718,643,1
1761,933,1023,1
482,71,62,1
1130,1060,82,2
1743,41,724,2
35,1311,1289,2
1088,170,997,1
341,305,606,1
1114,50,606,3
1511,700,489,2
1611,1067,1569,1
151,1087,1665,2
1082,293,706,2
399,780,1098,1
1742,1193,424,2
96,570,824,3
738,104,861,3
918,68,409,1
1386,1779,679,2
1743,918,1315,1
1370,1030,1787,3
611,30,1659,1
755,1298,591,2
571,897,83,3
1146,80,859,1
514,811,4,2
322,1041,958,1
25,1385,291,3
423,974,331,3
415,1028,1612,1
1308,869,930,2
1431,1149,1852,3
1806,18,1134,2
907,1108,92,1
1363,1659,1803,3
1817,816,63,3
925,1588,755,1
178,406,1591,2
861,1353,330,1
1020,138,526,3
1126,1368,280,3
430,867,1142,1
177,730,104,2
797,924,1571,3
977,361,289,2
1443,1444,63,3
1520,1838,1765,3
1515,1824,310,2
1305,1678,1192,2
1801,507,1120,2
762,795,957,1
1194,604,594,1
326,194,181,2
1827,300,1075,2
95,897,9,2
1109,1168,973,1
822,1152,948,2
1060,1411,1033,2
1625,964,1107,1
308,1729,1690,3
1365,1424,1788,2
1275,1432,195,1
360,916,1802,2
661,1843,1428,1
651,1385,146,3
1667,298,1765,3
677,964,371,3
1552,1171,300,3
726,1132,833,3
485,367,1669,3
669,1150,1583,1
425,1111,1253,2
988,911,1748,3
1399,1746,1674,3
890,1791,1824,1
1776,1827,1724,1
1417,265,1068,3
946,471,437,3
1033,1538,54,3
1244,700,1378,3
799,1074,1034,2
1415,664,250,1
594,5,1223,2
874,1115,1725,2
893,1208,403,1
1200,1506,245,2
1826,683,1408,3
475,1534,502,1
1241,628,518,3
206,308,255,2
840,898,1028,1
703,253,1717,1
584,1479,935,2
66,1831,1403,3
1041,444,544,1
497,1623,419,1
274,989,1545,1
114,1493,259,3
905,1566,372,2
654,851,683,3
233,1058,805,1
75,1822,769,3
150,369,1382,1
867,1577,362,3
788,10,1323,2
1440,1386,671,1
755,1850,1654,3
594,415,276,2
923,1402,885,3
642,1768,843,1
53,1616,1845,2
24,813,52,1
1487,1649,362,2
1097,1733,245,3
825,1039,792,1
1528,1188,293,3
853,1674,728,2
1811,1504,1402,2
1355,254,1839,2
1141,1375,841,1
1244,1336,826,3
1072,1683,428,3
1071,346,1684,1
954,1403,1079,3
77,1489,530,1
1169,1724,180,2
1571,1032,879,2
1523,1226,617,3
495,1146,240,1
375,1137,197,2
199,1753,1584,2
1083,868,147,2
16,1258,1630,2
139,1481,204,1
607,1778,1659,3
1731,866,19,1
824,1455,74,3
524,1150,198,2
1563,330,468,3
895,612,488,3
1011,628,1713,3
1006,495,656,1
1146,1242,1712,2
148,129,785,2
1299,1196,1002,1
466,803,1522,2
1343,321,1263,3
749,1143,710,3
610,695,620,2
129,18,1080,2
1795,488,966,2
1686,1626,1325,3
941,1548,1379,2
1394,805,306,2
1162,1454,1061,3
509,1328,1367,3
156,1287,335,1
1701,1063,401,3
1389,370,1197,2
1633,1618,901,1
1782,826,200,3
841,1561,327,1
283,804,613,3
1562,133,1146,3
959,1169,1068,3
1684,1155,894,3
414,60,189,1
733,1569,1848,3
1473,214,290,2
348,1659,1726,1
1365,156,700,1
1386,1335,436,1
826,1749,1186,1
1129,846,842,1
580,621,1575,3
961,229,1123,1
1096,976,252,2
156,270,1201,3
1548,986,464,1
20,1348,1519,2
1229,1018,1345,3
1130,1184,1602,3
1229,27,435,3
358,456,272,2
1733,1014,592,3
626,1127,1065,2
77,1224,395,3
385,1785,98,2
637,193,1161,1
1180,1309,1713,3
1515,1309,923,1
1142,1350,1519,1
119,367,1302,1
249,618,887,2
1815,1598,955,3
1247,948,145,3
1673,120,478,1
309,1162,1781,2
812,1826,16,1
1571,1213,143,1
385,1642,484,1
1065,1835,358,1
1486,661,1398,3
797,433,1354,1
593,1320,1104,2
375,173,3,1
1330,1354,1544,3
782,1382,723,2
1454,1816,881,2
809,873,1552,2
1356,1496,548,3
1374,827,1356,1
1590,271,1075,1
1459,930,1731,2
1340,1583,481,2
1328,1686,1806,3
1463,148,1154,3
400,1486,1409,2
839,1580,798,3
1079,1086,8,1
392,1599,518,1
132,982,1054,3
1121,447,686,2
936,1649,366,3
1662,1078,187,2
190,92,502,2
1749,1234,469,2
868,784,1669,1
185,1777,230,2
1067,365,135,1
848,246,1376,3
126,42,1419,2
985,1713,1436,3
1182,21,1425,1
1016,908,740,2
44,73,430,2
1278,334,1594,3
783,1241,1383,2
1235,471,690,3
1155,1470,1340,1
101,1245,225,1
797,679,302,3
756,1129,1850,2
692,1653,1672,3
1842,1510,868,3
1033,1201,740,2
279,1652,183,1
709,964,423,1
1630,1201,641,3
526,305,1713,3
1716,1655,1165,2
1565,950,662,3
821,1299,1204,1
1162,793,415,1
1790,1099,1414,1
910,653,1005,2
1070,783,902,2
1690,1184,1782,3
1596,648,1565,3
484,49,493,3
717,204,404,2
1685,33,531,2
1357,1709,1535,1
502,425,364,2
297,1247,379,1
1325,1182,1123,1
532,273,1661,1
233,175,858,1
108,502,175,1
899,1028,830,1
1587,465,1437,2
1153,368,1516,3
693,62,1496,2
1607,1297,1135,2
922,395,680,1
1639,1079,665,2
1087,156,1669,3
1269,291,1034,2
1734,862,1397,2
1394,1806,310,3
834,1747,1414,2
1545,992,56,2
944,1690,1201,3
1758,109,1678,2
1527,645,1512,2
178,743,1707,3
1006,1333,1736,2
879,666,387,3
412,284,625,1
174,203,1497,3
1024,844,129,2
922,992,1777,3
1430,876,1394,2
753,1609,1280,3
190,1743,1718,1
308,1214,1322,1
1561,38,1811,3
344,1387,1849,1
1070,1003,251,3
1422,553,808,1
385,841,1462,2
101,1297,1637,1
587,1657,1497,2
100,740,1081,2
1630,685,860,1
1786,1179,1483,2
1283,1202,1398,2
858,905,1204,3
1614,653,1562,1
1179,1417,1306,2
181,1487,202,3
1553,1532,333,2
78,1243,314,3
1552,972,226,2
307,562,563,2
676,1494,533,3
1371,1440,820,3
1708,64,383,1
1435,275,595,2
1733,1387,1340,3
197,1334,1268,3
727,711,1773,1
1166,1841,1327,1
1704,356,1277,2
350,1787,529,1
1538,17,1370,2
1118,117,246,1
1566,780,977,2
372,898,687,2
803,955,954,1
1828,1697,1392,1
906,1333,1594,1
883,890,156,3
1141,960,541,3
1545,972,346,3
8,392,1590,3
1534,1550,933,1
1366,400,930,2
1603,1281,1244,2
1615,1475,763,1
132,1584,462,3
1089,707,333,1
1084,1664,1798,1
1419,171,1218,3
971,1402,1276,2
1374,739,1549,1
50,1457,70,3
116,1412,1125,3
138,1217,628,3
539,561,1639,1
1635,1406,3,3
80,522,1510,3
137,1034,1762,2
510,182,739,2
1237,1139,1778,1
939,579,41,3
1780,1328,1339,1
356,426,746,1
1548,1607,1635,1
240,1532,784,1
79,890,1171,1
873,1033,44,1
36,1780,257,3
254,1772,407,1
1407,4,335,1
506,236,279,1
1329,835,1752,3
190,59,1549,3
557,1344,159,2
45,1744,943,1
809,981,587,1
1709,1322,1340,1
1747,1806,1789,1
86,1836,1245,3
1546,1678,1192,2
1542,869,1379,1
440,1348,97,2
1432,8,525,1
1101,979,1854,3
736,794,327,3
1424,756,161,1
96,176,1725,1
169,1361,90,1
1503,742,1320,2
1382,1245,24,2
82,1440,321,1
1067,263,170,1
78,339,351,2
1755,117,518,3
640,1033,1091,1
948,1806,1254,1
380,414,1332,3
1699,1790,1429,2
1238,1202,183,3
59,822,988,3
399,646,649,1
691,974,1811,1
311,271,1132,1
1233,760,363,2
1700,1323,1517,1
799,1254,325,2
527,1328,1709,3
1078,683,1690,1
1479,1619,106,3
1012,919,688,2
414,71,913,1
288,1638,851,1
1355,1048,517,1
1069,228,1310,3
544,850,1340,3
1826,360,1337,2
884,294,1561,2
154,489,74,2
13,1692,1375,1
613,483,865,2
433,1153,1770,1
973,1074,1738,3
116,117,422,2
1466,1047,433,1
1131,223,1235,1
312,392,538,3
691,793,528,3
681,1521,350,2
448,1074,397,3
218,1222,254,2
1693,1163,706,1
851,526,610,3
1503,831,1277,1
1274,1634,278,3
1337,175,280,2
265,1205,609,1
1122,227,357,1
477,647,1033,3
1630,469,1156,1
13,737,1386,1
1486,1684,276,3
1589,299,164,2
1254,1648,1419,2
1349,1772,1157,2
1116,641,914,2
507,1395,1843,2
1149,64,298,3
989,1314,1850,2
735,78,299,3
96,312,346,2
132,494,56,3
1779,1116,513,1
1218,293,605,2
699,1589,469,3
1040,1060,836,1
1457,1147,1282,1
1231,547,475,3
570,1427,1752,3
345,398,709,3
643,1259,1050,2
111,1801,1242,3
1027,1037,258,1
596,1378,1608,1
176,519,649,2
1469,373,1827,2
1176,409,1116,3
1587,1288,113,2
902,1510,439,2
1272,1837,905,1
912,635,779,1
1404,12,364,3
501,279,79,3
316,1342,1326,2
960,279,1804,1
182,1827,1637,2
1558,1305,292,2
503,1033,847,1
3,347,1533,3
7,498,607,2
465,1430,743,3
557,620,1817,1
1388,829,905,1
115,427,1332,2
1575,558,1358,1
253,1399,397,3
514,107,678,2
1787,1575,924,2
945,477,484,3
1170,694,797,1
1328,1359,1188,2
1680,513,859,1
1749,370,311,2
1461,593,1338,1
382,725,234,2
218,1004,1545,1
1227,1298,1233,3
1381,1127,1502,3
635,1091,1484,1
1138,384,1698,3
1465,643,812,3
239,484,1712,1
1591,531,1283,3
141,1279,1265,2
1124,487,1812,2
1320,70,168,1
622,70,1058,1
350,15,1499,2
477,1644,657,1
865,1117,513,1
707,660,323,3
452,868,731,1
841,1120,338,1
481,697,326,1
1388,1829,982,1
1317,178,1057,3
1214,1199,71,2
16,1696,1687,3
892,1704,201,1
862,1384,777,2
562,1705,411,3
298,935,1542,1
780,72,1015,2
789,1120,608,3
816,666,1040,3
18,1810,1499,3
518,1604,411,2
627,884,1503,1
84,638,595,1
1631,47,1786,2
1285,862,663,3
1035,1642,588,1
596,481,1025,1
1705,560,274,3
951,1218,54,3
810,229,1182,1
316,656,1728,2
495,1827,548,1
1327,617,525,2
146,514,1797,1
1378,1053,1641,3
1271,62,1328,2
932,1334,1492,3
1713,1651,840,1
469,1624,1068,1
1784,64,712,1
373,1437,1181,2
1796,516,227,1
882,779,1180,2
1583,1382,1771,2
812,735,870,2
1520,1600,1012,3
930,1076,300,3
1615,418,1663,1
971,786,378,3
578,552,767,1
373,494,97,2
78,391,113,2
1045,478,132,2
1776,336,332,2
1437,1335,1147,2
732,1803,1327,2
243,691,214,1
830,1474,503,3
760,524,415,3
1747,1414,79,2
663,1587,1350,3
176,1105,1420,2
963,692,1484,1
86,1141,707,1
511,1592,1513,2
518,1785,981,3
1456,307,1316,2
1339,78,1278,3
1623,588,111,1
276,899,993,3
1172,1759,1078,2
1652,822,1204,3
79,1663,679,2
1839,327,1124,3
884,73,859,1
309,1303,85,3
1522,651,1573,3
1000,1015,678,2
1253,1306,1091,1
1723,296,954,3
1077,1475,980,2
1235,313,1656,3
1675,726,319,3
378,1829,403,2
581,822,1179,3
1476,309,1310,2
1277,289,1228,2
401,185,1001,2
1172,1634,961,1
1457,8,546,3
1653,963,732,2
273,277,527,1
498,1675,213,2
119,1246,1719,2
286,1811,40,1
443,208,559,1
40,859,1458,2
590,1319,1241,2
1367,1774,438,3
731,41,258,3
1017,537,298,1
1846,32,688,1
512,722,709,1
663,747,1624,3
667,784,1202,3
547,1779,449,3
1724,1317,1058,3
1590,552,353,1
553,1396,808,3
1475,425,1725,2
1745,1033,905,3
1420,396,443,2
1373,587,212,2
403,566,1626,1
1102,1114,1658,3
1624,321,1479,2
1709,1736,29,1
844,25,1723,2
585,1565,1507,1
931,478,625,1
670,542,1451,1
562,1270,453,1
808,255,177,3
1548,1768,1190,3
1062,655,1626,2
908,762,5,1
685,1656,327,2
1363,16,1166,3
1191,466,1051,2
407,746,962,2
224,1759,31,2
1700,1601,1748,3
1289,694,2,3
390,642,909,2
1481,883,914,3
1739,1305,1512,2
535,485,1738,2
1836,383,1495,2
1091,150,905,1
1095,1112,736,2
1291,1578,1415,2
295,278,800,2
1071,628,769,1
554,431,1144,2
1724,65,1699,2
1013,1142,1421,2
49,1779,1270,2
584,1788,52,1
178,1390,1211,1
229,138,1036,2
415,745,177,2
756,629,1004,2
886,1818,789,1
1580,1618,1011,1
828,675,1329,2
940,1388,131,2
48,1705,525,1
1070,1147,882,1
885,505,1141,2
626,499,1412,1
197,1363,1207,3
1601,130,1602,1
1350,722,663,1
1552,1199,1736,3
1635,1301,871,1
1237,278,921,1
358,1261,794,1
18,608,1618,1
1242,850,480,3
303,1850,1279,3
160,62,1008,1
1618,309,1084,3
322,833,1159,2
465,566,1403,1
678,1266,794,2
129,39,1664,3
174,297,835,2
119,846,1670,2
1652,1175,798,3
123,1304,830,3
1826,275,832,2
864,418,1577,2
1255,801,193,3
463,833,347,2
1663,1495,133,3
543,1543,647,3
56,986,1761,1
699,1331,399,3
861,798,395,1
1806,831,116,1
1675,1750,231,3
480,277,1839,2
1128,112,1805,1
1168,581,284,1
1383,446,647,1
243,1346,820,2
488,265,1174,3
590,364,1029,3
1628,762,1662,2
953,1755,901,3
864,862,132,2
1569,550,1728,2
1228,231,418,2
844,839,331,2
1600,1663,1582,2
669,1658,1061,1
1699,1846,397,1
502,452,1309,2
1708,216,1199,2
1096,1418,836,1
653,1048,1648,2
1244,386,40,1
1220,1295,429,1
687,470,1370,1
764,1212,265,3
1032,791,114,1
1089,543,1475,3
527,1147,801,1
1583,1414,976,1
208,453,1691,3
1030,1687,664,3
637,1012,199,1
1347,974,426,3
1602,888,284,3
1001,5,128,3
1692,338,928,1
211,690,236,3
98,841,1008,1
1337,575,1770,3
630,1494,1087,1
1165,1434,1545,3
1427,1384,214,1
1847,643,542,1
95,187,1227,3
337,6,180,2
776,1646,492,2
1041,1029,326,2
944,1232,1000,2
26,451,633,3
1416,579,1684,3
1690,1265,1179,3
1048,765,1709,3
696,394,827,3
124,1779,1678,2
1209,1058,1230,1
1408,680,1147,1
365,760,312,3
308,1112,237,3
376,619,191,3
982,82,1501,1
68,343,863,1
260,687,1346,2
1221,1224,877,1
1150,721,772,1
337,1593,1547,2
976,1657,1054,3
840,622,480,1
493,1754,545,3
480,1277,1732,1
1354,1832,477,1
1493,1440,837,2
1063,850,1054,3
1521,780,1543,2
176,1357,1649,2
57,1228,1704,1
244,76,1694,3
813,503,1162,3
1266,947,1731,2
1593,254,1765,2
649,1851,1511,3
1237,241,1839,2
53,1228,194,2
892,991,1282,2
77,718,1694,2
997,306,96,2
1531,1405,254,2
704,1716,1810,3
1187,898,1478,2
969,452,1122,1
1607,576,87,3
975,251,1645,1
1687,196,1407,3
353,857,1723,1
566,238,203,2
1260,329,151,2
37,921,442,2
1081,898,1748,2
1197,389,545,2
1557,618,1608,1
264,1315,1517,1
1406,1812,1637,1
269,730,757,3
1287,33,1725,1
640,1406,1105,3
1293,1548,1751,3
1139,1808,837,3
740,1095,634,1
403,726,529,2
1141,234,1533,1
945,602,1682,1
104,906,849,1
1201,940,1127,1
1300,1700,912,1
101,1640,426,2
1213,662,1415,3
636,977,1076,3
304,1366,751,2
1240,1611,1133,2
1005,719,1152,2
1697,817,1749,1
194,1434,153,1
190,1534,861,2
542,1321,789,2
399,436,565,2
642,1305,1335,2
114,126,744,3
758,1674,1659,2
40,718,979,3
240,1552,843,3
1433,1398,1155,2
628,433,198,2
1588,45,965,3
1483,1,453,3
513,1311,1080,1
1428,1753,1474,1
548,290,670,3
1201,1380,666,1
1652,974,558,2
573,753,47,2
993,1229,1375,2
1558,944,1561,2
974,883,1814,3
966,977,1049,2
159,1466,153,2
1804,388,937,3
196,188,449,1
424,287,413,3
951,1815,419,1
1128,613,1314,1
1716,1203,232,1
1800,1295,1740,3
1419,468,177,3
881,876,492,2
1111,1129,1843,2
361,1390,249,3
1374,32,1035,3
692,970,1770,3
1317,955,1201,3
312,1073,1659,2
1314,768,307,1
1763,1408,1018,3
814,1154,1616,1
1580,509,863,3
1346,478,467,3
1507,1642,552,2
384,20,44,2
1466,1614,232,3
693,679,404,3
241,215,963,3
1437,1360,345,1
1625,1195,1095,2
1800,998,555,3
1544,622,683,2
1262,1634,725,2
447,121,295,1
1740,1445,1303,3
1601,983,1475,1
1839,1256,1700,3
104,1144,1835,3
996,1689,564,2
254,1495,278,2
1466,260,1200,2
1537,1115,180,1
631,1608,552,1
1667,1548,782,1
1640,153,48,1
509,1436,417,1
1400,1510,724,2
589,84,695,3
995,1291,1542,2
1274,131,47,1
1426,1296,1449,1
846,257,744,2
1377,1111,536,2
1108,1029,1025,1
1307,1693,1081,2
1508,1570,1058,3
135,58,2,1
1553,1599,651,3
693,1284,1838,2
1472,1349,1711,3
1645,467,1443,1
803,1058,207,3
838,1059,1584,3
761,108,1804,3
656,1491,489,2
922,7,377,3
334,1442,1616,3
1037,646,774,1
1335,577,1649,3
744,1316,1396,2
1699,513,339,2
1612,1086,868,2
1551,634,1019,1
787,691,856,2
1058,1468,328,2
520,232,1300,3
746,1342,1806,3
566,1564,835,1
1356,1639,1567,2
562,473,574,2
1124,75,1522,2
1311,1101,1732,1
384,289,1463,2
1231,472,1602,2
391,1399,494,2
1776,185,393,2
1830,448,1770,3
1731,1592,795,3
997,127,1800,1
1456,213,469,3
873,169,1660,3
588,389,1675,1
532,1845,1034,2
826,1054,1255,2
319,877,301,2
759,56,876,3
478,740,642,1
973,723,80,2
1521,1488,1406,3
920,1169,259,2
693,842,238,3
371,457,198,3
452,21,986,1
421,1113,1336,3
590,1793,1816,1
1686,1147,932,3
542,320,84,1
833,1441,472,3
1261,784,1836,2
202,1853,854,2
1450,1245,73,2
140,546,272,3
1353,865,303,1
78,424,1172,2
1551,1482,1397,3
936,1314,859,1
1557,1469,810,3
1049,621,1479,1
339,1272,1124,2
612,1042,693,1
182,1362,484,3
506,390,392,1
277,1295,1247,3
1653,1714,461,2
1196,85,1805,2
574,801,1481,3
99,1665,1499,2
1488,431,1647,2
521,296,1506,3
222,502,185,3
1760,640,526,2
1381,1134,555,3
785,45,975,2
1031,1453,769,2
304,482,1290,1
452,686,1411,1
325,321,1047,1
376,1090,237,3
397,882,357,1
1622,1849,1779,1
1155,1688,582,1
1544,557,268,2
926,1287,1420,3
421,873,1374,3
1158,1378,246,2
531,173,139,2
1144,938,12,2
948,1445,107,3
394,1294,1254,2
869,1055,71,1
264,953,1711,2
1194,349,935,1
1066,1374,71,2
750,283,1088,2
530,139,882,3
1541,376,1789,3
1674,1237,551,3
1196,524,1025,1
772,1778,133,2
1806,308,633,3
508,1042,244,3
732,49,669,3
126,475,1348,2
1534,917,305,3
778,17,1305,3
1213,192,291,2
176,733,213,3
605,1776,327,2
1701,93,147,3
1298,769,235,2
1835,360,975,3
613,1638,525,1
1418,429,119,1
694,1205,1830,1
1388,1465,1433,2
293,153,684,2
1671,37,1624,3
744,16,1207,3
1486,563,500,3
1331,913,669,3
1620,201,172,1
1479,1336,1169,2
287,1463,32,2
1388,438,566,2
1792,1731,1187,1
454,122,1284,2
969,148,1025,3
1644,386,214,2
98,93,859,2
961,1025,547,2
111,365,1457,3
136,1018,1788,2
1261,1060,1498,3
320,385,1112,1
1140,820,184,3
1575,858,397,3
599,374,1480,1
819,1328,1041,3
607,1338,1050,2
1824,211,1174,3
1335,1502,1229,3
1287,848,98,2
266,1787,719,3
1142,815,1345,2
1344,1315,1126,1
1442,1689,1395,1
1351,337,1456,1
1093,1014,20,3
633,975,1226,2
1541,90,59,1
1776,672,754,3
888,269,157,3
1561,1768,1117,3
1031,1740,1066,1
15,1696,1037,1
1560,1764,1208,1
1145,486,619,2
341,294,1053,2
277,687,1806,2
1647,51,1048,1
1303,947,992,2
670,936,864,2
1127,26,1762,3
1775,1505,146,2
1314,207,609,1
1747,1056,844,2
487,358,1244,1
674,1251,590,2
1325,153,593,1
922,274,796,3
45,489,1306,2
1501,69,116,3
354,149,1735,1
982,533,822,2
570,533,415,2
1161,1285,1743,1
1726,1623,739,1
1348,1201,1369,1
1468,1832,418,3
475,1034,733,1
1358,1323,1409,1
687,126,723,2
1002,1082,637,3
1206,818,1759,2
220,1707,823,3
1839,1204,1189,1
799,1363,192,1
193,927,1051,1
526,222,1120,2
513,864,537,1
206,1060,186,2
1714,1350,833,2
200,82,263,2
1732,1063,1139,2
153,744,1205,3
853,1608,835,3
421,210,1468,3
150,367,1802,3
1359,422,239,1
1820,1509,952,1
290,1331,771,2
1388,501,1689,3
214,1214,888,1
1313,822,1476,3
1070,159,450,2
167,859,1843,1
1667,1644,330,1
568,725,425,1
392,1115,954,3
1589,1135,1115,1
1439,1115,1292,3
699,1490,230,3
1624,1074,599,3
158,938,1747,2
1223,1275,1085,3
1361,222,42,3
1842,295,1717,3
165,902,703,1
65,1828,659,2
1571,1723,457,1
737,1205,75,3
877,115,609,3
402,876,1706,2
556,1854,37,3
816,1442,18,1
178,653,331,1
669,1286,874,2
78,1248,1333,2
202,460,992,2
1616,1251,885,1
675,1606,1818,3
121,1820,913,3
1492,1470,1489,2
1509,1337,936,2
65,563,797,2
1722,1609,26,1
773,1813,334,2
1065,1388,450,3
640,1025,356,3
953,828,170,3
504,1202,1002,3
85,362,540,2
1419,1631,809,1
1419,1036,1145,2
638,1598,1644,1
497,42,23,1
1173,1558,962,3
36,1295,982,2
120,1808,755,3
524,1764,1337,1
1534,1421,368,1
1741,635,15,2
93,115,444,2
241,1445,291,2
969,89,1370,2
438,382,192,1
383,1154,673,3
78,32,1340,1
1311,1516,1683,2
1035,1772,229,1
1174,232,678,3
274,298,1054,2
961,1614,1220,1
985,484,1038,3
754,1002,900,2
728,1003,30,1
584,755,171,2
701,1273,143,3
971,297,832,3
1407,1783,1343,3
1131,667,1820,3
789,455,1703,1
281,1412,863,1
1252,671,677,3
1121,1480,361,3
326,586,1167,1
581,793,177,1
719,1376,1190,2
1220,1610,85,3
1173,564,540,3
813,598,613,2
727,1268,1040,3
532,1476,506,1
1651,1447,72,2
827,1102,580,2
384,947,772,2
536,1154,222,2
1448,1493,1468,3
721,186,692,1
793,262,9,1
267,1216,1596,3
883,1801,148,2
1026,370,211,2
536,865,76,3
1830,1733,1682,2
1437,186,1827,2
1266,1347,1807,2
1700,570,1216,1
1387,1401,1226,2
1335,1661,1082,2
1323,1852,1083,3
1204,562,160,1
1340,1189,729,2
1331,704,1686,2
1589,98,1723,1
1330,924,257,1
1045,48,994,1
950,877,1525,2
27,1036,1719,1
1676,547,924,3
1748,251,822,1
157,191,1175,1
1725,1751,698,3
1045,719,541,3
1642,1163,689,3
1437,1120,1232,1
883,128,1422,1
1402,981,300,1
1326,1383,252,3
331,1483,1133,1
1285,80,6,1
1565,1803,1043,2
391,1411,957,2
578,1080,1262,1
1028,567,220,1
656,580,1487,3
1608,489,266,1
1103,168,82,2
181,1419,1755,2
623,1568,274,1
1493,1648,1334,3
1601,967,560,3
244,1658,1586,3
874,311,1017,2
111,350,354,3
990,836,1227,1
824,810,719,3
1229,74,1088,2
253,1082,373,1
64,521,1232,2
139,554,874,2
1372,866,1338,2
1830,471,375,3
680,90,1254,2
947,1125,1799,2
882,87,177,3
1716,597,888,3
1668,1023,884,2
1387,89,506,2
1273,1043,992,2
883,42,1846,1
1621,1527,364,1
324,983,161,2
953,1579,944,1
1657,1250,1311,3
1208,579,303,2
1202,644,1107,3
1382,94,333,3
361,102,1224,3
327,1118,697,2
41,905,867,3
1094,1568,465,2
458,1311,337,1
614,1726,1240,3
776,1494,962,2
1814,1367,202,3
684,61,626,3
660,1642,1551,2
63,271,639,2
1662,1325,1052,1
1390,938,593,3
1793,231,69,2
230,675,31,1
76,1623,1784,2
1692,1600,945,3
836,252,1750,3
1189,1324,1164,3
1128,856,1790,1
1725,829,533,1
153,1448,1830,1
1121,744,803,2
1078,1556,1581,1
768,1047,70,3
1835,462,1158,1
1144,1802,20,3
1228,628,56,2
645,1322,464,1
254,1439,1154,1
1046,441,1751,3
1390,1554,1410,3
858,779,1851,3
786,547,244,1
357,1750,904,2
712,1489,405,3
971,830,1803,2
795,1698,957,2
1823,395,82,2
1228,958,1717,1
952,351,1835,1
1852,828,414,1
117,716,1728,2
393,411,1412,3
747,587,211,2
1475,1628,1015,3
1719,952,140,2
671,1376,128,2
1410,1110,644,2
1741,1408,518,1
1755,992,1814,3
309,1397,1164,2
1442,913,1757,2
1802,713,1653,2
533,734,405,1
836,266,1615,1
1246,1483,1315,3
1605,472,242,1
234,78,315,3
366,315,859,3
177,1646,1072,3
1309,1439,1648,1
1462,698,132,2
900,1559,850,3
1388,1600,550,3
987,1688,742,3
802,366,1845,3
1379,493,105,2
651,428,720,3
1723,610,245,2
1115,633,1735,1
503,1163,1227,2
746,388,884,3
987,1851,44,1
1803,1142,349,1
1251,1479,880,1
1616,1715,853,1
1599,253,1258,2
712,705,1328,3
1747,49,617,2
1839,164,1320,3
1539,119,320,3
185,126,1627,2
94,383,1677,2
1378,1690,801,3
524,1405,8,2
1779,1674,1673,1
393,293,86,3
1217,890,1573,3
644,1546,992,2
273,1123,1094,1
655,908,168,1
1110,221,871,2
1635,66,926,3
239,1066,1409,1
80,171,370,1
664,1161,1116,2
675,1650,1547,1
1846,1004,944,2
935,1013,188,3
1671,1436,823,2
1106,1293,1069,2
213,502,1467,1
213,179,30,3
119,1217,749,3
183,1072,348,2
138,226,848,2
572,1272,1506,3
637,264,571,2
1208,1537,263,2
1167,67,1089,1
683,715,1242,3
205,320,298,2
1313,891,627,1
193,1494,868,3
284,601,504,3
450,221,371,1
1718,1318,113,2
1790,150,764,3
619,567,855,1
128,1793,680,1
747,1183,1755,1
384,1666,1555,2
663,1116,522,1
1160,822,1794,3
1658,973,679,3
1267,772,481,1
655,1008,296,1
1330,1852,1622,2
132,299,1494,2
1378,1226,113,3
1275,1784,1729,3
963,1305,1278,3
718,1414,1194,1
601,219,316,2
1554,187,419,1
1204,808,1002,1
672,1219,244,3
703,474,741,2
950,598,165,3
1655,386,988,1
824,68,1505,2
329,338,480,3
1563,1,989,1
1824,649,145,3
803,508,1583,3
339,1843,1636,3
985,709,464,2
607,921,1161,2
197,1329,1099,1
166,191,1015,3
582,1513,934,3
1322,305,908,3
46,807,1334,3
1130,3,1601,1
1005,972,1485,3
1699,1448,1110,1
432,1402,846,2
946,1354,1652,1
1701,825,296,1
1503,1740,529,1
143,978,249,3
1342,483,461,3
488,129,1272,3
1133,1627,1754,2
1642,1132,472,1
656,1075,1412,2
1038,1414,177,3
1434,751,909,2
645,1542,416,3
1816,1313,1532,1
138,1237,598,2
1213,935,1539,3
417,1273,1601,1
1437,1609,443,1
1526,667,262,2
776,1060,232,2
438,1743,61,1
1586,1430,1412,2
129,256,81,2
389,572,1547,1
81,1265,1708,1
934,1507,1096,1
560,1561,1117,2
1682,1151,634,2
185,1575,1653,1
1258,128,81,2
390,1831,313,1
1764,1792,873,3
1528,504,1403,2
1434,393,1471,1
1840,160,178,1
576,1116,433,2
1514,1823,151,2
325,1854,872,3
1155,233,697,1
1705,1680,865,1
157,394,662,1
813,1502,391,1
1362,616,1273,2
160,1707,71,3
1013,618,1544,3
491,876,1168,1
34,1019,589,2
274,1528,858,3
1552,726,934,3
760,10,1728,2
596,1018,1476,2
1695,808,1115,2
650,557,1840,2
1413,566,1820,2
22,562,471,3
1351,1534,1234,3
1157,1497,1542,1
804,1710,1526,2
34,760,351,1
942,276,1589,3
1412,1160,793,2
1800,1554,924,2
815,1675,1239,1
803,683,20,2
1450,1781,1212,3
1289,2,447,2
1513,1622,1534,3
1158,961,1604,1
554,190,1109,3
1263,673,1612,3
1469,1160,1430,1
518,942,720,3
906,1505,245,2
251,1436,621,2
157,1671,412,2
26,1304,1059,1
1847,1234,336,1
1016,1031,376,1
1053,1550,1338,1
1,1703,190,3
1603,783,1141,1
856,1294,1014,1
1597,1465,1448,3
196,359,857,2
678,1669,167,2
605,1265,1577,1
1018,1293,1527,1
767,466,952,3
1283,1551,649,2
846,244,1838,1
1408,1304,1248,3
1716,422,431,1
298,1406,980,2
773,426,1610,2
702,900,11,1
468,561,322,3
306,230,675,3
1311,1452,1061,1
1223,111,1481,3
1261,1253,789,1
1286,984,612,1
469,721,1443,1
1002,1806,1406,1
686,1619,1149,2
1569,1537,965,3
437,1809,1142,1
1593,1232,512,2
236,75,980,3
1079,942,1394,2
1061,1329,1648,1
402,1041,1167,2
1364,1065,1802,3
1766,941,1400,2
224,125,1570,2
1475,1844,298,2
1837,1452,1724,1
1759,745,284,2
1326,1710,226,1
215,1770,706,2
140,32,1602,2
1328,1684,747,3
845,1468,934,3
1381,1601,1523,1
122,1590,921,2
295,770,1585,3
1708,9,620,3
1834,990,199,3
958,683,1628,1
710,570,1721,2
1174,906,257,1
932,181,1111,1
1400,1511,1026,2
1845,103,1014,1
423,292,1624,2
391,1138,1368,3
1682,1371,782,3
844,1005,1121,2
543,1606,102,1
900,1534,942,1
187,115,578,3
1230,496,1400,1
917,704,1457,1
800,514,884,1
1424,531,1177,3
569,463,41,3
1302,1462,218,1
560,1227,313,3
1404,1804,1427,1
1177,1848,1565,3
950,232,1442,1
174,1301,1816,3
557,1038,1739,3
913,1071,494,2
1739,295,875,1
1056,1220,209,1
1235,8,743,1
1250,825,1070,1
1155,1434,1309,2
142,445,1129,3
948,1192,621,1
120,1527,1316,3
1810,1844,742,1
179,272,575,3
1103,881,744,1
1812,1705,259,3
645,994,700,1
1375,1276,1301,2
82,1227,1040,3
1497,439,1597,3
1105,839,615,2
1397,89,1632,2
338,1140,2,3
1816,1262,1363,1
1654,1040,708,3
485,12,1715,1
91,95,1088,1
241,1133,1432,1
615,484,441,1
1009,1617,379,3
964,47,366,3
527,547,392,1
93,893,538,3
1211,1668,725,3
1624,1716,1043,3
956,1487,860,1
669,798,450,3
1232,1315,1376,3
891,1225,1637,1
1620,380,991,1
333,299,23,2
418,1034,958,2
302,1410,1792,1
1799,1270,1604,2
1496,187,437,3
303,1057,1267,1
815,340,1683,1
580,1566,515,3
1625,60,437,1
603,999,1268,3
650,367,1566,2
877,1809,670,1
542,664,1439,2
1071,899,1313,3
1593,671,104,3
149,580,1718,2
924,665,1567,1
104,1524,1645,1
1448,329,533,1
394,1842,1058,2
844,280,859,2
574,1440,1362,3
127,378,622,1
674,1228,632,1
489,1218,1834,2
1413,1176,1421,1
210,1650,1692,3
1352,924,54,2
740,620,1598,2
34,1518,1028,2
424,656,971,2
1356,1104,1161,2
1311,33,722,2
1044,111,750,1
1420,214,1626,1
1394,905,1584,2
1548,909,521,3
696,588,62,2
1301,559,1284,2
784,1335,1778,2
1581,1138,1327,2
1675,1102,1030,1
426,632,1401,1
511,1095,1320,3
1116,925,853,3
1807,600,809,1
1389,1092,367,1
1635,805,637,3
432,386,1743,1
478,688,1826,3
1184,309,858,1
1006,1397,1468,2
266,1186,1000,3
92,189,1395,1
540,734,1274,2
798,1561,440,1
1768,628,117,1
390,1267,367,2
376,730,984,1
172,126,1527,3
1274,123,250,2
322,197,1638,2
1166,1468,821,3
1526,886,1532,2
1215,647,1772,2
1602,1152,1347,2
1025,1476,871,2
219,1067,696,3
685,1149,1035,1
541,249,17,1
1780,1835,1816,1
1379,64,49,3
263,1627,34,2
836,1679,406,2
684,591,1449,2
385,1303,1354,2
103,131,1366,2
1418,535,499,1
708,849,308,3
449,1829,857,1
1712,1138,882,2
509,1380,1511,1
91,1556,446,1
509,583,1198,3
1065,1532,1823,1
1527,307,5,1
600,767,693,1
704,67,714,2
1574,997,1611,1
1600,1293,1344,2
1558,1113,1737,3
1315,1040,499,2
1161,1015,528,3
963,1268,537,2
429,1577,1619,3
455,742,407,2
162,942,31,3
503,1312,634,3
1389,1105,247,2
1591,342,439,1
163,890,1495,2
1005,1310,889,3
94,930,1667,3
904,956,1147,2
1822,509,457,3
1631,1324,1830,2
1099,221,1237,1
179,1263,897,2
608,1761,1722,1
1649,1438,1078,3
1209,81,686,2
335,1720,1517,1
381,141,134,2
678,616,1100,1
190,772,1555,3
997,767,1381,3
1441,1351,480,1
979,1577,1665,1
693,723,242,2
1658,1535,1157,3
997,221,528,2
81,552,1646,1
1166,602,489,1
1065,134,957,1
397,199,671,1
932,1610,327,3
400,777,1759,3
1652,909,722,1
837,172,409,3
276,85,403,3
32,902,896,1
1075,1740,495,1
749,89,496,3
1840,901,866,1
806,1632,987,1
1672,199,1035,2
1679,859,1408,2
1433,1687,1547,1
772,205,511,2
58,136,484,3
621,1114,801,2
573,1727,1805,1
1286,1627,1814,3
648,501,972,2
550,443,723,3
1592,217,1480,2
1103,927,228,2
1609,137,1808,3
754,258,603,2
197,179,391,3
1803,16,115,2
1736,469,949,3
1070,1076,995,1
1805,818,372,2
1286,1197,612,1
467,587,1513,3
1264,442,914,2
1736,746,778,3
897,1609,1634,2
534,1622,1117,1
350,1725,1680,3
1030,607,719,3
980,132,1319,1
108,1720,895,2
207,784,1428,2
410,1494,568,2
18,1662,670,3
1286,975,136,1
882,2,430,3
17,422,1401,1
928,1393,1164,3
863,1417,1374,2
1557,1326,1136,1
1103,786,1663,2
962,1664,470,2
1277,992,1766,1
818,331,1461,3
1530,1526,1119,2
1358,1309,1502,3
1511,18,172,1
1527,312,938,2
1691,973,1558,3
759,709,133,3
144,86,88,3
84,607,242,3
585,1429,788,2
969,1728,1080,1
932,313,322,1
1686,879,442,3
1325,1397,625,2
1091,1112,555,2
647,1168,1832,3
433,1438,1179,3
713,1752,569,1
760,1828,480,3
1175,1453,358,1
1572,1361,1011,3
1648,385,56,1
494,276,1485,3
967,131,483,1
1352,437,272,3
1848,744,1079,3
1472,1770,564,3
410,1835,1183,3
255,396,725,1
1679,348,16,3
1466,720,844,3
1336,1576,1760,2
934,1705,52,1
1554,460,1665,1
469,580,910,3
261,1108,395,2
293,806,1752,3
1069,41,1076,1
1848,613,1379,3
1186,1795,1590,2
477,610,1716,1
1529,64,281,3
75,633,55,3
354,1084,1016,1
677,1491,1578,3
1176,672,1785,1
1419,362,440,2
123,958,652,1
365,440,620,2
600,970,837,1
1479,768,1699,1
162,228,277,2
1482,1154,1814,2
661,852,1663,1
549,410,718,3
506,1845,447,1
629,1457,739,3
1520,1208,1258,3
132,147,1307,1
658,706,1396,1
1496,291,572,1
870,1728,102,2
1458,69,591,2
1246,184,1091,1
1827,1281,858,1
936,1246,1134,3
420,708,956,1
1724,412,220,1
655,245,1794,3
853,19,632,3
155,1430,87,2
1613,1347,1540,2
1278,583,191,3
119,857,257,1
1619,263,1778,1
1442,998,1604,3
950,1284,1205,3
1777,673,315,3
222,738,258,2
206,47,1446,2
1251,1001,1687,1
936,809,1534,2
87,717,498,1
568,1162,833,1
1426,169,748,3
730,1110,1072,2
805,906,1518,2
712,724,214,1
481,1163,124,3
1760,478,499,2
157,546,764,2
222,1820,332,1
348,1263,156,3
17,485,40,3
898,1437,65,3
1290,371,859,1
1131,1301,1091,1
61,1179,706,2
644,429,986,2
1854,1293,664,3
1309,262,10,2
830,930,1831,2
425,815,1326,2
1631,97,82,1
277,230,33,1
1095,236,980,1
1655,1306,1422,1
1529,58,1200,3
1573,1659,795,2
863,33,534,2
643,1265,465,3
496,1264,324,1
643,608,149,2
1529,840,1800,3
724,1694,184,1
870,1676,387,1
1014,1460,1802,3
658,752,1573,3
723,991,1348,3
1786,604,197,2
814,642,1240,1
1339,316,548,2
582,173,1455,1
103,1629,322,2
131,155,927,3
280,1819,897,3
1498,1763,670,2
1072,169,394,1
296,471,1322,3
1672,1608,961,1
1655,1190,1814,1
555,1648,1740,2
1336,763,1435,2
661,444,196,1
744,1438,1602,1
170,1263,1353,2
147,552,125,3
907,1043,1689,1
949,974,1553,3
1724,1424,1165,3
446,800,1577,1
1606,1778,1570,2
630,1263,1615,1
826,308,946,1
748,256,1005,3
9,516,1008,3
1458,452,1050,1
993,818,1760,1
735,1829,1627,3
521,563,1316,3
456,1031,1572,3
959,94,556,3
870,561,1378,2
916,447,752,3
1,1494,1423,2
494,1431,1411,1
327,308,1818,1
1406,1592,248,3
1130,1240,809,3
871,714,952,2
1153,1469,415,2
765,156,413,3
294,1246,181,3
1784,880,1246,3
1527,283,314,1
11,452,660,3
311,291,543,3
512,17,653,3
1748,1532,1731,2
1260,1587,465,3
50,671,170,2
355,1752,1024,3
874,1556,568,3
1381,449,4,2
1644,243,1366,1
465,382,1120,2
334,1147,1775,1
510,1705,1064,3
1759,565,15,3
157,777,1583,2
1742,469,1698,3
267,237,572,1
1629,1730,228,3
1609,1486,1282,3
717,964,836,2
795,987,1671,1
1663,729,1270,1
685,778,508,1
1735,1688,626,1
801,38,1279,2
795,352,975,3
1118,1845,1420,1
1020,234,329,2
1674,163,773,1
1422,836,1782,3
1031,216,714,1
476,983,1610,1
743,1080,457,2
642,1706,132,3
1207,1198,971,3
326,925,756,1
356,817,1162,2
887,1459,1339,2
777,677,486,1
272,588,264,3
330,1602,1694,1
1849,371,1428,2
488,350,1306,2
67,1409,400,1
1798,966,880,1
1197,1789,1292,2
378,297,399,1
1510,930,820,1
517,914,327,3
321,1383,1300,2
1661,1439,461,3
1226,1340,1116,1
1318,1,474,3
852,1021,746,2
97,277,90,2
1468,1117,1599,2
1091,857,529,2
1819,481,1632,3
1065,940,780,2
1825,53,603,1
318,285,645,1
595,1468,170,1
404,485,1382,1
1051,640,734,2
351,423,1135,3
28,1821,1597,2
1668,292,1663,3
1844,1045,703,1
981,946,789,1
1740,1471,535,2
1014,1817,1003,2
1656,1442,790,2
1064,1508,1817,2
1737,815,1439,2
896,1611,1123,3
1527,902,1581,3
1781,1625,1091,3
618,670,1819,1
278,699,860,3
962,1376,355,3
408,1774,314,2
1099,876,1158,1
1701,1557,848,1
1849,991,96,3
252,1612,1727,1
1448,1508,1345,2
800,256,1084,1
98,864,520,1
696,1239,34,3
330,65,68,2
447,1586,1572,1
1048,327,571,3
325,1531,1628,1
1389,1401,1270,2
1744,1246,1808,1
1069,432,146,3
6,12,557,2
1508,1800,1170,2
1460,530,271,1
1163,1657,458,1
1251,1845,1610,2
641,1543,513,2
441,897,1554,3
209,1602,1355,1
28,653,1311,2
223,98,1594,2
444,945,230,2
1275,821,1069,3
1177,344,610,1
1347,124,1767,2
26,1783,543,1
974,848,837,1
384,712,1361,2
30,1303,565,1
1688,1414,491,2
1743,694,1548,1
258,474,1688,2
1746,934,116,1
771,383,1854,3
1373,15,14,3
20,206,753,2
920,1623,1295,3
483,1417,147,3
602,589,1124,2
445,476,1390,3
764,512,486,1
324,1172,570,1
581,667,1804,3
1593,1458,1320,3
753,983,523,2
1648,1095,371,2
1619,369,1250,3
280,5,702,3
547,722,145,3
884,280,1794,3
73,1181,993,2
814,144,193,3
908,775,159,3
1089,347,1647,1
186,736,1837,3
1809,1200,1657,2
1606,1221,381,2
1536,1145,151,3
1149,674,1159,2
935,423,252,3
553,460,461,3
907,972,1459,2
493,625,939,3
846,1466,855,3
1478,357,157,2
82,1670,996,1
546,1827,1721,3
295,483,33,3
353,1469,377,3
645,580,1362,1
657,1453,1304,1
336,631,1364,2
1086,229,38,2
1010,224,213,1
831,596,1575,2
1591,1386,1247,1
5,669,1265,3
1276,1093,1788,3
930,1584,868,1
883,93,1569,3
428,1326,883,2
1321,598,484,1
1122,1036,1244,2
139,1411,110,3
1292,231,1173,3
573,1261,1615,3
1556,1588,1801,3
835,564,1713,1
1826,779,709,2
230,1392,14,2
368,1806,1099,1
1755,54,314,2
1264,1635,1033,2
997,1165,882,3
782,293,637,2
1062,1323,1278,1
1458,79,1080,2
1824,1654,60,3
760,921,1650,3
1794,1664,338,2
1048,1679,513,3
1710,505,1688,2
1345,666,1590,2
126,245,1724,1
466,615,395,3
710,764,176,1
1434,660,1535,3
732,394,499,2
1692,566,1615,3
710,152,61,3
552,1786,867,2
221,574,410,2
478,68,1383,3
1194,23,1040,1
391,300,256,3
147,1287,496,2
1424,1156,616,2
1404,371,992,1
118,291,1720,1
595,344,1415,3
158,1319,968,1
1261,1260,1762,2
475,1405,962,1
1831,407,559,2
780,447,151,1
465,278,1333,3
963,1595,1564,3
378,1473,341,2
896,1749,1303,2
1191,1770,31,1
1650,1776,124,2
721,26,42,1
1039,637,329,1
274,1831,996,3
568,40,404,1
1721,1474,1094,1
1742,305,443,1
1390,1722,724,1
549,851,397,1
1424,1217,105,1
283,1799,911,2
1328,209,1423,2
953,807,87,1
888,920,1619,3
111,225,90,2
724,1619,798,2
149,1127,1100,3
59,1371,482,3
1351,1263,1079,3
175,1722,528,3
492,128,1500,3
37,357,908,1
1681,1367,1269,1
1270,1363,715,1
40,1790,1521,1
1817,1838,1778,2
1093,1186,1673,3
840,980,114,2
1105,159,1065,3
490,1177,895,3
61,1838,1167,3
1727,900,1278,1
1269,1042,1354,1
1741,1160,621,2
660,873,1040,3
893,1614,312,2
1195,592,976,3
591,308,236,3
382,1227,956,1
1066,203,1734,3
622,1086,1703,3
1295,318,1030,3
1416,963,863,3
1361,1315,354,3
235,546,1540,2
605,571,6,2
1500,1619,753,2
1087,1595,1109,1
479,1116,786,1
1686,395,1818,1
840,335,1109,3
1433,622,197,2
1478,1599,1281,3
178,261,25,3
1049,226,209,2
1272,454,139,3
35,371,1279,2
705,1698,392,1
1288,1607,723,2
1126,1664,319,2
1689,1089,1433,3
1302,1010,1108,1
1385,973,400,1
178,607,390,1
145,1601,58,2
799,1831,213,2
467,88,798,2
1110,12,460,2
1236,1386,755,3
1358,131,1295,1
1217,814,1579,1
714,444,1702,1
1408,1788,1849,1
1637,407,178,2
1844,769,155,3
844,502,1225,3
1352,1313,733,2
485,1159,1509,3
787,1551,902,1
832,393,1017,3
170,1070,839,1
1068,538,918,1
1664,1203,144,2
1784,1416,1151,3
511,1660,4,1
107,1488,127,3
1797,1547,147,1
1356,1200,870,1
1143,882,1214,1
1114,832,271,2
774,529,1284,1
1284,52,916,1
1158,1121,145,1
82,1209,781,1
682,375,1667,1
1116,806,1817,3
621,375,597,2
1006,1322,1711,3
1647,49,379,1
1025,362,196,3
190,1417,1825,3
1136,1114,1123,3
65,882,347,1
2,1719,1013,1
1150,607,1167,1
785,819,349,2
1564,829,915,3
804,892,190,1
1705,679,1185,1
77,1398,709,2
148,1456,775,3
586,1776,1090,2
199,1494,1219,1
1430,1065,1650,1
1246,9,865,3
1775,1198,285,3
963,413,324,1
703,1228,1636,1
46,1510,581,1
858,936,306,2
150,1501,351,3
1844,422,1598,2
740,857,956,2
1282,1002,216,2
1095,930,1756,3
785,719,1144,3
1212,1717,1841,1
1445,716,1748,3
1720,556,573,3
444,918,72,2
181,1160,1687,3
1753,1360,350,1
70,548,433,2
169,1446,1776,3
1390,22,997,1
1289,574,51,1
1528,790,1769,1
925,709,1433,2
1003,1176,554,2
1826,1078,846,1
705,828,179,3
77,1030,1824,2
128,1327,1669,3
157,1537,1578,2
1574,333,69,2
1796,312,395,1
360,1369,531,3
1201,268,1293,3
1843,257,1683,1
1204,1693,1537,2
4,1243,1170,2
1188,1425,1113,2
1555,1020,95,2
475,382,1418,2
1380,689,355,2
1220,1764,1134,3
912,583,1184,2
474,105,1554,1
868,803,752,3
1016,873,1498,3
993,882,1074,1
1027,521,1707,1
364,1145,1113,3
1267,1285,1825,3
1575,1120,1326,1
391,897,1133,3
1426,1336,1123,2
75,302,188,2
563,363,609,1
1392,496,1662,1
1514,1304,97,3
639,1613,1129,1
1076,195,808,3
847,1359,135,3
2,1569,895,1
212,1695,903,1
97,333,1362,2
1240,1310,809,3
1578,1508,1292,1
470,1417,1478,3
584,1726,1668,1
931,1763,470,1
322,14,1356,1
1359,430,27,2
686,1757,1107,2
442,1492,271,3
377,1594,537,3
530,1670,1820,1
933,85,1250,1
115,799,1510,2
300,754,1433,2
1381,377,435,1
468,1708,1590,1
1468,1833,282,2
1060,475,1459,3
43,1437,1276,1
1792,979,1230,1
1746,484,1618,2
1754,1300,898,1
59,1202,973,3
1123,159,1038,2
1464,834,1610,1
1385,1455,332,1
411,1271,150,3
1028,451,142,2
128,757,1474,2
1477,765,394,2
1416,1465,1222,1
479,173,1140,2
1644,1345,546,3
1636,1657,1821,2
1351,685,1751,2
884,283,1207,1
1720,126,10,3
1846,830,1092,2
373,1532,1552,3
435,731,1230,3
1215,384,604,2
149,942,637,3
1261,459,1216,2
437,800,507,2
840,1600,176,1
1834,649,884,3
387,958,1200,1
801,1108,645,2
464,158,1397,3
484,1851,263,2
323,1053,1425,1
1725,756,111,1
1693,1166,175,1
1099,1081,374,1
1550,1723,1257,3
607,260,1460,3
539,753,1147,2
1737,8,1743,2
1424,668,1001,2
1427,1197,1077,2
78,1010,644,2
1560,1726,1637,2
676,1153,626,3
1826,107,131,3
246,1226,267,2
1413,298,149,2
704,1446,191,1
1459,74,488,1
838,708,1596,2
1110,1836,985,1
765,400,1424,2
1198,1466,404,2
1653,1821,176,3
1824,510,1294,1
727,368,713,2
1674,808,1149,1
650,1337,1066,1
1271,1218,1701,1
277,1134,980,1
1438,1817,1848,1
1660,114,1066,1
1293,1032,366,2
1638,893,853,2
1272,1098,1837,3
1621,282,1080,1
1722,1261,752,2
1586,88,365,2
1326,1479,1105,3
1639,517,1537,2
1041,1620,1343,1
194,1220,1095,2
1381,983,788,1
452,345,143,3
1542,761,93,3
1662,129,1150,2
1470,1479,249,1
744,390,559,3
1315,543,990,3
1150,1525,415,1
458,1337,610,1
801,293,203,1
1093,1343,1534,1
169,685,113,1
866,1095,489,1
1554,833,1231,1
643,415,641,1
794,979,1070,3
695,688,908,2
1053,1465,1817,2
296,476,337,2
1681,1445,193,3
1639,1264,552,3
1676,1130,211,3
6,562,1078,3
1718,1536,881,2
471,1583,754,3
1660,707,326,1
172,601,558,3
1823,1210,985,3
1223,1505,1307,2
1425,1351,1562,1
869,1762,691,1
96,1270,974,1
250,625,177,3
811,758,1219,3
595,607,538,3
293,1056,502,2
1019,1064,123,2
1779,1828,1198,1
242,1331,667,2
1017,1805,1432,3
458,1156,1630,3
1201,1721,1030,1
851,1185,953,2
286,1657,792,2
1009,1531,477,3
1404,324,403,1
590,196,1777,1
780,515,1763,2
1401,641,272,3
314,1255,1222,3
161,21,903,1
1775,1195,1713,3
1600,1104,622,2
1843,753,423,1
1012,900,1461,3
546,1321,1718,1
63,963,24,1
590,906,1370,3
1195,1513,1137,1
167,690,557,2
1510,1669,1254,2
86,1138,1299,2
1698,335,1284,2
912,1768,278,1
1205,215,606,2
1415,1513,158,2
975,239,78,2
826,1429,1055,1
1580,571,10,1
1120,799,445,1
1678,536,526,3
1225,1482,918,3
991,586,1832,3
333,482,67,3
1444,1785,770,3
36,618,1821,1
896,1338,1809,2
1144,876,1351,2
530,1819,1729,1
984,543,243,2
419,1235,620,2
162,718,376,1
314,1608,707,2
821,1566,1073,2
1843,581,1058,1
140,297,1307,2
1766,1579,877,3
1241,1140,354,2
1674,61,688,1
14,403,1131,2
1384,161,1424,2
392,1387,449,2
962,427,1142,3
86,1438,126,3
1404,216,696,3
1036,974,483,3
183,957,1096,1
719,1165,181,3
558,1034,1336,2
1730,1398,918,1
604,517,911,3
1168,631,795,1
191,1682,1469,3
1813,95,269,3
1242,1598,920,2
437,970,645,3
1085,1389,883,1
167,714,1082,2
1787,1408,1287,3
1005,593,1085,2
927,712,1786,3
1766,1387,806,1
646,609,1508,3
1578,691,187,1
1162,583,1798,1
1498,1254,1704,3
506,1568,397,2
235,305,241,2
110,669,1179,1
201,155,51,2
1784,472,1756,2
660,1777,1347,3
366,1503,482,2
1558,842,158,1
913,357,1670,2
624,560,238,3
180,1295,1085,3
1498,1486,845,2
1292,862,1733,2
1163,43,306,2
527,1615,273,3
408,269,955,3
1018,1270,299,1
838,31,549,2
459,1153,1767,3
125,109,1788,2
982,1247,1695,2
1703,291,1657,1
704,1752,279,1
1847,1044,1049,3
1094,488,1099,1
269,666,837,2
129,615,1304,1
1430,606,1771,2
1419,1167,1346,2
1604,1530,260,3
1275,1828,922,1
165,1394,762,2
12,1431,1161,1
823,528,1009,1
1449,1193,939,3
909,1035,159,3
1686,1559,615,1
969,1052,1595,3
504,535,564,3
1057,47,757,2
1766,27,1805,1
583,868,474,3
752,1186,799,2
299,1582,350,3
736,663,536,2
652,1498,157,1
672,33,1227,2
681,364,40,3
1227,375,26,2
860,1155,61,1
431,1073,1666,2
1180,1367,672,1
1718,332,1182,3
1555,1809,745,2
1183,1834,1160,3
1369,1173,849,3
929,766,1365,3
513,141,563,3
373,381,628,1
1557,712,255,3
229,255,585,2
173,778,225,1
1739,554,376,3
1272,524,1749,3
1008,184,234,2
281,1543,1358,3
1507,354,861,3
1412,1658,71,2
942,377,1360,1
955,57,1220,3
1368,731,1194,2
207,1668,69,1
1145,1364,825,3
924,857,579,3
343,123,102,2
1552,1844,390,1
6,1688,1672,1
313,1398,319,1
1120,770,1505,2
427,468,123,2
667,1532,1155,1
1210,1320,131,2
1334,177,1473,3
593,649,442,2
762,1370,1226,3
589,1310,1194,1
1264,1227,1211,2
154,10,606,3
1837,1315,1013,1
1574,1186,197,2
432,285,1091,1
845,1220,85,3
658,704,1480,1
1487,18,1614,2
149,1433,128,1
1081,814,284,1
589,1652,855,1
413,1839,1303,1
1012,1664,779,1
1411,409,436,2
179,1777,281,3
1766,1635,1224,3
958,1166,1634,3
877,821,1696,3
141,1635,1582,2
1819,1585,1004,3
1033,1311,264,3
1123,1693,738,1
446,1330,1266,3
296,264,1494,2
1249,1462,266,1
1800,700,1063,3
507,1443,1051,3
622,1110,1600,1
276,1061,156,3
38,1367,1169,1
386,1191,635,1
1390,1474,1187,3
1599,481,759,3
1624,501,395,3
739,1235,936,2
449,676,359,1
853,330,795,3
584,418,801,2
1395,1221,1396,1
1449,251,1578,1
1213,1100,347,1
211,594,1081,3
870,1653,1764,2
823,1627,1799,3
1617,1304,286,3
1484,373,1180,2
1387,70,838,3
1480,358,379,1
1513,1790,361,3
742,1413,1278,2
416,1464,1544,1
1028,282,1052,2
946,600,1325,2
1060,525,209,3
398,1693,1297,1
205,872,1652,3
1275,917,449,1
623,1330,260,2
1215,1660,560,2
1707,1031,1635,1
1655,1309,636,3
1795,1089,1223,2
552,1567,356,3
1571,327,720,2
989,178,1602,1
888,978,1549,3
1340,1121,538,2
1102,540,655,3
495,1471,3,3
1150,1737,1146,1
396,1201,235,1
1318,1610,1508,3
29,1704,1767,3
1585,1308,640,3
1611,1686,1848,1
1324,1529,1065,3
1351,1300,536,2
1594,444,513,1
1753,68,1530,2
1798,1279,881,1
708,269,972,3
1063,374,902,3
1676,753,172,1
775,459,1404,1
636,1666,846,3
308,293,1831,2
1064,751,680,3
357,1087,762,2
1572,140,1364,3
45,1295,1513,3
378,74,847,2
291,1632,600,1
748,282,246,3
1328,28,269,2
198,1087,372,1
1500,1523,460,1
1549,1049,1079,3
1036,427,378,2
468,1057,1400,1
122,619,904,3
503,1659,1658,1
283,678,1603,3
1684,410,1571,1
1809,465,54,3
1822,57,1339,3
1584,1217,234,2
1336,1636,1258,1
1758,1388,355,1
228,1108,1273,2
895,6,316,3
837,64,314,1
51,737,781,1
80,1367,188,2
639,1518,459,1
1484,1830,534,1
1141,376,1033,3
1311,1383,1654,3
1585,1173,429,3
1306,563,540,3
2,1528,654,2
138,489,956,3
1045,1564,106,3
1381,321,655,1
869,830,893,3
470,68,430,1
1278,781,470,2
1226,29,1279,1
1820,1333,1350,1
1250,1256,1534,1
170,113,1002,2
1700,1446,1519,2
1746,1422,442,1
138,1007,405,1
1241,801,1566,2
342,1182,341,3
381,86,1849,2
262,1731,1379,1
140,1568,113,2
78,423,544,2
267,1305,1712,1
1815,375,104,2
427,193,900,3
1680,1590,1385,1
160,1245,323,2
499,1368,491,2
1311,1454,957,1
518,1170,746,3
1043,1418,1586,1
987,1700,763,1
928,90,184,3
1384,1473,967,1
1168,18,1237,3
502,552,1638,1
561,249,1213,1
814,459,243,3
507,559,793,2
1197,1738,1511,3
799,1748,425,1
314,1208,570,1
210,59,1434,2
149,1021,518,1
1228,1390,1409,3
353,222,359,2
8,1207,1567,1
835,136,421,3
715,63,1634,2
1444,1068,1505,3
287,533,514,1
1015,718,1789,2
1682,1626,1800,1
210,278,558,2
1199,1191,904,1
1208,469,872,3
1135,1178,1009,3
1567,1156,20,1
258,340,1579,1
1644,995,1423,3
907,856,1509,1
569,886,1492,3
1817,388,831,1
1251,445,647,3
120,1406,978,3
1676,855,57,1
668,1807,560,3
148,1291,1549,3
791,854,1292,3
1427,493,296,1
1470,848,157,2
124,1562,189,2
470,495,1480,3
336,298,952,2
1527,463,1011,2
1022,1810,1320,1
454,1674,1551,2
1678,1278,109,3
469,241,90,3
458,572,1554,3
1553,632,1765,3
1689,392,1047,3
1036,1527,1381,1
104,925,205,3
648,1222,712,2
1477,1633,1630,2
1456,872,1542,3
1183,1614,943,3
1333,805,977,2
1834,1114,948,3
1311,1657,1737,1
918,1792,398,1
31,1779,924,3
1012,517,1458,2
1417,126,368,3
151,1103,467,2
1115,1354,178,2
1558,1299,1098,2
1717,1761,144,1
248,1562,1146,2
678,397,671,1
1480,1537,1616,3
461,1518,1738,2
400,11,351,2
279,196,359,2
806,1263,1572,3
1098,374,1017,1
1161,812,202,3
1558,998,495,1
1830,798,1635,3
206,1449,432,1
686,1585,1582,2
1598,1199,1703,1
64,542,1843,2
1770,538,654,1
692,940,1477,1
1518,86,1796,2
635,126,142,3
524,371,1227,3
356,743,1221,1
208,801,483,3
491,143,670,3
539,306,307,1
303,672,278,1
1685,1386,1149,1
724,201,914,3
915,349,1480,3
1026,34,1564,2
1701,968,754,1
896,1073,176,3
1316,1155,914,2
237,1099,697,3
1340,1055,951,2
1426,503,731,2
237,1109,1563,1
1781,1638,725,3
1639,157,1756,2
1151,700,1800,1
1491,1542,826,1
1054,1186,562,2
178,1471,1228,1
723,80,1532,1
1793,124,1042,2
289,1186,1650,2
1852,1648,1372,1
1082,1281,1122,1
1619,162,90,1
841,566,1386,2
1344,601,1008,2
491,545,1104,2
1431,796,65,3
539,1447,182,1
1254,1173,750,1
397,1257,566,2
1056,1702,1684,2
47,666,576,1
1470,1493,789,3
1605,972,482,1
152,749,1310,2
1555,16,538,1
217,388,92,2
969,1359,791,3
441,897,427,2
234,737,657,1
1158,1358,1624,3
229,1722,70,2
1049,703,1372,2
1751,206,985,3
1736,1427,517,1
227,1182,878,1
1506,1849,1606,3
65,1606,1534,3
821,845,1621,3
1089,1405,818,3
519,524,1325,1
132,1829,1074,2
1024,1504,195,1
268,955,1267,3
1520,172,1316,3
281,1211,737,3
1680,231,1522,3
513,1709,780,2
1249,1325,980,3
402,442,313,2
798,980,1319,2
65,695,1760,1
1413,692,1414,2
781,1678,74,1
942,290,1338,2
886,346,1069,2
1099,711,1218,1
1602,144,33,3
1413,472,1355,2
1484,101,1755,3
1125,618,1442,1
302,1210,544,2
1338,1495,1340,3
990,832,629,2
399,601,775,1
5,1158,1369,2
1570,516,1578,1
360,552,1840,2
403,345,545,2
1521,631,755,1
1658,265,13,3
1092,996,836,1
183,1012,1499,1
614,77,1107,2
1687,503,655,2
1308,427,1778,3
707,389,1778,1
272,1747,1446,2
984,1558,180,2
1464,548,1418,2
1311,1315,6,1
235,1456,595,2
441,378,730,3
591,885,424,1
139,421,1676,3
370,1553,339,1
1767,835,879,2
207,441,297,3
592,433,916,1
697,89,470,1
1389,685,10,2
613,1451,1521,2
1232,907,213,1
635,903,369,3
1538,1227,242,1
606,1062,1371,2
458,762,485,3
1032,1156,1064,2
1048,558,880,1
1843,1064,295,3
1020,1055,1627,3
540,728,78,2
836,1541,1698,2
1421,532,1472,2
626,116,776,1
1253,796,1522,3
172,1524,1339,3
1798,623,670,3
1043,407,1647,3
1151,299,823,3
725,1613,402,3
884,565,1141,1
370,294,1431,3
744,1205,291,1
287,419,211,2
678,751,1458,1
1072,1627,1709,1
1464,808,1590,2
7,1179,179,3
30,187,981,1
1410,810,1153,1
41,1199,134,2
1305,950,161,2
1688,818,65,3
1030,1613,1706,2
1579,932,1169,3
1530,393,1497,3
1517,809,934,2
1433,244,923,1
1444,148,1248,3
994,328,1056,2
155,1714,1134,2
240,1564,947,1
778,185,1780,1
1206,353,535,3
748,184,1534,3
1628,398,444,2
1716,1664,935,1
889,134,1318,1
420,863,161,3
1087,110,1169,1
137,283,921,1
983,300,159,3
909,559,28,2
1150,969,1652,1
1676,1571,1015,1
1478,100,991,3
766,1044,821,2
431,801,102,1
1753,936,188,1
1003,426,172,1
1706,105,320,1
1096,1806,882,2
1727,1674,1409,1
370,142,89,1
1798,1342,1464,1
1817,809,461,1
1672,123,777,3
55,295,1416,2
1023,1531,1172,2
39,967,1087,3
1151,825,88,2
1756,78,618,3
597,587,1095,1
1515,37,1395,2
460,889,1055,2
747,173,815,2
1254,1805,161,2
434,1512,729,1
903,383,1604,3
883,426,1748,1
284,1786,864,1
1078,933,579,2
714,631,1120,1
678,211,446,2
472,992,1843,3
1665,1450,202,2
370,1622,262,2
1484,1139,1104,1
71,369,179,3
1238,1045,620,1
472,1631,932,2
654,310,1766,3
739,890,918,1
1387,234,642,2
196,1773,51,3
1235,32,1439,2
1149,1312,321,1
400,699,919,3
158,499,1188,3
1805,728,1233,3
1759,905,1561,3
302,964,821,2
1663,440,734,2
1299,159,682,1
1809,579,107,1
993,1400,943,1
1737,919,879,1
1524,1001,1044,2
1438,935,1192,1
219,545,4,2
1437,1804,979,3
738,1777,658,3
404,1290,1428,2
1363,1183,705,1
390,891,1451,1
1837,361,318,1
145,719,341,1
1209,1790,1448,1
1019,963,999,1
1145,786,1476,3
150,1035,72,1
369,801,777,1
1450,1628,1360,2
1655,1147,1,3
1824,197,85,3
834,1136,755,2
707,382,1717,1
747,1728,1103,1
19,205,158,3
515,1692,824,1
625,1696,588,2
776,207,70,1
1816,637,1813,2
732,407,1742,2
1843,1424,734,2
1552,69,1724,1
1673,24,309,3
800,263,1392,3
1050,507,351,2
1735,992,1370,2
933,1681,216,3
1284,430,127,2
131,340,62,2
440,38,423,2
595,1235,200,3
1639,691,426,1
1235,473,606,3
98,1664,7,2
852,116,68,2
1656,1174,298,1
544,1372,646,2
517,1778,370,3
514,802,832,3
1088,606,371,1
1354,591,952,1
947,644,1649,3
647,62,923,2
1245,990,1263,1
308,1178,788,1
162,440,1442,2
1221,827,1414,3
706,1420,206,3
659,769,1625,3
1000,767,86,3
144,240,847,1
462,1082,715,2
258,856,1139,3
213,956,473,3
530,1394,1501,2
654,875,119,2
1012,961,179,3
1,1358,1111,1
49,1080,6,2
154,1115,1553,3
277,400,1020,3
1345,188,1457,3
567,1215,1744,1
1839,1696,731,1
848,473,956,1
268,209,1852,3
486,1704,944,1
317,1418,1765,2
382,1195,427,2
1585,176,724,2
1165,1059,801,1
127,1290,1354,1
237,365,1634,2
387,1155,847,1
1243,233,28,2
1658,1593,529,3
685,1398,1463,3
194,346,1169,3
62,797,101,3
1274,1419,533,1
1404,23,639,1
140,151,1424,1
1483,722,492,1
1567,1775,993,3
471,508,1362,1
717,1046,936,3
1788,980,1410,3
1114,805,763,1
1217,754,733,3
1590,4,1384,2
1746,187,144,1
947,1051,1314,2
515,674,1827,1
1843,1583,1686,2
819,1694,1318,2
1103,998,1818,1
698,491,848,1
1377,277,1337,2
1033,895,716,1
1040,1853,1513,1
179,978,1071,3
920,625,686,2
94,962,789,2
691,525,1592,3
154,1789,1849,1
891,1784,1341,1
247,1185,1431,3
950,358,1827,3
551,595,1410,2
769,333,752,2
644,1743,1190,2
131,794,1383,2
1125,923,83,2
271,103,1566,3
1788,1845,550,3
1023,754,1503,3
933,49,770,2
1733,800,1645,3
1458,1843,254,1
1796,139,631,3
781,1749,331,2
1253,720,263,2
261,1355,1423,3
138,69,622,3
1693,1628,467,2
1631,1700,1753,2
1338,730,501,1
370,269,41,3
853,255,1198,1
1303,1294,687,1
1199,426,1193,2
268,707,939,2
463,247,1215,2
828,1367,1028,1
410,1706,1413,3
1817,1181,844,3
186,1284,671,2
947,224,197,2
1302,603,1222,2
182,1550,777,2
1755,640,492,1
1275,409,905,2
574,414,427,3
1130,841,1451,3
1626,1260,297,3
1676,417,203,2
1569,1209,818,3
932,442,1819,1
1439,1546,113,2
1625,609,267,2
662,1819,294,1
244,641,264,2
1086,1517,170,1
450,1221,1565,2
1018,1783,1249,2
220,1587,1716,1
546,1821,968,1
1265,677,1174,1
13,1165,1825,1
12,1695,1540,3
1403,290,920,2
1103,1392,1412,2
1028,1625,929,3
1438,429,1171,1
703,1292,1419,2
1413,803,678,1
194,1748,641,2
1338,1669,1713,2
756,45,1219,1
1473,881,1836,1
865,604,308,1
389,842,1431,1
343,896,1795,1
649,1708,1469,3
896,1440,314,1
663,1107,130,1
1255,1205,452,2
1111,1354,428,2
144,111,1184,3
1484,55,1261,2
587,273,238,3
1162,1461,742,1
1141,1493,201,3
202,1810,1832,1
1583,1758,436,3
1440,377,1549,2
149,1391,1312,1
1373,1618,1662,1
1833,1569,1607,2
454,196,1417,1
547,665,1410,2
1115,1673,1643,3
283,1631,807,2
1845,1589,105,2
159,734,876,1
878,67,756,3
1228,603,1641,2
253,62,804,2
1839,734,1550,2
1566,783,688,3
573,1642,1379,1
1297,747,1801,1
580,490,1463,3
788,1609,1749,3
1600,1368,1017,3
637,337,18,1
1438,1023,871,2
1289,768,745,2
405,810,130,1
1316,244,876,1
1028,1845,668,1
435,902,656,2
150,1764,336,2
315,1836,783,2
1113,487,881,1
895,118,1344,2
837,1465,1524,1
260,1346,1144,2
1530,1696,657,3
492,69,669,2
516,793,582,2
208,26,1415,1
265,530,1262,3
1390,401,1299,1
1645,659,1101,3
1236,812,1018,1
1444,705,331,1
578,1698,1769,2
1823,1484,852,3
656,1675,232,1
315,1718,925,1
1083,1628,1186,1
357,409,1802,3
1783,439,1571,3
1838,1547,200,3
529,372,1185,3
1014,711,79,3
1773,1505,1593,2
1287,1790,184,3
570,1349,1771,1
998,343,1135,3
1660,1087,1735,1
643,870,569,3
548,1451,1086,1
678,1248,464,2
456,1707,1166,1
1731,1318,528,3
1414,214,1053,2
1367,562,34,1
1629,495,597,3
417,466,861,2
356,615,801,1
1705,1212,888,2
853,1429,109,3
4,1048,1688,2
1445,998,1804,2
771,521,1421,3
729,257,922,2
731,878,283,2
1338,1386,87,1
1385,44,1436,3
1463,645,877,1
1782,758,907,3
293,863,1556,2
1105,44,404,3
923,1503,1263,2
1566,244,1364,1
133,448,1157,2
1593,192,1819,1
797,120,648,2
174,444,981,3
181,1686,1346,3
1042,963,1353,2
1289,871,292,2
1744,1538,133,2
73,1224,978,2
1690,1629,1,3
972,1038,1157,3
1582,1647,796,1
425,1560,31,2
389,1159,551,1
1811,318,178,1
74,1013,435,3
1022,1296,522,1
1346,343,1594,1
1371,443,1498,1
699,1225,20,3
1060,198,1407,2
57,1775,1723,3
1507,65,456,2
485,859,1080,1
1366,1769,1238,1
373,1793,409,1
947,1040,1413,1
1798,1560,266,1
514,520,635,2
1335,1446,1404,2
425,453,315,2
420,1671,1492,1
846,310,1407,3
322,933,1112,2
1107,995,1470,3
825,1825,550,3
1530,177,578,2
244,118,1376,3
593,1728,258,3
1305,766,575,2
180,1134,1233,2
1580,1446,186,1
432,1106,132,2
950,1122,255,2
1320,1849,1319,3
590,119,697,3
1120,1430,905,3
1135,1333,297,2
870,1260,329,3
1289,1632,1382,1
1197,1063,1718,3
42,546,649,2
1321,840,175,1
369,318,713,3
750,1468,459,3
1746,1277,966,3
6,1707,369,3
1420,815,1506,2
85,1621,10,1
1223,168,1613,1
536,1344,1089,2
669,43,1164,2
850,1182,1708,1
884,1258,216,3
1807,34,1455,2
1601,577,101,1
1085,1350,1533,3
295,163,861,3
1101,1678,565,3
1623,1340,824,2
413,1104,1364,1
311,1063,339,3
73,1485,1490,1
489,1155,1545,1
1801,348,1168,2
1201,1451,171,3
1196,692,900,1
1793,1283,132,2
576,1094,526,3
438,34,1202,1
110,132,205,3
399,307,1013,3
919,1065,657,1
339,5,205,2
641,782,1607,2
1410,680,795,3
1415,1041,78,1
400,789,158,3
660,40,118,1
686,208,1075,3
169,812,366,1
138,553,1023,3
1637,1803,182,2
532,104,14,1
1475,689,1073,2
994,1217,601,2
903,1530,654,3
370,1023,1673,1
1482,233,1725,1
640,573,1667,2
1184,544,92,2
670,890,1174,1
1719,1279,1618,3
1449,432,572,2
355,218,1119,2
1835,503,406,2
1408,1034,1619,3
1845,1666,1162,2
33,1741,520,3
1462,441,715,2
194,442,418,2
895,1352,1005,1
714,356,533,3
1435,1530,367,1
683,1706,1252,2
1200,1644,1582,2
1604,866,1524,3
1064,627,410,1
118,677,1400,2
1368,461,1374,2
1723,352,1183,3
1375,1205,1244,2
1134,1584,407,2
422,121,466,2
1135,635,1028,3
1719,1655,1563,1
1059,852,334,1
1300,1011,659,1
199,82,19,1
979,1188,1465,1
329,1202,330,2
284,784,1026,1
537,325,1621,1
1368,875,1786,3
1154,1467,1731,1
1471,940,507,2
496,720,106,2
494,394,168,2
1820,1103,437,2
1171,1790,1556,1
537,1806,421,1
1318,120,732,1
1485,1710,748,3
885,1743,315,2
681,1593,67,3
1601,483,1306,3
1403,1007,247,3
785,154,44,2
714,1374,1843,1
1610,699,634,3
767,1049,374,3
314,1425,1843,1
1238,1130,455,3
537,124,309,1
393,789,1460,3
920,1167,735,3
1489,297,1706,1
1729,1699,587,2
933,311,1319,1
1675,761,1034,3
259,1403,1165,3
1306,804,1613,1
756,333,738,2
859,418,1322,1
420,1765,984,1
45,1124,1668,3
711,1684,1757,2
1749,1444,1711,3
102,1828,818,3
1217,152,309,2
1153,552,1601,3
1366,148,813,2
482,1629,1605,1
27,1591,1634,1
177,536,92,1
1401,1022,91,1
1213,235,748,2
1615,1396,268,3
84,766,289,1
1350,401,588,2
866,730,886,1
1650,672,1715,1
988,1205,1511,1
1779,1805,711,3
391,325,897,2
215,428,1175,3
1602,1148,1079,3
873,243,1336,3
1613,309,22,3
635,158,70,2
1530,1020,1678,1
601,48,1380,1
1579,1524,1104,3
1239,191,45,1
667,1749,649,2
57,854,698,2
37,130,1392,1
1737,817,937,3
606,1742,1161,2
189,1017,1544,2
323,1716,1798,2
532,469,550,2
545,302,1082,1
1286,1302,1655,3
472,611,1156,1
348,1754,1463,2
777,449,782,3
1,1315,604,1
39,386,372,3
1763,401,42,1
383,1569,760,1
49,349,464,3
508,290,1247,3
1249,1420,1692,3
1472,457,1621,1
1013,1376,1711,2
1087,810,1392,1
197,1475,1537,2
923,1504,1735,3
247,1034,168,1
858,247,1240,3
85,1643,1157,1
1216,45,947,1
1204,575,927,3
1339,1569,89,1
443,776,1608,1
427,824,1460,2
954,1187,1002,2
1639,435,1131,1
1307,740,683,3
341,618,1698,3
312,1809,1195,3
1646,1792,1342,1
1565,792,1525,3
1447,612,1744,3
1847,1373,1020,2
1060,1701,251,1
1829,463,1082,1
268,1806,1376,2
1689,106,1654,1
350,1001,911,2
138,1133,1025,2
856,1476,953,1
760,45,788,1
332,413,871,2
1623,743,885,3
1576,1291,232,1
1690,1417,448,1
1252,1631,122,3
739,1616,500,2
1044,960,1237,2
1338,80,1487,3
376,1434,657,1
99,1537,1602,1
789,233,885,3
1349,495,1722,1
835,912,1028,3
1620,624,1434,1
892,845,74,2
1454,294,1230,3
1323,993,1149,3
1761,530,370,1
123,182,230,3
697,1133,246,3
208,1745,796,2
1373,1250,160,2
1468,1540,8,3
934,1707,1651,2
325,566,575,2
197,1038,280,3
691,1420,35,2
638,37,1601,2
1336,1051,256,1
65,78,1726,3
260,1224,895,2
1743,11,1588,1
1141,991,126,1
617,1336,1833,3
666,1257,1255,3
272,424,874,2
266,1544,1500,3
1465,129,1227,1
250,1425,923,3
749,945,130,2
1618,479,773,2
1437,878,758,2
1600,808,674,2
158,1176,1731,3
1853,1182,1618,2
325,967,1367,3
344,784,600,2
973,877,915,1
466,1491,1792,3
453,929,154,3
524,125,1433,2
650,856,1717,1
587,307,659,3
366,94,510,1
1284,11,946,3
1736,275,1309,1
1818,1300,929,3
1165,1395,174,3
592,582,1568,3
690,1237,1387,1
1117,365,551,1
657,348,1183,1
35,1506,1037,2
1847,1577,213,3
1566,781,236,2
44,1243,1443,1
1093,978,1756,3
1626,421,440,3
1189,296,1487,3
1177,1572,1747,1
352,223,226,3
3,593,1107,3
627,1450,378,2
1022,71,512,3
1242,624,975,2
1634,1720,33,2
33,991,974,3
458,1703,1722,1
1208,1782,1495,2
1014,1027,1130,3
1792,1648,250,3
894,1463,1587,1
919,928,1378,2
611,141,367,3
483,1649,1771,3
160,365,1423,1
355,1656,1655,2
1790,1369,1349,3
1813,69,1055,2
1175,1062,1265,3
537,921,654,2
675,534,345,1
894,674,1546,1
1270,704,1694,2
1713,988,1009,2
436,1802,1003,1
814,1251,904,3
1371,706,1690,3
500,1415,1029,1
1185,284,1432,2
70,1508,1441,1
1555,1409,1365,3
249,1795,103,2
573,1823,618,1
93,95,758,3
122,972,823,3
130,397,1610,2
1488,1102,21,2
892,1705,1067,2
1672,1023,1367,2
116,1757,1532,1
1713,1587,1514,3
29,1667,1676,3
706,308,1158,3
77,1002,1772,1
1178,1200,1804,1
75,1563,103,3
547,1469,608,2
169,1841,1446,1
1461,112,510,2
1204,1490,1675,1
1782,1035,1044,3
1743,1033,344,1
77,878,293,1
1002,1607,293,1
1216,728,560,3
991,929,693,1
1008,519,682,1
827,257,278,1
245,1128,1681,3
1404,82,1828,2
341,1264,945,3
413,172,148,1
96,1100,1507,3
182,1190,1145,2
399,1064,735,1
253,378,523,1
1660,309,261,1
1569,1140,400,3
1726,1140,164,1
1397,447,1016,3
1613,1341,1795,2
544,456,1163,3
1714,803,91,2
242,1677,890,2
1000,884,707,3
1349,398,474,1
1196,1520,1510,1
1245,458,1796,3
1523,96,1616,3
1539,1742,385,1
611,255,1340,1
243,525,1206,2
514,1313,1079,1
1039,1047,218,1
1800,1030,1334,2
889,172,1227,2
1831,567,1448,2
1553,930,1330,3
1432,190,424,2
95,774,278,3
1760,798,1579,2
711,1042,812,3
1090,1374,866,1
259,1845,1051,1
1109,1226,1654,3
1575,330,214,1
1766,979,1403,3
1491,1093,1153,1
981,1057,280,1
607,1434,697,3
1621,847,528,2
1212,146,1244,1
1766,196,1148,3
577,709,1141,2
644,1387,803,2
533,226,1630,3
810,1773,865,3
1725,326,198,1
1668,1301,1267,3
669,1721,1688,3
310,340,77,3
1625,1648,1593,3
985,1061,1792,3
1258,816,1705,3
736,760,1550,3
1024,43,1536,3
1222,688,1624,2
212,293,1276,3
1115,727,1316,2
314,1434,1567,2
7,1388,1612,2
320,235,593,1
1753,610,267,3
1124,337,1002,2
1263,418,525,3
1804,1277,567,2
1356,502,833,1
300,743,56,3
842,1638,1701,2
344,152,1153,2
1773,62,1172,3
1438,1314,475,1
273,69,977,2
45,760,610,1
927,1314,192,1
1131,967,1522,1
1619,1798,1115,2
590,1614,409,1
611,140,445,2
360,683,268,1
1600,1387,1440,2
924,40,1803,1
1817,1750,1389,2
1532,289,1397,1
1447,402,1624,2
1689,37,21,3
1468,61,175,3
1410,761,247,3
1748,1000,1644,2
1758,371,1213,1
1448,1840,889,1
1363,1573,1826,2
784,1728,748,3
1152,1127,1012,3
13,244,289,1
1235,1404,542,3
675,1573,1770,3
1075,662,355,1
1690,234,648,3
708,472,16,1
559,979,118,3
781,859,497,3
858,723,1212,1
1536,90,1377,3
1542,911,1049,3
831,1473,804,3
1390,170,1319,3
1669,1755,485,1
1161,1309,1250,2
292,475,1303,1
621,1408,1770,3
1060,779,1477,1
1118,83,1773,3
1391,1700,1257,3
225,1739,735,3
1628,694,139,3
416,951,850,2
1820,1850,1339,3
232,493,1759,2
67,567,1080,2
917,1425,233,3
1694,667,718,1
1319,1685,672,1
271,196,693,2
999,1716,308,3
855,897,1775,1
678,1342,1131,3
542,834,232,3
160,731,1303,1
979,1109,723,3
1631,1459,919,3
1810,576,1321,3
243,1852,517,3
1407,1770,233,1
1202,876,1429,2
680,1308,1576,1
1404,979,223,2
308,646,652,2
127,781,253,2
1560,1549,808,3
1731,477,1355,2
1326,862,295,3
458,430,1331,3
1641,1592,367,1
148,1666,163,2
922,302,485,1
606,1796,672,2
1068,1186,295,2
1703,1241,444,2
1669,1677,1566,1
374,1701,1168,2
587,1508,1252,3
740,693,63,2
1799,630,306,2
1356,800,755,3
1453,1011,1520,3
287,634,894,1
1433,1570,163,3
298,530,808,2
903,528,792,1
704,613,261,1
806,1671,506,3
1553,1309,1493,2
524,177,754,3
1026,1592,1085,1
277,1629,345,1
114,184,1286,2
1437,1200,1849,1
1318,1219,1397,3
1261,1433,967,3
128,260,1724,1
1714,1454,730,3
1840,1166,1837,2
127,1402,504,1
1537,1459,884,3
1416,800,1051,1
225,293,409,2
1789,88,689,1
613,1112,1268,2
660,655,1296,1
847,492,1828,2
1540,1352,486,3
1351,1037,994,3
620,1588,187,3
1766,286,512,3
1765,161,1589,3
220,1008,1324,1
210,1408,1527,1
1768,3,261,1
1247,1193,683,3
537,114,835,1
1382,608,1365,3
1313,224,367,3
1370,271,105,2
14,1091,1282,1
419,1,946,1
1574,861,1648,3
1004,991,178,1
934,1685,186,1
337,1463,1335,1
1551,1404,1538,2
1794,1371,58,2
1175,492,287,3
965,719,841,3
1566,652,1420,2
1551,548,1802,2
818,1572,468,1
573,1716,320,1
264,653,1277,1
1798,522,1442,1
10,1821,600,3
134,1076,1545,2
1310,1852,1484,3
25,192,669,1
1771,43,458,1
1813,1409,1472,1
1233,1436,1587,3
923,1447,1401,2
1055,846,1370,2
1784,1191,1711,2
438,1471,1041,2
55,1464,1632,1
3,495,70,3
850,1188,219,2
470,900,1023,3
86,1697,778,1
1578,1027,1606,2
1427,594,1648,1
869,1405,1846,3
1624,1753,988,3
348,401,1147,3
1339,309,504,1
481,597,604,2
1208,1711,1283,3
552,1395,201,3
1548,659,253,1
219,1139,6,2
1715,606,871,2
212,2,675,1
930,336,502,3
99,1739,470,2
1370,1639,1256,1
1354,948,708,2
262,659,1120,3
532,240,764,3
1639,646,1177,2
545,1803,1696,1
1270,309,1042,1
909,1285,1585,1
391,164,1378,1
174,340,1650,1
435,1826,1522,1
1047,1584,1260,1
1247,670,729,3
1130,1635,1544,1
998,324,750,2
296,1367,625,2
900,297,852,3
23,484,1418,2
704,1260,401,2
235,1466,467,1
604,1733,1022,3
381,1756,757,2
1514,1372,245,1
788,1831,522,1
962,1226,1794,1
1040,258,1123,1
1278,704,110,2
1390,743,1783,1
935,1497,1231,2
1053,1615,184,2
155,855,1160,3
1375,922,1611,1
1534,1675,937,3
168,603,1749,2
1561,1258,1516,3
1724,49,1258,2
1092,145,1205,1
1057,125,1353,1
1571,362,1153,2
235,1514,132,1
164,1000,1549,2
1218,326,362,3
688,652,647,2
687,1208,352,2
795,1377,784,2
138,441,3,2
503,1285,275,2
427,1362,44,2
1600,292,887,2
165,1672,426,3
181,1466,930,2
1522,1704,1402,2
51,1522,1101,2
934,898,529,1
1237,117,1831,2
699,771,116,1
1205,1204,1668,2
169,1714,601,3
1005,708,1017,2
1466,1619,24,1
317,878,302,3
1832,58,540,2
1193,405,1083,1
56,1564,448,1
968,1095,1569,1
801,1348,534,3
830,1281,1674,1
872,507,430,3
673,1130,682,2
1587,1024,935,2
1796,1563,278,2
779,999,1742,1
60,1271,9,3
1201,272,1070,3
1678,18,1681,3
1781,1802,1190,3
387,1531,1625,1
774,317,1851,1
291,1351,318,1
1219,1536,1083,3
1375,1264,686,3
1006,675,1414,2
243,1402,600,1
1098,1489,680,1
86,1059,413,3
1637,424,314,1
1748,1512,104,2
1046,573,429,3
1378,1290,1817,3
1425,409,1830,2
395,351,1572,1
255,1027,687,2
1599,1446,1081,3
650,1702,1493,1
1421,1370,9,1
748,1376,427,3
1601,878,1210,2
904,27,646,1
470,1246,67,3
1162,270,466,2
485,1551,1842,1
1325,26,720,3
972,9,1376,1
1474,409,1060,2
134,1501,482,2
603,1528,1751,3
1575,1450,1189,3
1448,417,1607,1
642,1019,997,1
1419,414,721,3
1822,1563,359,3
1300,481,1639,1
1812,1306,133,3
1213,563,1831,1
1651,462,92,3
1138,915,1480,2
73,1180,1288,3
1590,1557,1852,2
1183,1568,697,2
1070,142,151,1
373,1736,1436,2
1778,1445,516,2
778,1612,834,2
821,1746,163,2
117,942,704,3
1234,1287,1256,1
197,1391,1203,1
360,343,257,3
843,1203,1475,2
1019,173,1698,1
663,1161,1760,2
1619,428,883,3
831,1758,52,1
1851,406,714,3
1562,1735,1375,1
286,1314,163,1
220,1768,423,1
312,2,25,3
657,118,322,3
1470,681,499,2
820,87,1290,3
140,33,285,2
1746,553,593,3
543,383,1433,2
265,1804,821,2
1018,1221,1753,3
1660,75,1428,3
380,86,1765,2
771,1102,185,3
496,303,612,2
1503,1819,417,1
673,1785,1683,2
1715,611,1353,3
1154,967,1536,3
354,1581,528,2
565,115,1568,3
902,1674,1490,3
525,919,1645,3
1652,422,160,2
868,762,1195,1
10,272,1304,1
1173,929,1344,3
980,1590,1559,1
1551,693,585,3
1149,783,10,2
366,1328,1041,2
933,1031,565,2
237,922,257,2
1674,654,713,2
1279,633,681,1
119,874,250,1
85,543,1234,3
837,106,433,3
939,1424,1291,2
1738,1004,1044,2
1548,1685,1203,1
179,544,254,3
179,1287,242,3
158,592,1521,1
221,1766,97,2
343,1459,605,1
1679,808,914,1
258,65,1388,3
1114,1315,221,3
632,724,1838,3
495,209,1288,3
1485,1616,681,2
1102,831,1230,3
1063,813,1806,2
1105,1683,1636,1
943,733,285,1
1652,978,519,2
54,472,1165,3
549,801,562,2
691,1071,1136,1
1334,1820,1391,1
1711,864,1809,2
274,702,66,1
346,668,101,2
1780,545,378,1
1836,191,1468,2
75,1364,46,2
785,1084,858,2
923,1392,1570,2
1092,412,1373,1
1838,1790,734,1
1260,1441,1303,1
671,298,1183,1
801,1036,1,1
1844,1854,470,2
513,1011,1637,3
1186,1483,585,2
234,434,1555,3
604,902,1351,1
1798,313,415,1
356,1216,343,1
1772,1393,498,3
865,1672,1437,1
525,1603,1675,3
393,189,1059,3
951,1586,1400,2
1068,767,341,2
1586,39,745,1
1840,1712,772,1
1569,1045,1041,2
1446,896,1035,2
513,1393,786,3
1595,1102,351,2
387,628,1137,3
534,1794,538,1
1556,227,373,2
634,1700,1091,2
508,139,883,1
1838,997,222,1
1447,6,320,1
1507,138,154,1
579,224,1795,1
635,783,332,1
1020,56,871,2
5,1223,1715,3
1805,1625,1840,1
932,149,1,3
680,3,15,3
942,1179,971,1
433,274,1568,1
751,677,1711,1
1774,421,576,3
706,923,1740,3
537,1752,333,3
727,1431,752,1
1100,682,544,1
381,1478,1829,1
158,610,1460,2
823,1610,594,1
954,583,485,1
310,336,1208,2
166,1300,1167,3
1106,1372,1655,1
564,1281,483,2
1779,1537,1310,2
724,1054,618,2
406,1310,1832,1
604,296,116,2
651,499,1579,3
980,1684,1147,1
1252,1598,231,2
1119,622,966,3
295,968,1323,2
1411,32,617,3
1283,277,972,3
634,6,572,1
1772,849,1494,2
773,622,949,2
144,1007,939,3
799,1520,87,1
861,1438,191,2
624,1823,919,2
444,1304,203,1
713,1826,1652,1
207,810,532,1
646,1225,642,2
1777,1337,1738,3
1745,1719,482,3
1361,1552,887,2
1716,1051,464,2
482,1640,163,2
1109,703,753,2
1770,480,131,2
1271,1430,1360,1
751,902,1521,2
23,237,1829,1
697,46,202,2
444,672,24,2
1037,122,140,3
1646,174,309,3
375,10,639,1
167,1086,345,3
1384,490,115,1
12,1318,489,1
289,1752,1197,2
1581,1314,1488,1
836,331,134,2
944,826,850,2
1824,324,801,2
237,1465,42,1
1564,1725,1070,3
1645,1020,1162,3
967,124,1612,1
1807,182,528,3
928,137,67,1
124,45,1564,3
870,158,358,3
824,689,4,3
1254,393,1500,2
248,947,1765,2
1696,1603,897,3
500,482,10,3
280,1520,453,3
686,1660,1481,2
1273,1280,553,1
1093,12,840,2
1276,1124,837,2
196,903,348,3
1002,1784,610,2
239,1176,1089,1
1299,825,709,1
1707,1573,832,3
934,676,889,3
1317,1500,1699,2
1651,1318,407,2
489,420,6,3
406,655,1683,3
1754,1467,739,1
246,1834,1110,1
320,892,1646,1
362,786,1241,2
720,700,1753,1
564,365,850,3
689,158,149,1
1089,1721,62,3
105,725,29,3
376,1523,267,1
1853,12,715,3
117,538,468,2
1144,441,48,2
1645,770,1073,1
87,1146,948,2
1351,850,211,1
305,1558,1786,2
1477,53,528,3
131,210,118,3
240,1163,593,1
800,906,681,2
861,469,612,1
538,1292,1594,2
1491,713,771,3
1568,361,1639,2
1123,615,1350,2
727,1221,1606,2
1190,1150,1402,2
1821,660,1098,2
205,362,1743,1
159,1233,787,1
898,858,1732,1
237,90,1312,3
781,901,1604,3
410,1178,1329,2
1593,1172,1289,1
674,234,418,2
733,380,1090,1
100,1227,1748,2
1438,1597,202,3
1256,321,719,3
823,927,1578,2
72,1452,1337,2
594,1413,112,1
1136,1718,1199,2
1627,147,1030,3
125,800,1356,2
795,1791,575,3
859,619,1827,1
907,1020,723,3
1337,1051,386,1
20,841,509,2
1809,1002,593,3
922,573,847,3
120,1455,453,2
820,704,8,2
1519,1714,1602,2
1472,1440,1379,1
1759,1177,164,2
851,1062,18,2
1455,450,412,1
921,408,489,1
1237,603,1807,1
783,362,295,2
1190,559,701,3
1115,1532,872,1
1,325,128,3
1196,1432,760,3
1622,1397,1247,3
1821,443,1752,2
1717,570,1375,2
282,1339,661,1
1245,1158,1337,3
1223,386,876,3
433,1012,1150,2
13,582,1415,2
118,175,450,2
1476,1265,1371,1
1688,1057,1247,1
974,811,324,2
601,772,1121,1
669,649,1206,3
557,692,745,2
1233,643,712,2
1078,1347,819,2
1506,1120,1247,1
1130,759,1441,3
508,1262,1339,2
1840,191,1213,2
1516,1757,1400,1
649,1086,1261,3
856,1167,1224,2
1585,1396,1738,3
1607,1648,1239,3
1367,1025,792,3
145,1487,1663,3
139,370,1566,1
925,1207,1324,3
396,1653,717,1
280,1207,502,1
207,203,1651,2
689,352,28,3
1029,134,820,2
1371,1452,896,1
1103,672,61,2
52,1092,1370,3
156,424,103,3
1620,1462,785,1
1182,1160,1272,1
74,1126,1825,3
601,269,456,1
1640,533,1479,1
201,712,1701,2
417,232,488,2
1066,1163,376,1
743,939,353,3
198,1239,63,1
1430,1358,30,1
777,1012,891,3
1616,669,1817,3
831,499,1028,3
622,113,1415,3
18,1321,133,1
871,1650,266,1
880,591,1479,2
948,1293,1218,2
53,154,779,1
1789,206,549,2
1575,876,849,2
1354,578,58,2
68,264,456,2
602,1066,151,2
1531,314,1397,2
1728,3,449,1
88,76,1376,3
566,926,151,2
1082,1134,1388,3
284,1374,1059,1
730,1416,1428,1
827,1854,595,2
806,601,699,2
1400,39,824,2
555,1315,1585,3
1422,447,370,2
1475,1017,1067,2
69,365,1277,1
924,1630,1263,2
320,262,973,1
1835,762,843,2
1519,1166,899,3
825,326,1507,2
593,1476,1164,1
546,1421,1336,1
1725,667,460,2
910,14,510,2
619,1840,1383,1
1277,1461,861,1
1240,345,24,1
1480,844,1765,2
382,135,298,3
295,367,1098,1
222,390,1383,1
452,1401,1732,2
385,264,111,3
387,342,71,1
1078,1084,1690,2
1332,1031,1687,1
614,1187,736,3
47,49,1524,1
1496,187,631,3
234,263,1458,1
1760,943,1065,3
712,1573,1141,1
1592,1141,362,3
911,1838,737,3
456,1545,7,2
529,144,572,3
1625,1828,121,3
1212,1048,1772,1
335,1724,1402,2
757,1243,895,1
1074,849,656,2
1145,782,535,2
157,1435,431,2
490,922,921,2
616,1060,304,3
687,571,1269,1
1446,1079,1104,2
1670,658,904,3
370,88,840,3
99,1801,505,1
1288,1399,1760,2
1626,1454,720,3
1013,300,723,2
869,479,181,1
1399,40,1413,2
43,266,341,1
1257,1845,494,2
1064,587,99,2
1124,1390,1210,1
549,957,1578,3
17,1022,1564,3
620,56,95,2
492,26,1748,2
212,154,1009,3
559,1350,219,2
484,1740,431,3
682,759,1811,2
403,461,1023,3
1716,382,1320,1
1165,781,62,2
1257,455,145,2
624,1359,198,3
588,1763,912,3
1533,1450,63,2
168,1756,654,2
1067,737,599,1
1595,1284,938,3
329,676,26,1
549,779,261,2
1380,1372,363,2
295,1812,1537,3
1482,359,1502,2
1613,1373,1080,1
1819,805,700,1
1808,150,792,2
589,1593,175,1
87,1003,1362,2
1606,1296,1415,3
1539,1715,759,3
633,530,522,3
281,406,677,2
1602,1274,373,3
1060,1141,685,1
379,1175,746,3
94,708,1454,3
1298,1491,473,1
424,909,434,3
949,904,1699,2
233,1125,1378,3
14,264,797,3
1561,1504,1152,1
1281,1308,862,2
401,1443,1529,2
1416,1522,1831,2
1010,583,750,3
1458,802,386,2
1842,882,611,3
797,1548,914,2
1525,1059,1710,1
69,777,808,3
423,1278,1667,1
28,1262,92,1
672,1733,243,3
116,1518,1667,1
1578,997,1117,1
886,1285,310,3
425,1755,1030,1
1080,964,1419,3
885,1767,694,2
49,949,480,3
484,1150,1677,3
784,136,620,1
624,953,1184,1
1329,1062,957,2
569,1616,442,1
200,1796,81,2
1656,447,1753,2
314,479,850,2
530,1137,799,2
476,1681,646,1
951,1063,57,1
251,1060,143,1
1135,961,1268,3
1555,1345,513,3
1104,403,1559,3
177,851,1690,1
1615,1763,606,1
406,201,313,3
1257,613,1217,3
113,915,1245,1
912,674,1059,2
1148,1331,588,2
1440,1421,339,3
1049,1302,1396,1
508,325,84,2
944,1783,162,2
1243,1439,445,2
639,15,1621,3
287,1609,1853,1
165,129,1251,1
739,703,1408,2
756,92,136,3
1792,779,1386,1
264,639,384,3
1704,524,710,2
103,1083,756,1
1555,619,1262,1
761,588,1753,1
52,847,34,1
1648,591,1407,2
1762,1719,795,1
1399,576,558,2
283,205,1563,2
120,1704,125,3
346,1163,1757,2
1380,681,1348,3
936,77,763,2
1208,850,45,3
1272,1247,979,2
1490,1595,1516,3
32,1487,1853,1
1742,23,756,1
1823,239,1018,2
1277,1631,1458,2
1542,1525,811,2
1672,690,1710,2
1370,839,412,1
907,926,445,1
1772,207,1756,2
75,1176,1699,1
1691,612,1260,1
1740,497,106,3
1618,501,1417,3
750,1556,98,1
370,1028,891,1
1645,816,376,1
1230,1247,695,3
702,980,1554,3
653,1828,508,2
1217,933,797,1
1652,738,1853,1
491,704,530,1
1054,559,684,2
643,10,394,1
959,967,1660,1
743,844,376,3
1679,512,520,1
381,520,600,3
716,973,1724,2
178,1473,1292,2
704,1400,1755,2
519,385,1633,1
402,1491,1164,3
1383,1668,1273,1
1242,811,472,1
1544,782,584,2
1831,944,1587,2
805,44,1078,1
835,1805,1681,1
835,1574,943,3
1850,314,1206,2
530,1367,1301,2
401,1147,342,3
1170,597,1450,1
1447,1347,763,3
179,574,362,2
872,1516,241,2
1702,1142,227,2
1114,146,403,3
1506,1229,214,1
1163,252,1206,2
1696,277,766,3
1246,70,1472,3
930,1193,739,3
1306,456,1480,3
1493,515,712,2
1209,980,1749,3
1159,1135,1010,3
415,1751,442,1
1395,1843,690,1
1608,1829,1485,3
1082,599,1830,3
670,1479,659,3
1469,63,1591,1
988,577,1543,2
1375,64,393,2
1494,1483,477,1
178,1290,1379,2
1244,123,1224,3
1792,1046,1620,2
313,1815,1534,1
1704,270,664,3
1469,1794,702,1
262,1759,1584,1
1545,1059,561,1
1415,1471,926,2
255,918,1080,3
1811,781,1461,2
829,383,1427,2
1298,652,1418,2
1441,1203,120,2
1501,1103,58,3
907,1741,1716,3
133,245,1840,2
861,1031,1084,1
548,75,1201,3
1384,1101,556,1
991,1234,867,2
1050,611,318,2
943,972,998,1
1786,717,721,1
1182,504,957,1
1643,813,1838,1
1530,1833,1743,1
628,1205,496,3
1480,716,456,3
1296,751,15,3
1198,733,284,2
1603,1384,1184,3
1638,1004,758,2
1765,145,304,1
1716,16,649,1
473,750,1246,1
1239,420,265,1
990,571,1717,2
1831,1324,851,2
423,1297,482,3
226,1692,1088,1
336,552,97,2
239,348,1763,3
275,878,1357,1
432,1416,1000,2
799,1608,1260,1
305,302,1837,3
593,162,712,1
559,495,774,3
986,295,851,2
1765,1535,1605,2
1761,89,872,1
475,1778,1683,3
1001,171,41,2
163,823,147,3
1273,613,778,3
148,159,839,1
1794,1734,54,3
819,574,697,3
947,1036,1667,1
507,1140,1323,3
21,1646,561,1
1413,1084,1215,3
120,918,1289,1
667,192,108,2
821,1180,29,3
1601,214,1024,3
427,717,601,2
467,1810,1654,1
1751,1046,1393,2
1593,987,1576,1
76,83,1589,2
1198,12,591,3
920,168,181,2
1385,1709,1629,2
715,454,451,3
1007,1642,478,3
821,284,1726,3
156,101,88,3
344,1185,1401,1
13,1106,1719,3
1106,1843,1413,3
751,527,909,2
507,6,202,3
1297,1263,683,2
1773,884,1179,3
879,1442,600,2
634,1717,923,1
427,1491,1089,3
1121,1748,207,3
473,1556,1578,3
450,616,953,1
1122,654,1421,1
698,1436,1058,3
505,942,1405,1
1196,489,940,3
1016,1339,215,3
1299,1136,677,2
1474,1771,811,2
965,739,1104,1
1777,961,692,3
1674,226,1508,2
1228,264,1800,3
864,1317,700,3
623,518,1501,3
1390,1598,1452,3
458,898,1573,1
1510,506,1312,3
1818,800,727,3
277,1327,1338,3
1445,166,367,3
188,1823,293,1
325,893,1335,1
243,1817,1358,3
143,267,1271,3
1722,1030,1388,3
803,273,629,2
1838,273,1100,3
917,318,391,2
1261,114,1262,1
1003,58,1006,3
1635,122,1383,3
1111,440,344,2
146,554,1425,3
522,1826,548,3
1612,636,519,3
923,32,1625,3
1487,1643,1645,1
1539,1652,514,3
1066,1610,1640,3
614,678,612,2
606,1088,1344,2
735,1278,1400,3
1423,722,1578,2
1121,371,347,1
18,1037,1235,3
1665,1749,769,3
525,987,832,2
1833,1189,949,3
343,560,1485,1
410,1153,1011,2
112,1709,862,2
1380,1202,1086,3
181,642,986,2
1096,1795,3,3
1131,602,1427,3
1794,1775,1468,3
1427,522,4,3
952,748,1763,3
959,1729,529,3
717,1491,1496,2
951,960,766,3
528,850,1216,1
1764,1631,1422,2
1157,1306,990,2
775,428,348,3
1323,1631,1494,3
595,560,1543,2
1226,815,1138,1
1268,1276,1,2
1440,1629,1502,3
676,1010,1414,2
337,948,1101,2
1286,1565,1761,2
590,1384,1403,1
437,654,362,1
458,196,74,3
1456,6,162,3
692,627,638,1
1033,1228,1719,3
263,1337,87,1
406,1687,1463,1
1847,165,496,1
1475,181,1547,3
240,1023,1542,1
1088,811,966,1
808,1696,739,1
962,1470,237,1
1321,94,1324,3
749,572,1502,1
1686,1588,1777,3
945,401,141,1
886,89,945,2
1807,81,45,3
1679,10,1380,1
463,712,1759,2
1289,428,1420,3
264,1851,374,3
643,245,1000,3
1591,1284,1178,2
726,862,561,3
126,1198,317,1
406,1111,126,2
1222,641,677,2
389,358,107,1
1672,1038,873,2
1675,756,1617,3
699,1279,981,3
1635,1786,1761,3
1242,791,807,1
1802,212,1609,2
437,394,144,3
1687,1593,274,1
175,650,1639,1
615,614,528,3
1460,218,1017,2
145,260,1707,1
625,1683,527,3
323,1735,1578,1
1291,1826,1367,2
1688,383,1448,1
1726,1818,1053,3
1379,884,500,2
844,356,1721,2
859,22,1491,2
1137,36,1102,1
133,975,828,2
776,1511,85,1
1022,1843,242,3
1495,198,1196,2
1844,1187,1268,3
1106,1376,1499,1
1676,1401,163,3
1700,67,453,1
900,1541,838,2
1023,1787,105,1
1811,1336,1302,3
899,1708,1031,2
1146,825,318,1
1585,1455,1032,3
875,1589,1806,3
1341,1825,362,2
644,1472,1528,2
153,27,10,2
213,953,1548,3
560,1051,1433,3
512,722,169,3
1291,727,870,2
641,938,600,2
218,1278,1539,1
43,259,9,2
1189,27,1417,1
942,1411,591,3
646,1820,952,2
1570,1023,1118,2
1250,1384,528,1
201,634,656,3
1474,1007,1806,3
1257,1452,907,1
657,1426,536,1
242,380,802,1
779,1743,511,2
962,784,83,1
1825,1569,1101,1
606,99,1652,3
307,1667,1255,3
1576,480,989,1
4,1307,907,2
1003,1321,723,3
1542,171,338,3
1553,788,656,2
706,496,1781,3
1700,1588,1346,2
689,392,1215,1
1234,167,1500,3
97,1076,251,3
1004,934,1282,3
1047,100,1114,1
51,1426,1233,2
4,569,699,2
1839,870,602,3
464,697,782,2
521,871,1414,2
1160,446,1260,2
1162,1510,41,3
566,1711,391,1
1224,1324,405,3
1011,202,1007,3
503,764,659,1
1145,738,1166,2
1102,1330,740,3
1309,70,60,1
338,1795,137,1
1175,607,1414,1
620,176,1593,3
463,358,1204,1
1413,809,117,2
83,633,535,2
419,623,1572,2
730,1698,1459,3
637,1773,1377,2
433,1150,1446,3
1693,389,663,1
541,286,676,3
262,463,794,1
283,392,274,3
1761,1748,624,2
131,1678,1142,1
562,1662,303,3
1298,810,1841,2
30,836,967,2
271,1423,1647,1
78,378,1537,3
654,783,1569,3
304,91,1519,3
1749,1826,19,3
414,1575,1525,2
871,677,1191,2
746,428,368,2
512,548,886,2
1020,1311,532,1
1446,763,1807,2
968,344,324,3
987,1705,118,2
880,1391,1353,3
1794,507,617,2
907,1443,113,2
1421,76,1230,2
145,771,1149,2
707,462,1810,2
193,880,124,2
1772,539,843,1
326,884,1129,2
241,21,1734,3
357,1774,382,3
1449,1814,1026,2
1412,197,1632,2
1332,1125,1037,3
413,1497,1681,3
189,562,125,2
767,1446,73,2
63,1479,484,1
1366,428,1234,1
281,1415,642,1
799,701,1120,1
1360,682,1111,3
1708,1443,158,3
99,221,1525,1
1562,1365,966,2
1569,267,648,2
471,11,149,1
978,415,405,3
881,553,734,2
1684,444,588,2
919,1000,1687,2
805,561,1665,3
463,1521,691,1
960,113,333,1
177,821,1570,3
593,1079,134,1
1651,830,1391,2
893,502,608,3
1402,1261,241,1
1731,357,1507,1
1064,1046,862,3
1691,264,257,1
1506,1428,332,1
1057,611,278,3
1842,1092,515,1
1063,722,800,1
362,1503,1008,3
527,1154,1427,1
1347,723,1612,2
599,743,1224,3
1332,1083,1089,1
1216,1033,299,3
1150,601,298,2
800,196,688,2
343,330,1828,3
1580,1391,596,1
1392,286,1406,2
745,196,1418,2
1063,1661,1169,2
1592,1712,429,2
1803,778,833,3
964,1344,168,1
996,380,784,2
1056,827,1389,3
1390,695,1818,2
796,972,159,1
1828,703,1200,2
1572,925,823,2
1031,651,571,1
1498,465,356,3
687,69,1460,3
369,1493,477,3
414,792,903,1
451,1020,96,3
1272,1125,1447,2
1251,1170,308,1
598,161,1280,2
245,832,1513,2
178,201,405,3
476,625,1257,1
1476,284,437,2
119,262,493,3
172,1158,942,1
1143,753,796,2
1499,1705,1118,3
1515,1665,725,3
708,1842,1134,3
52,207,401,2
850,985,1763,3
302,1201,508,2
1406,829,744,1
1083,217,434,1
1079,345,1684,1
1515,1054,393,2
1766,339,1133,1
956,773,1710,2
1810,1695,1762,2
409,496,1330,3
837,257,58,2
962,126,553,2
1615,549,1747,1
271,545,824,3
412,23,1564,1
124,199,1521,1
306,293,648,3
1119,378,1268,2
744,1137,396,3
674,1436,1067,2
67,974,466,2
1347,1453,822,3
303,1562,1195,1
598,466,996,1
1482,73,896,1
1730,1630,1668,3
195,720,1273,3
53,568,993,3
670,64,314,1
1,1048,1617,1
1805,1116,1501,1
930,1175,789,2
1235,1798,374,1
1539,712,781,2
1323,1050,1126,1
1180,941,1415,2
71,207,678,1
121,965,1626,2
938,991,193,2
1171,228,1353,3
229,1037,569,3
742,1728,1326,1
650,1068,773,3
748,391,683,1
552,1004,1449,1
1279,1234,380,1
1782,1746,385,3
1749,444,603,1
1468,1598,383,3
1738,881,371,3
26,17,502,1
1009,324,40,1
1454,301,1693,1
514,196,1506,2
43,862,1038,1
1444,1420,596,2
1418,67,1094,1
781,142,395,2
1238,789,860,2
1404,67,819,1
403,178,911,3
1080,77,994,2
733,1772,1386,1
519,1453,1011,2
172,1554,1565,2
1209,1176,1098,1
1357,1666,184,2
1797,1406,1370,1
78,1838,752,1
825,924,375,1
885,1772,1726,2
1522,317,913,3
965,271,1407,3
478,143,357,3
1196,1409,380,2
1636,1165,683,1
1320,486,764,1
381,800,1473,3
206,1594,13,3
10,189,1121,1
1739,1132,1552,1
1570,1460,1161,1
477,485,248,2
857,366,679,3
1487,711,239,2
1285,216,1298,2
787,613,1712,2
1752,877,1000,2
1451,1699,1045,3
1328,521,1253,3
396,1192,1262,3
810,963,388,2
1338,1794,160,2
207,626,1050,1
1729,349,499,2
558,1156,183,3
474,213,1353,2
360,1239,455,2
1244,1691,1387,3
1451,1598,1094,1
1847,989,1032,2
1810,1109,367,3
28,213,1672,2
635,1282,695,1
1692,471,521,2
1622,807,365,3
1255,1478,1640,3
1072,371,156,2
345,528,532,1
1182,19,63,2
1555,670,97,3
882,1162,406,1
237,1034,828,2
1444,1569,1591,2
898,440,579,2
128,413,637,2
1696,1231,828,1
681,189,66,3
266,734,234,2
589,535,783,1
860,772,1108,2
499,1848,1827,2
1682,203,71,1
1777,510,55,3
128,1833,291,2
1515,1018,1850,3
1716,239,1212,1
912,1045,336,1
1309,238,802,1
1827,1150,1172,3
1565,36,945,2
849,924,31,1
733,1423,153,1
618,1613,1154,3
695,446,1109,2
740,625,533,2
697,189,658,2
1368,1781,948,2
702,832,807,1
517,975,497,1
534,690,1301,1
851,1094,1346,3
631,1054,837,3
1001,1785,1101,3
1123,449,1617,1
346,1664,1272,2
310,1528,607,1
1262,1579,800,1
36,867,1519,2
906,87,1097,1
585,1852,1155,2
106,1593,1351,1
1144,510,373,3
1036,511,1126,1
648,1718,658,1
824,1046,1075,1
1195,1462,173,1
1420,1807,1281,2
1644,1596,324,1
358,1330,167,3
1127,1360,1497,3
375,1498,1201,3
286,258,1804,3
647,416,1107,3
1483,126,879,1
1087,89,174,1
778,1797,410,1
1690,1283,1402,1
1068,646,24,3
257,871,1227,1
1543,739,1560,1
224,659,460,2
1152,848,1018,2
1045,1757,1457,1
455,39,292,1
107,1783,1633,1
1344,1085,1417,3
129,1259,144,3
627,620,99,1
346,1641,89,1
343,1235,854,2
1628,1330,1278,1
1264,1230,1727,2
1608,830,512,1
1074,293,1649,3
272,1163,1178,2
246,1007,1821,1
1397,1189,1121,3
1579,1155,393,3
880,1777,1458,3
1673,1038,709,3
261,568,163,2
1594,1203,1844,2
262,1744,695,1
522,1764,851,2
1349,1101,961,1
135,148,781,1
1049,1388,1540,3
110,1483,939,1
1606,440,224,3
1439,216,732,1
1255,1292,35,2
771,759,1601,2
589,1273,1372,1
509,88,91,3
290,1211,757,2
1022,1228,343,2
1572,346,533,3
675,1615,304,3
708,1195,672,2
280,1069,1442,2
647,1560,1709,2
1576,382,137,1
467,1362,787,2
1006,568,1186,1
456,1854,1595,2
137,1548,1407,2
1457,643,7,1
1652,46,1470,3
38,1170,1599,2
1511,1145,225,2
251,1459,500,1
833,1633,995,1
1843,1700,844,1
615,1027,1345,1
1466,886,1198,3
585,1116,1572,3
179,1609,1743,2
1345,1719,109,3
467,252,40,3
1720,136,1518,1
1850,807,796,2
1800,1334,663,2
250,719,1120,1
979,1664,1805,2
249,592,171,1
1183,544,13,3
1798,1016,1087,1
1751,1221,774,2
1655,1823,1785,2
509,1763,734,3
1670,1141,546,2
864,20,741,2
503,1192,1520,1
1405,1629,1721,1
278,718,1763,3
351,926,995,1
1091,96,541,1
1473,1388,1718,1
803,1431,1715,1
1596,460,1359,1
1488,1496,780,1
712,185,1544,1
527,1274,327,2
21,351,1672,3
1593,256,456,2
950,1432,1335,2
159,460,1296,1
127,1833,954,2
605,1572,354,1
11,72,1389,3
1479,19,210,2
1318,755,592,1
906,1252,1823,2
740,184,58,2
1841,1529,23,1
600,847,486,1
1496,458,1172,1
1651,1021,107,2
1376,166,744,2
1392,1281,477,1
269,1192,1258,3
652,745,744,3
34,1762,743,2
1396,1808,46,3
33,392,1398,2
65,1184,185,3
1239,1365,577,1
1007,1072,944,3
956,892,1407,1
1723,265,1104,3
147,462,724,2
364,1387,1555,1
695,3,1771,1
55,429,1709,1
124,1061,1294,2
737,1339,917,1
510,1194,1553,2
557,678,705,3
136,502,294,3
111,691,1786,3
1602,75,1402,3
1603,1612,1580,3
348,1198,1197,3
221,96,1573,1
590,222,1116,2
1095,137,231,1
570,871,23,2
779,994,128,3
274,285,1004,2
1114,588,43,3
77,674,751,3
1681,1222,1506,3
860,1240,658,2
730,614,867,3
807,474,178,2
18,1096,1628,1
696,716,1690,2
216,576,1517,1
566,1513,1471,1
1826,753,1844,1
1126,1702,1662,1
6,1001,1539,3
1461,851,994,1
482,231,990,2
839,356,1344,1
1337,669,191,3
240,442,669,1
644,1337,330,2
1173,324,987,2
1205,1522,113,1
1501,984,130,3
258,1517,763,1
1334,532,1042,2
1803,1405,1523,1
407,254,583,1
685,1568,546,1
1603,872,868,2
1138,309,1648,3
1179,568,303,2
281,190,528,1
159,1199,107,1
927,677,1663,2
916,747,1161,1
1658,1736,490,3
716,152,1050,2
1746,939,1668,2
1433,1390,1267,3
1032,1816,727,2
1618,1305,12,3
1502,1373,1718,1
723,1010,777,1
1516,1311,1424,1
905,1577,1147,3
194,1387,251,1
623,551,27,1
927,241,1205,3
1162,566,247,1
866,1487,1797,2
794,4,140,1
1720,1377,1091,1
1106,3,1724,1
440,917,945,1
1488,763,177,1
802,903,1023,1
141,1421,29,1
451,933,1490,1
1244,1733,937,3
656,283,1675,1
1469,1440,920,1
805,891,1193,1
440,483,644,2
1015,1574,999,3
995,1637,676,1
778,416,1560,2
255,817,331,3
865,1777,749,3
611,763,421,1
451,1662,199,1
315,1839,615,1
689,864,256,3
777,791,594,1
1118,316,1783,1
1588,878,1165,2
1524,316,1813,2
1599,1403,1798,3
608,689,320,1
389,1087,1684,2
1447,1775,942,2
898,838,57,1
578,264,1427,3
25,358,1642,1
870,622,1686,2
1503,917,1088,2
978,927,1148,2
472,1633,144,1
344,1240,415,1
1337,569,161,2
1326,758,1788,3
804,1312,1482,2
811,946,1640,3
1384,751,221,3
549,1688,246,3
1174,1689,1122,2
772,583,977,1
1332,1270,412,1
1454,1145,1526,2
242,60,169,1
497,1413,1619,2
514,1500,571,3
17,1015,1287,2
198,26,517,2
1108,980,1722,3
948,258,1441,2
1788,1797,502,1
1146,1575,428,1
1842,1142,636,2
1251,708,353,2
178,515,1335,1
826,1020,1783,1
1002,948,418,1
833,1458,1464,2
700,793,1285,1
1795,692,278,1
528,866,958,2
1275,845,1412,3
240,985,909,1
3,270,1756,1
597,1716,337,3
201,789,1471,3
133,1201,1158,2
327,569,1151,3
490,24,52,3
172,902,950,2
1274,513,962,3
1351,1843,1345,2
1150,1586,1548,1
1024,1288,631,2
1594,881,1270,3
65,570,1640,3
405,1500,464,2
1093,984,1138,1
1473,1302,1506,3
191,1266,598,1
497,1601,297,1
391,120,117,1
366,1660,1267,1
1209,1294,369,2
1077,1411,1586,3
912,1537,335,3
824,221,305,1
77,1832,623,2
1827,165,1307,1
689,1225,196,2
362,1545,1732,2
1461,1259,569,3
287,1413,1365,3
1245,442,1725,2
1300,926,325,3
1669,1140,1807,1
1400,1336,977,3
302,295,734,3
1563,574,668,1
1280,883,73,2
468,1736,3,1
1672,1775,371,2
325,1312,1144,3
317,642,1235,1
1817,496,790,3
1541,417,954,3
944,1046,995,1
132,879,1070,1
517,1670,1002,1
647,360,1225,2
1499,1590,1372,1
1646,386,840,2
1262,581,346,1
1225,1175,322,3
248,461,907,3
1703,323,1629,3
229,1407,1819,1
1070,92,1226,2
1332,145,1090,1
1826,1488,1115,2
312,1820,260,1
739,1390,1798,1
92,1106,936,2
1421,594,272,2
1838,151,966,3
1285,1451,1632,2
810,211,213,3
1544,910,1633,1
914,438,1684,3
1066,1784,248,2
1196,1073,1608,1
1652,1797,1702,3
753,1474,1710,3
1607,603,451,1
677,1098,1549,2
1829,1135,862,2
1751,1595,409,3
1617,38,1594,2
1776,1351,1038,1
565,1325,221,1
1336,757,1565,1
975,499,195,1
316,413,768,2
17,608,757,3
897,353,201,3
525,782,558,2
102,380,221,3
210,1556,437,2
443,1814,210,1
66,1566,428,2
344,1489,452,2
1304,919,721,3
571,534,617,2
324,1723,1545,2
425,768,1811,2
1741,1850,579,3
1583,256,613,3
403,455,940,2
462,1085,1128,1
263,407,1228,3
1398,367,1614,1
1063,1402,42,2
1561,1796,795,3
1205,1761,1291,1
26,151,1815,1
1521,1705,977,3
1814,162,264,1
1485,346,1510,1
393,990,988,1
925,1108,1716,2
1476,779,1662,3
1783,1835,1836,2
1723,89,548,2
1515,449,727,1
1424,875,773,3
1793,1678,1581,3
1840,1653,808,3
977,957,1165,3
115,979,222,3
213,1121,620,2
884,231,1346,3
1326,146,978,3
1004,1816,137,1
295,862,5,1
947,622,1315,2
216,225,1277,1
380,686,668,1
483,1196,1187,2
1403,1480,1157,1
1848,1267,1088,2
881,1730,1051,2
512,857,861,1
1543,351,1059,1
1278,113,545,2
1095,1728,663,3
1295,1494,961,1
1810,1705,153,3
1013,1145,1391,2
1385,91,503,2
1415,289,330,3
637,1183,209,3
763,525,1611,2
556,891,208,2
1836,1824,1553,1
752,79,1250,1
901,340,1033,2
741,1105,519,3
1818,249,407,1
761,768,1398,1
1792,1088,261,3
1358,1323,213,1
634,362,685,3
1124,1616,1417,1
26,784,251,1
1216,1513,1707,2
1773,121,1354,3
1515,1255,216,3
1266,246,461,3
1624,1787,1214,3
589,1341,390,2
740,1651,1425,1
1112,324,57,3
519,842,1434,2
940,68,358,2
230,422,441,1
995,1818,808,1
839,1134,1481,3
223,823,479,1
180,1361,929,2
900,851,822,2
697,360,1131,2
355,1690,1697,1
1242,114,1452,3
1646,1142,51,3
94,136,412,2
1376,1346,1493,2
1689,607,562,1
993,1600,1459,2
623,1449,648,2
1083,631,884,1
293,1092,1685,3
100,320,909,3
1184,1056,99,3
1098,1815,1201,2
507,1174,979,2
1716,298,1804,2
828,1766,1128,3
81,595,1416,1
431,92,1511,3
624,1027,1293,3
619,844,856,2
1799,1680,1717,1
1587,1188,1209,2
1180,1425,948,3
567,1395,215,2
425,1340,1849,3
76,1484,1483,2
87,476,727,3
371,1707,1006,2
1450,1713,1717,1
1614,1191,911,2
1332,454,1273,2
1800,1251,993,3
1594,19,839,1
1424,1225,225,2
424,593,1786,2
706,1575,1715,1
1575,1383,1046,3
1604,1730,1585,2
1692,217,1033,1
5,917,888,2
1043,1065,1525,2
1650,1262,15,2
700,994,1027,3
5,1459,895,1
921,1425,629,2
103,654,518,1
1185,1499,1008,1
1395,586,826,2
142,167,446,3
1559,1166,316,3
542,1285,503,2
1232,999,360,1
820,903,316,3
1009,594,178,1
1715,901,997,2
1221,1662,84,1
40,775,363,3
1110,218,1259,3
890,1770,1309,2
1018,572,480,1
550,1548,1273,1
1266,169,362,1
216,1829,550,3
1398,403,245,3
1723,567,1622,2
500,458,1142,1
82,1783,1800,1
421,961,903,2
534,459,402,1
806,1048,615,1
271,244,77,3
1358,561,433,1
62,526,936,1
1247,1610,1737,3
1723,1074,376,1
1814,1197,1006,2
1198,326,1158,1
1276,446,600,2
107,1360,72,2
513,1688,1356,2
936,1726,756,3
1092,954,1846,2
1222,707,1185,3
280,1134,747,2
993,894,1347,1
946,808,64,2
80,518,1749,1
1002,122,250,2
1035,1070,815,3
704,1495,521,1
424,421,884,3
1547,1050,980,3
455,1071,522,3
1005,418,1057,3
1080,36,1182,2
1617,1306,926,1
1167,45,742,2
1728,507,808,1
779,983,970,1
411,971,960,3
1151,651,766,1
215,649,1824,1
350,1024,412,1
178,1642,209,3
1260,374,1394,1
1677,1426,667,3
1436,216,541,2
688,300,419,1
1850,34,1255,1
75,1079,1443,1
1217,1611,1282,1
1089,663,1471,2
722,85,1697,1
416,1175,356,3
1602,1080,1211,2
570,612,726,3
690,1846,789,2
337,1381,1784,1
1026,1501,82,1
1022,1812,714,1
1470,646,20,3
919,1760,1734,3
44,197,347,3
1456,286,753,3
1466,1223,1433,1
1770,1270,951,1
517,1581,859,3
1777,381,589,2
498,1563,1432,3
352,1096,346,2
1768,746,384,3
1726,688,1390,2
620,394,415,3
467,734,477,1
555,1111,1202,2
1087,1415,1188,3
1162,618,208,1
547,635,1304,2
1334,796,1046,3
1365,1327,1380,1
322,566,417,2
254,1604,1268,1
226,1204,498,3
467,1841,274,2
925,53,680,1
1403,1172,949,2
1687,272,312,1
1038,1236,1251,3
324,831,1241,1
1774,481,1521,3
317,991,1558,1
1435,1235,1264,2
8,575,1624,3
1570,1643,1054,3
1105,1794,135,3
1135,595,635,1
169,1056,1116,1
1567,581,337,3
1779,852,1532,1
339,1713,1060,1
1276,950,1275,3
1803,34,860,1
1648,462,356,3
731,747,1557,2
1185,144,305,3
523,357,705,1
934,1830,1105,1
1178,1164,1815,1
1146,92,504,1
1050,605,1390,3
1616,504,1404,1
651,471,362,3
1755,1438,619,2
1334,840,571,2
325,199,624,1
1742,137,1780,3
1157,292,1485,2
482,257,923,2
1538,389,396,3
1064,494,428,3
1045,1069,1755,2
623,1093,1672,2
15,254,693,1
1565,823,629,1
59,665,1248,3
1492,979,246,2
50,961,1328,2
542,1438,1374,2
91,1402,557,1
1585,1237,112,2
695,1662,1687,3
732,960,382,1
1007,491,457,2
992,557,1105,1
523,1316,1686,2
1648,1295,457,1
664,1497,539,1
568,223,425,1
1567,977,67,2
189,702,1601,3
751,1194,1688,2
430,512,1198,2
508,350,1642,2
1829,142,450,2
1694,734,304,2
251,543,1709,2
445,1467,1777,2
1379,386,952,3
1295,655,63,3
378,960,1802,1
1673,233,784,3
204,673,1220,3
79,656,461,3
929,1507,1179,1
1064,1403,1439,1
663,1383,66,3
941,228,281,2
315,1696,600,1
1148,1096,1413,3
1109,458,679,2
1483,801,1722,3
182,1619,1079,1
283,1185,32,2
1517,1685,667,2
1034,1463,310,1
330,36,1057,3
664,1782,1679,1
66,492,992,3
227,575,1606,1
1508,1172,977,2
33,1735,1812,2
815,1582,1251,1
1469,120,422,3
815,1504,887,2
1500,1145,1209,1
242,310,312,3
834,540,1063,3
1,16,201,3
1833,734,1425,3
857,1242,399,3
1135,209,742,1
761,577,967,2
87,397,754,2
296,1717,1342,2
1723,321,1828,3
745,423,1029,2
1367,907,534,3
1272,531,1529,3
475,875,1775,3
1744,506,907,2
1395,1289,1499,2
612,825,1635,2
1099,1835,1379,3
987,917,1798,3
1129,293,111,1
825,1739,1633,1
984,844,42,2
251,1348,964,3
1186,1154,193,2
3,388,1488,3
610,175,839,2
1842,621,367,3
1436,774,1525,1
44,1449,691,2
154,1047,280,3
424,16,484,3
1661,1359,961,1
69,414,807,2
414,479,1189,2
1700,425,32,3
841,130,19,3
141,260,716,2
1783,973,546,3
1816,1095,199,1
787,1496,656,3
1221,1471,857,2
477,155,909,3
1113,1274,842,3
1094,1486,8,1
1606,1269,1395,2
862,507,1041,2
1650,1802,518,2
1660,1289,530,3
1830,1571,153,3
102,937,876,3
1607,1506,1201,2
486,208,367,1
1827,1743,929,1
207,803,977,2
355,999,1615,2
105,1638,1430,1
1619,1396,183,3
708,836,1114,3
75,611,356,2
1296,225,204,3
1031,43,312,1
254,156,891,2
266,1093,163,2
1081,925,4,1
1240,1228,827,1
1636,1560,1527,3
600,1233,808,3
793,118,1186,2
1575,36,1761,2
29,926,17,3
1544,111,1568,1
156,1091,1281,3
973,428,504,2
1108,285,764,3
1342,352,1235,2
1047,717,754,1
1442,308,1321,1
1708,242,1603,2
179,1104,311,3
1000,692,1697,2
650,1669,513,1
252,688,1187,2
1705,1247,641,2
650,580,1641,1
167,665,1237,3
1751,1003,1391,2
64,647,1326,3
1224,503,1685,3
25,45,536,2
1250,560,281,3
5,496,1232,3
306,245,1295,3
694,453,1596,2
641,1790,476,3
524,1005,951,2
330,14,933,3
1557,1763,18,1
1792,1012,1773,3
1277,851,258,1
517,1070,47,1
518,293,1059,3
1338,963,625,1
96,1472,265,3
1613,1527,333,1
1775,859,565,2
527,154,1766,1
56,467,1629,1
192,919,900,2
452,1526,1031,1
526,1252,960,1
10,465,1675,1
85,235,861,3
1317,1518,1768,1
496,1840,1154,1
886,1189,751,2
891,1641,1376,1
379,456,254,3
1406,1316,1538,3
612,671,556,2
823,1339,788,3
1752,1369,1833,3
180,151,684,2
1556,948,1167,2
1084,1429,651,2
110,1150,940,1
1663,586,1126,1
1248,1642,1031,1
400,916,285,3
731,1530,925,1
1216,1346,10,3
584,1543,781,3
306,1124,1550,2
333,901,551,2
1064,1087,975,2
1173,969,1221,3
1215,1443,1710,3
840,480,413,2
1547,1783,955,1
1827,1381,1812,3
1305,1599,792,2
15,698,23,2
990,586,647,2
112,1477,330,3
424,776,1039,2
1294,436,185,2
1219,1281,784,1
200,1129,648,1
839,1008,408,3
302,1456,1103,3
1105,781,1765,3
1484,1328,1797,3
1669,131,1467,2
402,1696,806,2
1482,1109,642,3
29,858,730,2
289,127,926,1
1796,870,1506,2
1718,840,1395,1
1152,757,354,3
1120,433,145,2
310,11,539,2
719,1145,681,1
918,1400,423,1
550,1032,108,3
1039,1692,972,2
1684,833,661,2
272,872,520,2
200,1747,1285,3
1421,91,1072,3
1517,125,597,2
1755,585,1438,1
124,227,163,3
960,1651,961,2
340,719,1168,2
833,557,951,3
42,1490,1205,1
1715,1084,426,2
1849,208,1037,2
949,1772,1694,1
585,773,40,3
1605,81,1248,1
1369,1099,653,1
479,1762,1006,1
1386,944,1176,3
1803,1401,1851,3
1832,344,265,2
1143,1052,4,3
850,365,1465,1
759,1649,718,2
86,738,1704,3
554,1727,867,2
715,187,1052,2
1183,1295,554,1
233,36,1577,1
416,1759,325,2
1115,1144,1128,1
1049,1591,616,2
1417,1854,243,3
177,1348,1201,2
388,742,661,1
1673,1230,767,1
765,965,1661,2
404,1099,1482,1
1229,288,1729,3
10,1771,1140,1
279,192,1096,1
539,219,53,1
874,1695,609,2
445,976,1680,1
828,1225,572,3
2,1757,1806,1
692,569,1817,1
347,179,635,3
34,1256,918,3
836,1709,1102,1
580,474,1300,2
1754,1319,1036,2
63,796,1800,1
927,1282,1223,1
190,1263,178,1
1253,1176,217,3
124,473,1138,3
934,1314,147,3
1611,650,294,2
97,1820,780,2
929,879,617,2
224,620,20,2
1063,1849,128,2
1555,1179,1755,3
235,1630,778,2
555,383,839,2
17,1343,1554,3
1120,1125,797,3
1608,476,174,1
1473,1675,1664,3
112,1267,130,3
331,718,1301,1
275,312,987,1
580,648,1581,3
643,951,1033,1
1226,1798,1852,1
325,1177,291,1
354,146,62,3
345,474,961,3
883,472,40,2
1210,1265,989,1
828,893,235,2
1166,247,1136,3
605,102,455,1
1346,1560,1342,1
495,204,1206,1
701,1152,854,2
1436,381,952,1
1329,1104,1690,3
537,181,908,1
1755,86,1152,2
1026,936,483,1
1257,1573,64,1
125,562,651,2
363,311,1472,2
819,243,505,1
374,1695,413,2
51,1193,642,1
185,1452,357,1
1337,697,1599,2
461,680,1551,2
1163,634,1321,3
184,1250,1637,2
1130,68,1824,2
1327,785,988,1
928,1014,212,1
1005,451,345,3
451,955,1723,3
97,74,277,2
1500,1308,1153,1
527,25,1723,3
1286,1405,1075,1
1208,435,1555,2
801,1683,1547,2
173,1821,259,1
1452,1848,1839,2
1518,1007,1004,1
1712,1541,450,2
34,1133,183,3
46,134,834,1
465,166,1471,1
1647,1469,864,2
1062,1123,610,3
1042,175,1041,3
1050,1490,118,3
1748,1366,176,2
278,1813,1221,2
64,618,219,1
427,1401,72,3
989,1509,563,2
590,1459,1328,3
1590,972,1412,2
1214,1381,1315,2
754,980,1270,2
1433,542,1086,1
1850,1624,701,3
363,1216,881,2
1829,560,334,1
1301,752,851,1
194,310,442,1
562,1198,1326,2
1306,1373,1838,1
1358,843,1843,1
322,1619,1046,1
527,509,1188,1
960,1744,1269,1
106,817,223,1
338,237,1207,1
606,613,435,1
601,1199,508,3
114,818,949,3
1463,519,741,2
161,159,504,2
1749,1007,639,1
1830,1048,1122,3
870,1565,565,3
516,1248,487,3
933,460,127,3
412,876,1663,1
54,520,404,1
777,1619,220,2
1596,1820,1123,2
562,919,573,3
1731,805,858,1
1828,1546,574,3
1020,109,11,3
1207,53,1499,3
649,13,392,3
1826,940,25,1
935,2,1321,3
1682,1448,20,3
794,1088,1682,2
1359,720,194,2
497,1079,381,3
513,1542,1059,2
342,1473,516,1
983,252,111,2
744,1647,1254,2
132,231,1260,1
1137,63,1499,1
1462,374,555,1
1795,1773,1278,3
1704,795,634,2
498,1604,1543,2
1394,1449,1378,1
1701,467,1019,3
876,1392,217,1
707,1110,1005,2
1578,165,1826,2
1036,910,1728,2
515,1017,428,1
1395,1030,1693,1
1049,1627,963,1
214,275,170,2
71,1836,135,1
1437,348,886,2
1853,1112,639,1
947,970,856,3
787,1626,191,2
463,115,136,1
1746,715,1159,2
1451,88,557,2
1797,1050,721,3
1467,51,351,1
1070,1066,1026,1
992,1583,68,2
1544,697,19,1
1099,841,1035,2
1828,996,1183,3
1208,1294,1253,1
1495,833,152,3
520,160,1635,2
993,1048,503,2
1329,1351,1300,3
195,508,1633,2
356,23,1267,1
758,307,1096,1
432,961,1762,3
153,1159,1554,1
519,830,473,3
983,438,893,2
235,478,1102,3
1729,1147,522,1
382,367,1722,2
1090,1403,356,3
1086,1169,14,1
1274,1444,1350,3
899,1097,498,1
1745,161,95,2
808,1133,704,1
1796,166,1370,1
560,578,141,3
701,1632,1839,2
1239,522,183,1
1810,1439,1338,2
670,739,484,2
42,155,235,2
554,1043,1384,1
1172,1520,42,3
177,1688,926,2
1316,532,1503,3
486,275,226,3
27,1644,103,2
179,903,317,3
384,392,1634,1
125,253,78,1
607,159,1603,2
1399,1762,1499,3
771,1109,1501,3
199,95,201,1
1290,327,1249,1
169,1550,1854,3
897,1170,1295,2
1799,194,536,1
820,863,268,2
897,1761,744,3
1274,91,1219,1
803,904,175,2
416,887,118,2
1525,1153,1500,2
877,832,919,1
1842,737,511,1
1044,1325,1117,1
147,1766,1101,2
928,473,655,2
1211,486,681,1
559,1577,83,1
428,532,980,1
1479,1613,1175,3
273,548,939,3
274,57,236,3
1114,1390,1395,3
1465,1541,1009,2
561,1592,1469,2
1348,1827,924,1
685,1552,1443,3
327,442,361,1
696,1426,619,1
1767,1411,875,2
777,426,1572,3
502,340,1740,1
248,722,1277,3
1245,1067,412,3
1669,449,71,3
1694,1815,1476,3
1044,1842,1628,3
838,3,1480,1
360,1683,1718,3
171,432,1029,2
761,1300,1457,2
1762,61,476,1
45,1641,506,1
756,1532,1089,3
531,1111,309,2
461,1790,1525,2
489,1826,362,1
1682,1228,1839,2
1827,475,1082,2
1411,1585,860,3
399,1535,467,2
886,1256,1371,2
1557,690,701,2
1688,237,227,1
1817,1353,1299,3
711,430,455,3
1756,994,1448,2
235,1785,1009,1
1760,1393,247,1
891,649,312,3
496,833,284,1
332,1134,883,2
477,273,1812,1
295,1252,293,1
136,727,813,1
1851,557,865,1
311,1097,1717,1
627,1678,1043,2
1448,722,557,3
863,1512,216,2
1484,622,634,2
25,390,768,1
1316,409,438,1
743,1223,446,3
1229,999,1578,3
450,166,916,3
1080,417,858,3
638,1811,631,3
1348,563,1076,2
1776,1057,399,2
602,1303,1492,2
1223,1460,1088,3
707,1576,1319,1
1816,1472,867,2
1351,1578,1013,2
130,1428,1196,3
741,632,235,1
185,1319,932,1
795,1723,928,3
198,783,976,1
1265,1096,1398,3
689,1585,597,3
212,1747,176,1
1587,585,840,3
527,195,860,3
1282,487,1345,2
229,1188,309,1
1397,571,1643,1
237,86,1833,1
1742,409,32,2
1723,278,963,2
1583,208,1107,3
1231,1163,1425,3
140,1709,121,1
1334,32,1718,2
1824,1104,806,2
1226,31,617,3
440,7,149,1
1026,376,692,2
1753,1381,1790,2
1208,250,1046,3
1168,196,1474,3
1673,348,451,3
533,689,1075,3
1633,1104,766,1
1526,1704,934,3
116,1178,485,1
1282,1797,1794,3
285,966,1049,1
1397,463,886,1
1784,1433,405,1
1097,1259,1449,2
1389,913,699,1
1000,1560,211,1
1273,70,1589,1
859,1500,48,3
1227,1796,910,1
1454,671,1305,2
114,691,200,1
795,152,1680,2
1372,458,203,3
34,1308,1451,1
1470,1085,1610,2
243,1667,1276,2
901,339,396,2
999,657,823,1
992,141,458,1
800,186,791,1
1651,1276,615,1
320,896,61,1
1021,593,152,2
1172,1361,1692,1
240,800,436,3
139,1349,1058,3
318,1101,1032,3
1162,891,636,2
1504,589,58,2
436,380,1698,3
599,1295,1641,1
733,574,322,3
880,34,823,2
196,390,260,2
555,324,711,2
1096,868,25,3
1027,637,54,2
1673,157,1810,3
1513,1797,901,2
308,588,1061,3
658,1598,985,2
358,657,1247,3
1184,71,127,1
1314,821,1692,3
1620,142,411,3
621,1261,236,1
866,1205,681,1
299,1442,1415,2
354,1214,1798,3
36,1697,1628,1
568,1539,85,3
1851,663,170,1
1722,41,1479,2
1330,1788,1650,1
662,1807,1727,3
1403,884,1086,3
1531,1219,963,1
220,1551,101,1
1620,818,1486,3
434,275,1766,2
684,924,944,3
698,1130,739,3
942,109,493,3
1259,1811,1238,3
1287,23,1837,1
1686,1197,32,1
202,682,1438,1
1636,642,1548,1
85,1041,1407,2
1805,1570,1007,2
1161,912,503,2
1590,570,1803,3
919,1600,167,1
1131,104,1307,2
1234,1804,901,1
1775,1755,723,2
996,1691,860,1
1766,1773,1815,1
106,385,276,1
542,1356,996,3
996,651,1508,1
424,937,1663,1
1516,913,1535,2
1514,1295,694,2
360,221,1641,2
921,1323,1522,2
167,1244,776,1
1515,1427,1773,2
398,294,1003,3
764,819,1789,2
285,1437,1049,1
1609,1723,787,1
220,339,1169,1
1569,939,194,3
657,950,463,2
1405,759,1205,3
1180,1642,425,1
1085,44,1132,1
1718,228,213,3
497,506,797,3
1818,174,531,3
1086,489,85,1
1129,1072,1573,1
493,444,1571,2
1791,147,412,2
748,476,945,2
477,751,276,2
727,1435,1340,1
567,235,74,2
19,1274,1493,1
58,41,1662,2
1160,1811,206,1
1050,1613,306,3
838,1608,1080,3
1265,775,1742,2
1824,1531,1409,2
231,36,802,1
1404,1650,301,2
1045,1695,651,1
1745,1575,1735,3
201,1552,348,1
383,255,982,1
1524,575,246,3
891,787,643,3
493,653,218,1
616,1032,763,1
827,178,61,2
1667,322,428,1
790,294,329,2
1444,1784,1516,1
994,1744,1759,2
1745,1530,942,2
618,1260,569,2
866,501,1281,2
235,1488,656,3
787,743,1375,1
1504,1498,1208,3
1140,1271,1303,1
1796,1027,207,2
8,70,895,2
1746,154,559,2
1293,1574,1588,3
495,1405,711,3
726,1642,1608,2
1498,773,223,1
1631,1200,557,1
1023,1429,600,1
776,1755,220,1
226,1471,975,2
1075,138,1057,1
354,1049,1602,1
2,694,378,2
1464,568,8,2
346,466,1530,3
505,1703,979,3
902,1611,520,1
1265,130,1361,3
223,417,1375,2
1652,1212,827,2
933,1626,673,3
763,233,716,2
1826,1179,674,2
1556,740,436,2
1512,1076,708,2
182,1638,444,3
461,1437,1304,3
1386,1440,214,3
947,1608,1005,3
846,251,1166,1
254,763,633,2
554,55,972,3
1735,1084,1217,1
66,132,1788,1
1138,105,956,3
1549,1298,577,3
1347,769,22,2
407,1181,201,3
826,885,881,3
814,261,1110,3
979,1804,1130,2
1110,560,834,2
1392,772,1654,2
1082,1016,1330,1
1685,123,599,2
1696,639,412,2
1102,18,508,2
1227,780,581,1
1148,397,723,1
1807,78,105,1
868,85,32,3
1085,1412,687,3
250,1793,1395,1
226,348,1254,3
184,566,988,3
55,1490,705,3
832,271,1631,3
1351,1166,386,2
985,198,455,2
713,1540,1292,1
1252,1786,1726,1
1366,1039,336,1
357,1294,1606,3
346,1620,580,1
376,1811,981,3
1462,1549,1708,2
1476,562,53,1
1600,1749,24,1
1440,1609,801,3
65,42,1027,3
3,1840,214,2
164,489,1527,2
75,333,1068,2
115,1132,937,3
760,31,1131,3
733,1376,1532,3
107,837,909,3
1606,1376,1255,2
1485,345,486,2
1583,989,1168,2
1039,946,770,1
489,1538,249,1
1256,1291,1700,3
1278,1414,447,3
1338,1061,1529,2
326,594,495,1
1001,143,734,1
9,688,1624,2
1683,297,711,2
1084,1238,1819,1
1531,1566,1779,3
678,548,1443,3
625,201,40,2
1260,1730,1151,3
333,914,885,2
1530,1671,1102,1
72,177,1420,2
1125,766,1121,1
653,1642,1272,1
858,950,1449,1
1243,626,60,3
1779,663,1424,2
913,1485,210,3
1319,147,729,2
670,850,597,3
865,703,76,1
1819,1765,399,1
877,979,1128,1
93,1310,1732,1
1059,1262,17,1
947,1494,675,3
1403,1555,167,1
709,1634,227,3
125,470,310,2
1702,345,1235,1
1343,993,326,1
596,317,240,2
276,931,1376,3
1534,1775,31,3
1559,172,261,2
988,322,828,1
265,481,1681,3
1504,1838,323,3
291,1012,84,3
1544,1151,942,2
696,762,1297,3
523,1581,1669,1
437,1329,1530,3
397,1029,1039,2
204,1810,1249,3
794,708,1183,3
689,663,542,1
648,1248,332,1
68,1182,705,1
632,1782,795,1
657,933,1449,2
1569,1298,1819,3
778,765,1024,1
875,49,59,1
482,1833,1001,2
848,1786,826,1
12,808,854,1
608,203,770,2
396,1359,1587,2
697,193,87,3
1039,1119,1498,3
1407,1101,1490,2
1027,256,1504,1
376,1695,209,1
1736,1170,1647,2
370,321,1125,3
653,1042,580,1
1783,1539,786,3
1653,421,742,3
120,215,542,3
1658,982,1162,1
1365,1495,254,1
1499,660,391,3
408,1057,295,3
1020,1224,1828,2
7,844,1102,3
931,1169,425,1
1370,439,72,2
1107,1570,82,1
1104,1444,1100,3
1370,365,592,2
830,1599,639,3
1043,1316,714,2
1127,862,1645,2
1257,1318,1657,2
1555,1484,868,3
1746,1478,95,2
1611,1522,1533,2
188,461,1465,2
1692,1336,994,1
1220,336,181,3
1059,1655,2,1
104,1294,1084,2
1781,1468,1042,1
978,1247,334,3
667,872,1331,2
506,500,87,1
892,1841,805,1
44,1393,1033,1
964,999,38,3
1749,133,1317,2
938,1695,1834,2
1120,765,82,2
201,985,1716,3
89,1849,1621,3
1150,470,155,3
529,502,1259,3
145,969,289,3
383,447,1369,2
896,1429,665,3
1702,471,234,3
1155,284,672,1
1358,710,612,1
1803,1221,234,3
334,681,1326,2
600,526,1447,2
2,1711,1225,3
1432,361,82,3
628,58,839,3
834,723,225,2
86,949,1224,3
1636,64,1337,2
370,1303,847,2
1307,1265,1366,2
475,664,760,3
868,449,1376,3
943,1426,1852,3
585,1121,1142,2
611,1632,1848,2
599,1793,778,1
794,728,1283,3
1209,1752,1017,2
106,1035,1400,3
756,1129,1420,1
901,131,361,2
1409,872,337,1
1362,1199,1051,2
1681,414,1085,1
958,1145,5,3
1821,818,269,2
1338,1696,110,2
790,357,436,1
908,1501,569,2
1844,1610,431,1
867,914,551,3
15,1137,332,1
833,304,1108,2
943,1386,282,1
392,996,1368,2
183,1209,598,2
771,356,886,3
708,290,898,2
1406,1749,1609,3
1179,1840,136,2
948,519,537,3
822,1547,1810,3
439,319,645,3
1732,1826,1247,1
88,1354,678,1
772,1667,375,3
1019,565,167,2
411,725,1062,1
1649,1242,302,1
505,997,379,3
1496,815,607,1
1095,1539,62,3
1720,771,1501,3
1781,1074,132,1
1440,627,209,3
735,91,1810,1
1226,1502,1594,1
1416,1253,936,1
1723,159,1846,2
541,1016,507,1
1202,95,1225,3
1117,332,1206,3
241,1,1736,2
1251,697,1476,1
1557,1283,1378,3
681,484,750,2
359,1347,1071,3
1607,340,407,3
1690,800,1369,1
233,1088,916,2
1243,1609,742,3
982,1182,1219,3
60,249,298,2
257,839,1453,3
556,1515,250,3
1466,15,398,3
1797,374,1442,2
1478,522,1095,1
1691,724,182,1
795,1723,241,3
1348,1832,1125,3
1022,1482,1090,2
139,1334,951,2
37,1850,179,1
700,162,839,1
416,1034,764,3
1759,147,794,2
139,435,1234,2
214,320,758,2
107,40,1576,3
1129,1826,595,3
84,1399,1648,1
220,1666,1409,2
1032,908,1823,1
527,661,1476,2
1309,1634,1628,3
251,401,1079,1
58,1303,79,1
411,1174,799,1
1117,517,851,2
1042,1463,430,1
864,1206,1038,2
40,478,1398,2
530,274,59,3
1226,1219,1448,1
1777,248,1120,3
733,677,289,3
572,1205,863,3
1109,1599,29,1
747,1347,1224,1
888,1156,1039,2
1022,524,14,2
707,486,1269,2
80,1346,447,3
307,1672,124,3
1477,1390,1377,3
788,969,1733,2
1445,1597,321,2
526,305,14,1
950,247,1075,2
1361,1408,38,3
939,1704,158,3
861,1697,438,2
135,837,622,2
1195,1621,627,2
1699,377,1606,3
322,108,1427,3
1414,1739,1005,3
487,1399,1695,2
1614,1719,977,2
1122,1327,906,1
103,73,1717,1
1545,1544,381,2
786,626,1209,2
457,1775,344,3
1756,876,851,2
259,775,1248,2
1757,956,907,1
1621,1101,327,1
1104,857,674,3
1509,340,1788,3
1418,472,1590,3
259,515,1053,1
1670,1011,979,2
1679,1246,289,3
1211,922,913,3
291,1071,726,2
690,844,894,3
1264,407,1782,1
200,1101,513,3
482,535,680,3
1401,1652,149,1
1280,322,979,2
1476,1301,1025,3
304,137,1477,3
996,1501,1407,2
571,789,440,1
175,1165,1081,2
61,1594,132,2
1184,1235,1250,3
1456,1326,1135,3
1722,1390,920,2
442,415,1190,1
264,383,1271,3
1366,1815,119,2
1782,1023,1104,2
253,725,922,3
1358,264,1848,3
111,1369,922,3
1336,1570,1332,3
352,421,853,3
349,903,891,2
1488,711,1014,2
1106,1608,1034,1
91,92,1074,3
1003,272,327,3
137,836,1142,1
523,566,570,3
1467,1134,219,2
1590,1763,134,3
1402,917,208,1
1622,1640,1158,3
478,861,1376,2
885,1375,971,1
835,513,1610,1
858,1582,338,3
1844,623,265,3
412,1270,256,2
62,858,1471,1
1495,279,1117,2
1317,777,890,3
1816,85,684,1
614,703,543,3
701,1732,848,1
249,888,282,1
241,429,1758,2
331,1700,1165,2
1388,374,1008,2
945,1283,554,2
961,1099,649,1
550,650,1052,2
751,21,553,3
682,344,1833,3
257,1276,1326,1
958,68,168,2
1591,75,1250,3
740,1326,20,1
632,1062,1425,3
633,698,1489,2
1326,1406,992,2
1648,1192,1392,1
529,165,391,1
1770,220,1704,1
465,1062,1715,3
332,1517,1775,2
284,1246,774,2
943,1728,714,2
1320,1316,7,1
193,1594,1504,1
1716,672,303,3
913,1245,95,2
983,1429,1620,3
753,1765,226,3
673,595,1440,3
1477,1126,1186,3
175,1733,248,2
800,737,267,2
1175,1596,29,3
735,283,1772,2
1071,271,1676,2
612,1344,278,3
1673,1075,1443,3
1675,124,378,3
804,1552,566,2
935,1763,443,3
1611,340,88,3
431,55,172,2
805,1753,359,3
290,960,377,2
916,1022,1279,2
467,1652,1757,1
223,465,1295,2
1819,1722,593,1
1558,638,405,2
126,1623,957,1
122,1261,474,1
1708,1731,1262,2
417,1704,680,3
1408,1470,632,2
1510,1427,324,2
693,1479,170,1
583,1698,560,3
902,687,1720,2
1366,823,1809,3
168,1497,838,2
1830,929,529,1
225,1674,771,2
449,1526,851,3
1023,1262,204,2
858,978,1558,1
919,1521,406,1
381,1722,613,2
1709,70,1251,1
1765,1229,1662,2
1069,1021,1593,3
172,195,1092,1
1635,1232,81,2
1422,1017,762,3
1460,1310,1229,2
789,1517,569,1
268,1310,773,2
952,57,810,3
316,694,1586,3
1141,1424,904,2
931,1231,949,3
472,713,892,3
1132,1287,336,2
1727,381,22,1
134,114,625,2
249,1053,1591,3
610,713,136,1
1363,358,212,2
590,527,1125,2
1411,1049,1043,2
157,83,872,1
199,1478,400,2
1613,284,100,1
101,878,617,2
1248,613,704,3
814,973,1252,3
547,6,856,2
1224,472,337,3
106,12,424,2
1513,38,1328,2
717,592,376,2
1637,936,1349,2
1806,499,322,2
1433,278,1773,2
1796,1309,1569,1
1454,1846,1275,2
449,451,1460,3
1029,521,522,3
536,1806,1274,3
1592,394,1193,3
341,1547,1423,2
1520,1474,317,1
1260,249,505,1
401,1595,298,2
840,85,129,3
1655,478,1336,1
1845,1277,1391,1
286,315,1202,2
1456,299,160,1
1554,643,1761,2
1038,1442,443,3
452,1129,1231,1
1339,471,704,1
482,1094,610,2
1189,1217,247,1
483,1640,1465,1
305,1802,1653,1
1840,51,1141,3
519,1111,194,3
1556,996,312,1
1088,158,1003,3
1134,1830,425,2
197,415,1649,1
1852,996,1679,2
1570,1056,663,3
1323,32,876,2
636,320,554,1
144,814,1436,1
637,30,1251,3
565,1315,1824,1
1284,572,1590,2
683,91,67,3
23,636,1227,1
951,664,1119,1
457,1224,871,2
171,1045,27,3
764,1146,1302,1
526,1019,296,3
1618,791,184,2
1854,1295,202,2
1852,202,286,3
518,248,86,2
578,110,695,2
782,390,1284,1
1386,1826,553,3
250,29,924,1
5,1359,1348,2
802,1747,12,2
369,332,1212,3
698,1801,245,1
794,1342,612,3
617,837,692,2
1125,649,1073,2
988,1656,511,2
1717,1235,286,3
217,549,1519,3
1279,1510,423,2
114,832,1553,1
584,855,1697,2
1577,155,1840,2
1043,259,331,1
1317,445,1456,1
708,936,247,3
239,579,928,3
1707,379,131,2
1230,972,1660,3
697,1247,1455,3
964,1835,546,1
679,1686,820,2
1047,420,1039,1
1520,1614,1160,3
986,1013,1642,1
1755,1533,196,1
1317,651,40,2
169,1332,1504,1
384,1464,1051,3
372,1198,1614,1
401,1475,288,3
1706,952,333,1
619,494,1313,1
1456,240,1741,2
1056,421,1469,3
1354,745,63,1
1498,1712,1416,3
643,1597,312,2
1079,226,1470,3
1627,355,1486,2
1489,3,1018,3
1120,601,389,3
1279,256,1386,1
1668,1259,1564,2
1256,559,1542,3
882,1416,145,1
1124,1022,755,1
724,723,407,1
881,1649,265,3
97,135,290,2
777,978,995,1
790,731,609,3
1852,1460,943,3
1100,37,1793,3
1412,483,790,3
343,185,1222,1
203,1701,205,3
526,153,152,2
1098,1839,909,3
1712,1845,1343,2
1211,703,258,1
1062,1153,1527,2
162,1186,239,1
1722,1223,995,3
1752,146,177,3
557,1277,1846,2
543,687,1269,2
1620,1165,1593,1
1025,1663,1531,1
688,1574,371,3
1101,1073,1526,3
751,1277,67,1
87,1210,1756,1
1758,1771,1014,2
447,1006,1368,1
1689,1611,846,2
916,736,679,1
1318,109,1333,3
447,396,1050,2
486,1170,474,3
1796,846,668,3
1153,1342,608,2
343,952,647,1
1751,1643,52,3
69,1574,316,2
104,1433,266,1
435,229,898,3
1580,1247,433,3
1653,703,92,2
1188,110,1672,3
515,811,1636,3
54,1443,1349,3
736,1551,1484,3
853,934,843,3
1787,5,1146,3
1469,198,1757,2
53,431,1569,1
1703,1368,278,3
514,581,89,2
678,58,938,2
665,1723,1232,3
1411,1120,868,2
908,1173,1600,2
513,374,295,2
686,1592,1287,2
857,1788,1487,3
334,51,1217,2
1573,1824,803,2
372,161,1734,2
228,1215,404,3
882,34,384,1
1400,923,1100,3
563,453,65,1
477,271,1535,2
876,1284,1034,2
1723,521,435,3
1355,769,1687,1
206,1399,34,2
1393,1481,697,1
1549,61,750,1
1173,280,1371,3
579,566,1115,1
501,1748,1360,3
1036,1831,115,1
611,515,1221,1
340,499,1297,2
792,1367,1146,2
1390,673,108,3
873,1083,1011,2
144,622,1704,2
1374,439,540,3
768,110,1440,2
1205,517,808,3
782,380,970,1
1142,89,1588,3
108,467,533,1
625,285,1769,1
1565,1177,1282,2
253,145,1299,2
1040,551,244,1
3,1853,430,3
346,1338,704,1
1623,920,1131,3
578,191,336,3
1718,556,1632,2
882,1544,1072,3
1828,1552,1038,1
479,1737,1341,3
570,1696,548,3
1054,753,1221,3
828,1100,1319,2
623,1110,425,1
1161,1035,1454,1
3,1057,1186,1
1071,1096,930,2
703,548,955,3
138,1484,1100,2
1638,318,795,2
239,765,1066,1
1297,751,174,1
879,291,1145,1
241,1472,458,2
1852,75,1425,1
1592,1310,375,1
1636,1517,1695,2
1328,627,1378,2
832,574,1687,2
1231,1377,837,1
1543,881,752,1
556,987,458,1
1170,755,254,2
1819,207,1843,2
656,916,1354,2
1572,458,1334,1
1624,534,1007,3
635,755,1762,2
60,1007,1764,1
978,1396,570,1
324,206,369,1
346,1655,1485,3
1209,685,1560,2
210,165,1108,3
1679,502,558,2
1501,1415,910,1
573,857,1237,1
1581,565,630,2
445,1805,1195,2
652,417,1,3
1510,1195,926,2
1566,1404,177,3
1674,1468,989,2
949,732,1496,2
1632,936,1199,1
1186,73,209,2
978,1212,41,3
1685,737,890,2
760,1206,689,3
829,1476,1414,3
1210,1107,1039,1
284,1275,1635,1
207,1386,364,3
1647,301,552,3
1216,1363,125,2
1666,313,1829,3
1836,1692,881,1
935,325,605,2
242,165,477,2
77,1804,266,2
170,888,1191,1
222,1471,187,3
569,623,1282,1
1563,1120,1716,2
909,51,1576,1
1250,1405,877,2
1327,315,796,2
289,988,502,3
1696,990,526,2
931,1818,548,2
1705,1121,938,3
1038,1302,1699,3
613,279,556,1
1649,1263,721,2
513,266,185,3
1081,1792,427,2
564,1393,1738,3
1112,1005,31,2
1067,946,49,3
72,362,1577,3
715,961,1245,2
629,1198,1277,2
555,679,708,2
1735,1639,432,1
1196,1244,1176,1
1596,53,716,1
392,965,1480,1
1663,779,964,2
93,1798,942,2
255,917,1534,2
976,843,902,2
38,1428,1695,1
1712,765,1479,1
444,1266,1389,3
530,129,348,1
779,1008,1568,3
1537,620,327,1
941,17,350,3
516,260,129,1
403,1796,897,3
433,741,1831,2
1771,131,382,2
415,1450,1045,2
189,944,48,1
726,343,614,1
416,1398,1444,2
1572,1665,1376,2
1311,999,1429,2
305,559,1713,1
285,717,488,1
1307,766,1142,1
1531,489,1411,3
270,566,255,3
551,424,1658,3
1411,946,629,3
936,565,1033,3
807,1196,388,2
486,458,1326,3
367,208,261,3
1206,65,873,2
1643,1187,1009,2
412,1586,842,2
1724,752,638,3
223,1163,1277,2
232,1500,611,3
1609,1260,1419,3
63,1189,996,3
916,1714,1161,2
210,341,921,1
1621,877,1716,2
715,777,1772,2
114,801,1181,3
1157,1678,1464,1
1576,1097,322,2
383,1260,946,3
1689,545,397,3
1478,363,1758,3
1731,475,1511,1
1241,872,1373,3
1638,1277,10,2
1607,1466,926,1
1180,1667,623,3
606,1594,717,1
180,581,1017,3
1108,755,1839,3
354,962,1499,1
401,1179,1363,3
1428,1538,1164,2
819,117,706,3
1261,1704,702,3
122,1479,1685,1
722,1526,91,1
1390,19,74,3
19,1564,1824,2
1444,550,212,3
1113,602,721,2
1261,254,738,1
1450,1066,1364,1
577,93,52,3
1713,1025,1449,2
90,645,521,2
1029,90,1164,3
1078,1756,738,1
74,325,1493,2
892,226,1805,3
1247,1311,1137,1
1386,1200,726,3
807,745,759,3
1203,1639,1315,3
1594,1593,1341,3
1728,1836,1010,1
159,1101,1765,3
241,793,1082,3
158,905,305,1
1705,718,12,3
512,185,998,2
366,604,1793,1
391,523,358,2
1484,1319,1199,3
1038,1385,596,3
1818,1099,279,2
1507,416,1671,2
1370,1510,906,1
1835,1003,269,1
1108,173,246,1
98,1493,1087,1
171,894,1275,2
380,1106,766,2
635,1158,1028,3
20,1229,1620,2
1741,928,529,1
1260,1606,1636,2
532,84,270,2
105,689,25,1
586,670,965,1
1454,1753,1691,3
285,673,1562,3
1083,588,343,2
382,29,1481,1
652,211,579,3
1239,1431,11,2
851,863,1621,2
1298,1309,1771,1
1048,777,1311,1
622,245,1223,3
1216,1717,1234,2
887,1191,1806,3
283,984,141,1
1189,129,1121,3
338,661,908,1
50,897,1685,3
633,300,1100,2
1180,1564,109,3
723,677,928,3
47,271,355,1
1482,557,353,1
1084,86,812,3
1154,199,832,1
519,1800,497,3
1159,671,1401,2
1729,31,642,1
1603,1015,1785,2
1145,1311,386,2
1300,1774,676,3
1283,107,1679,1
506,232,36,1
819,772,1138,1
1067,900,539,1
113,1433,1716,2
119,903,1379,3
1775,1468,1212,3
213,521,1497,2
674,1542,325,3
112,1116,1117,1
985,431,752,2
1112,382,231,1
651,679,1477,3
920,763,1377,1
729,1189,1425,2
1736,1768,728,3
876,1761,427,2
1479,799,1754,2
1386,424,637,1
28,379,1425,1
1533,874,1705,2
783,1467,1374,2
861,636,1479,2
1018,1229,650,1
282,955,923,2
741,760,1094,1
1220,518,1202,1
14,1037,773,1
1702,1851,156,2
164,11,493,2
1776,693,1612,1
367,971,659,2
1227,1066,1629,1
162,1710,647,3
107,304,1410,3
1204,1305,718,2
40,388,774,2
1273,113,911,1
1367,1344,1703,3
1554,158,865,2
174,480,754,1
308,752,291,1
303,1828,1796,2
1426,107,604,3
1210,1227,240,2
499,514,335,3
272,1011,318,2
883,1042,1678,1
1548,126,1567,1
2,422,945,2
1029,966,1434,3
1318,495,1814,2
959,535,1448,2
1707,1054,271,3
671,1428,988,2
1332,1193,1041,2
1408,904,1457,1
958,411,992,2
1568,239,891,1
1041,1825,264,2
18,23,1610,2
1340,422,944,2
533,1252,1277,1
539,1288,627,3
1544,1719,1076,3
1475,15,1092,3
235,826,1464,3
1652,787,1143,2
427,415,416,1
1263,1054,508,3
383,551,1770,1
256,825,204,1
972,57,148,3
495,1699,534,1
748,229,893,3
1787,1757,767,2
1037,1804,1589,1
1454,947,162,1
30,760,1520,2
1306,591,992,3
1688,1182,499,1
1041,1264,641,1
1642,1009,591,2
998,280,92,3
1098,384,1705,2
1704,1169,1306,2
655,1624,1508,2
463,1036,1743,2
653,186,504,3
852,346,254,1
1424,1084,260,1
1225,1166,445,1
882,648,1094,3
495,1232,1821,2
870,859,539,3
1798,1778,464,1
203,636,518,2
1289,1769,962,3
659,257,403,2
1289,1283,526,3
779,950,832,1
34,996,426,1
1677,327,1789,2
1332,843,1370,3
1686,929,1774,2
1447,1226,1645,3
1657,498,226,3
212,341,659,2
1338,1196,417,1
1226,627,88,3
1409,1074,605,3
885,449,442,3
1133,526,1626,1
1666,1680,200,2
862,923,424,3
1369,608,304,1
509,955,707,3
258,664,182,3
639,167,1552,1
1384,851,1041,3
671,664,438,3
1381,1587,1191,1
1238,228,1607,3
1024,1198,28,1
1059,1354,1713,1
263,752,1767,2
171,3,1609,1
399,1508,1399,2
158,973,1630,1
1028,1603,506,3
81,711,1561,1
1536,1348,620,1
862,720,1115,1
1537,688,1664,3
925,183,1626,1
856,339,1548,3
1641,1817,326,1
1011,1370,838,1
862,568,868,3
870,796,1024,3
735,264,1533,2
1781,1245,883,2
1528,1151,1841,3
1684,938,527,1
1514,654,1293,3
1847,1201,1702,1
1189,213,1446,2
1259,1582,1743,2
1699,1818,620,3
1672,587,589,3
139,1023,120,1
946,1471,129,2
1707,721,528,1
481,1449,1276,1
552,1139,1398,3
220,1289,1636,1
558,1500,176,1
208,1084,140,2
1839,218,1779,3
510,944,1320,1
1090,692,1088,1
1198,1314,1797,2
1690,1144,823,1
854,445,1131,2
116,1754,1527,1
702,993,1288,1
1691,1266,1738,3
1645,1622,1028,2
1380,1544,173,1
1035,1312,452,3
301,1069,1378,1
1692,1469,1133,3
442,1579,56,3
829,49,1790,1
1680,906,367,1
1736,121,1476,3
976,79,805,3
1141,679,1529,2
111,606,1130,1
1809,966,1272,1
628,697,1134,1
810,1704,257,3
1454,1011,1091,3
66,1754,544,2
1791,47,1708,2
964,439,1459,1
265,416,69,2
1442,1668,1249,3
1432,802,1251,1
1765,208,1849,1
1840,355,1135,2
1649,302,255,1
679,1473,808,2
1833,1597,874,2
514,1044,651,1
1495,1215,896,1
947,1031,273,2
1648,346,608,2
329,1676,578,1
1001,1730,1627,3
558,1043,1484,2
523,1817,293,2
1031,1545,911,1
1729,1324,303,1
1661,1050,1770,2
1711,87,1686,3
685,110,111,1
63,1192,1210,2
1558,196,13,3
1716,868,131,3
797,1304,17,3
781,1077,348,1
1615,1004,1448,1
940,3,200,2
185,1713,626,1
209,1247,1596,1
941,651,1322,2
1667,915,1351,1
730,116,115,3
567,766,968,1
28,1845,556,3
1347,1102,1460,2
1012,214,668,1
397,1407,1744,1
740,670,1723,3
694,289,321,3
1634,1813,722,3
293,1732,1431,3
1242,1827,114,1
1778,1117,1443,3
215,1440,570,1
1414,173,1584,1
1824,1450,40,3
182,1396,247,2
1309,659,290,1
1402,1296,1701,2
1156,125,1020,3
1443,1424,496,3
1827,791,921,2
1438,1737,691,2
1773,705,864,2
265,1790,1313,1
1480,1112,800,2
133,1036,1484,3
410,1502,1394,2
1672,834,66,3
1811,1175,1757,1
1135,262,1231,2
943,949,132,3
310,1766,154,3
864,1563,1368,3
143,1808,1180,2
1618,1644,1541,3
1618,127,87,1
209,1011,607,2
763,1196,1706,1
1609,1686,557,2
1286,1628,1758,1
1507,402,128,3
313,697,707,3
1479,1238,620,3
733,1702,1615,2
1434,880,1306,2
1111,1350,1310,1
1034,180,1238,2
600,375,1541,1
1455,1258,1469,1
525,1680,1509,1
1200,1467,1668,3
266,283,102,2
1217,230,777,3
1375,1018,99,1
1438,669,1547,1
1199,458,974,2
117,1191,913,3
638,124,269,1
934,887,741,2
1737,1830,1116,1
1325,276,1586,1
891,1432,1829,2
1181,38,332,1
391,967,1308,1
660,710,898,2
12,1127,898,2
314,907,1212,1
1561,364,687,1
845,329,130,1
1831,1851,1208,3
850,824,28,1
1334,962,1739,1
717,1598,1795,2
480,886,994,2
1270,80,1170,3
89,1137,675,3
1405,750,628,2
658,1036,1204,1
205,1647,283,2
199,1125,1380,2
1318,363,1772,3
63,496,175,1
339,1741,1626,3
1277,475,741,1
1608,1702,1712,2
1007,1065,1518,3
1624,934,437,2
94,674,315,1
1543,1467,862,1
229,1632,293,3
766,1423,1627,1
750,306,703,1
493,978,606,3
117,1222,985,2
1822,10,1459,3
48,1414,1303,2
177,528,31,2
289,155,691,1
13,566,1689,2
34,620,198,2
973,761,779,2
1010,1234,686,2
720,670,1481,1
1071,1665,94,3
1312,1631,1726,1
431,137,567,1
1198,1327,1420,1
801,1368,963,1
224,267,1074,2
246,1279,659,2
1012,1564,664,3
104,984,1370,3
47,230,620,1
732,300,818,3
1463,872,1707,2
1453,566,550,3
1297,951,495,1
1048,899,1756,2
429,784,1738,2
1410,337,104,2
1139,299,645,3
591,885,460,1
16,331,392,2
522,1038,808,3
1701,1013,138,3
1650,1358,242,3
1747,1603,1022,3
512,675,1528,3
1477,711,807,1
574,717,939,3
724,923,781,2
1329,510,1164,3
1258,523,646,3
1399,433,1284,3
222,126,1437,3
689,1167,382,2
1784,580,1598,2
208,484,1851,1
436,1602,442,1
1055,708,788,3
666,292,643,2
575,456,588,3
1832,371,408,1
697,900,145,1
1556,1325,503,2
1094,146,1750,3
236,637,374,1
393,1412,1629,2
395,92,192,1
1104,1163,876,3
1541,615,219,1
1806,132,139,3
541,1093,886,1
1528,333,505,1
101,1719,1457,3
1109,1635,698,3
1215,821,370,2
847,1391,823,1
1304,1012,290,2
855,872,1539,2
1755,512,957,1
1728,38,919,2
1218,438,1519,2
989,541,307,3
1085,1751,732,1
1641,1452,294,2
1711,1462,872,1
1521,1373,1691,2
1355,1439,596,2
1121,613,150,3
623,412,1450,2
677,1801,183,2
1599,1094,1057,3
179,956,1660,3
1723,1119,1151,3
487,486,1009,2
1123,410,1136,2
1573,1007,468,1
1725,1320,174,2
1845,204,1514,1
1124,974,1748,3
1537,1516,661,2
324,1285,231,3
544,1121,1473,3
1501,1240,1802,3
1554,723,204,2
504,491,1017,3
204,686,1318,3
1432,809,1005,2
1116,381,829,2
1686,1250,793,2
1166,1665,394,1
926,1434,125,2
759,275,1735,2
880,1529,1428,2
1358,303,699,2
398,1373,367,3
1758,1605,1755,2
468,1679,633,1
561,786,1035,1
544,1028,1584,1
496,758,1234,1
900,179,1255,3
1024,1522,950,1
1080,989,434,3
1560,1714,840,2
748,762,271,2
379,1726,1703,1
1070,106,931,2
1193,1628,114,2
645,1223,484,1
520,76,575,3
1689,786,582,2
1272,742,777,1
273,1222,815,2
1309,1083,1151,2
1248,1152,804,2
1577,1165,1051,1
1667,334,559,3
1265,1186,1575,2
1457,1639,1407,1
794,230,1394,1
1088,949,1110,2
508,257,1245,1
1066,355,1534,1
894,12,338,1
1351,1467,1329,2
824,495,172,1
1209,165,1191,1
409,1650,1355,3
1444,687,605,2
1533,1742,1317,1
1575,1801,1672,1
626,791,1697,3
1161,1686,901,3
905,1578,601,2
1192,375,223,1
256,1561,1496,2
1674,1335,1318,1
422,1425,961,1
1530,944,1104,3
1546,1563,264,1
485,1568,1449,3
1043,133,1022,3
22,1274,1675,2
1629,35,1677,2
1851,1005,895,3
375,1550,1843,3
238,1563,853,1
739,436,785,2
1629,1063,1402,3
1778,326,1099,2
25,1398,1479,1
1764,963,227,2
1181,1741,1481,3
1725,1119,1552,3
942,1117,402,1
225,1845,1824,1
547,998,364,1
218,547,471,1
536,1563,228,3
694,1218,1781,1
1018,106,622,3
107,1555,70,1
355,1309,525,2
1336,1804,1065,3
45,54,1658,2
1651,286,1489,3
339,1613,75,1
163,1433,184,2
922,172,339,3
169,1455,1099,1
1657,5,244,3
948,1391,1487,2
1845,806,1312,2
841,29,1001,2
950,1556,501,3
1784,1214,1585,2
1763,1073,348,1
216,1795,1551,3
9,980,56,1
339,430,1086,3
1484,1712,1460,3
1240,1141,1750,3
1103,1168,363,2
1562,1840,1020,3
841,962,1730,1
80,674,317,1
681,460,792,2
682,1847,305,3
903,1135,1021,3
1287,820,112,3
246,42,1500,1
1176,1459,1144,2
729,261,1266,3
936,1405,1608,1
1018,1054,1069,3
192,760,1603,1
1406,731,1295,3
1823,838,303,3
1311,1613,513,1
32,1814,518,1
1174,1035,1636,1
837,673,958,1
607,1221,1697,2
895,812,1538,2
695,837,52,2
1835,1290,1140,2
772,134,578,1
791,674,84,2
1371,689,943,1
1679,1210,1561,2
706,589,1550,1
260,1493,435,3
432,667,1356,2
286,913,604,3
1462,104,576,2
972,1433,320,1
632,1628,444,1
158,723,1673,1
1585,943,436,3
777,1688,1306,2
1391,1634,1573,2
1836,584,1094,3
1654,1106,206,2
1638,829,510,3
47,1380,1263,1
737,966,235,2
114,1494,25,3
1299,267,418,3
1558,57,402,2
969,546,1616,2
632,822,1250,3
1775,1514,940,1
1517,1194,332,1
1151,857,1437,1
523,1539,439,2
963,1736,446,2
1341,181,4,2
791,683,1087,3
1717,652,278,2
1789,957,1410,3
1569,1176,1695,1
163,1166,1011,3
1008,342,1630,3
914,1668,1792,1
403,646,285,2
1263,1504,1101,3
1416,5,186,2
1377,162,1309,2
1521,342,699,2
655,555,1733,2
151,1011,210,3
1325,21,1238,3
876,145,1364,3
428,1479,1247,3
1425,1233,106,3
821,359,886,1
849,1716,1634,3
411,726,1102,2
1351,459,1281,2
191,1639,1361,1
1591,1289,1838,2
271,424,26,1
230,548,1530,3
1777,834,237,3
167,388,701,2
1310,1811,559,3
1018,782,180,3
900,1167,1834,1
352,1854,800,2
487,756,443,3
346,642,1325,3
1233,291,1164,2
485,1624,1777,2
1374,136,274,3
880,1083,565,2
124,1329,882,1
1835,1144,1352,3
168,1317,1257,2
1731,986,1440,1
1554,1441,859,2
40,1627,118,2
1822,246,292,2
521,1369,568,3
779,1396,1381,3
1804,359,1102,3
478,1831,694,3
1104,411,1336,3
1711,1213,435,2
1513,1250,1844,2
572,537,1552,1
814,459,1006,1
1429,914,1589,3
858,576,926,2
1535,622,794,1
1606,1159,1598,1
318,983,1396,3
1588,911,1477,2
1482,1276,65,3
1770,1632,301,3
1272,1191,1733,2
1848,749,604,1
1334,1359,1401,2
584,200,855,3
1181,968,1635,2
1077,207,393,3
1459,1249,1450,1
984,170,1280,1
1389,732,1609,2
176,251,362,2
294,552,1584,1
1050,642,106,3
1850,978,1731,2
806,1213,1452,2
181,547,1848,2
1131,778,252,1
742,175,14,3
561,162,522,1
919,2,997,2
453,1214,109,3
568,752,1650,1
196,59,590,3
1411,1820,89,2
1622,1202,1430,3
1142,986,737,3
713,1387,50,3
1239,1328,796,2
182,1185,659,3
911,365,514,2
587,1330,291,2
125,259,138,1
307,395,668,2
945,117,1065,2
1432,760,1150,1
26,944,1298,3
95,12,1215,3
1452,814,1748,1
614,1679,1092,3
1005,156,415,2
992,1108,1415,1
1391,1082,685,3
914,1675,931,1
839,1715,1570,2
1418,1366,5,3
1738,583,241,3
1087,76,1235,2
1260,308,1075,2
1092,1599,722,3
1167,1783,1155,3
1287,280,731,3
1746,279,549,1
1333,1798,1429,2
888,118,1437,3
1848,1619,1629,1
911,739,1477,1
347,1428,820,1
3,577,473,1
85,1552,1225,1
358,979,1395,3
1129,805,1455,3
1776,1457,1260,2
1509,1850,558,2
1658,1492,672,1
513,541,860,2
977,522,85,3
1646,1582,351,2
12,478,555,3
372,1761,438,3
902,986,911,2
686,158,1740,3
1648,1153,1829,2
738,1777,390,2
370,1472,1095,3
155,796,615,3
1799,1137,1449,2
1220,1424,1354,1
1488,1269,470,1
434,788,1839,2
858,1164,568,3
642,1299,511,3
427,915,1017,2
778,1198,1126,3
1713,1729,412,3
818,560,937,1
271,732,1740,1
919,527,667,1
653,1569,17,1
819,969,862,1
116,1772,1144,3
441,676,916,2
1735,1486,776,2
206,1535,1018,1
1,733,863,2
33,1194,490,2
59,1224,961,2
1343,559,23,2
367,1082,163,3
196,1673,405,3
1187,1455,1054,2
120,641,1660,3
560,615,1466,2
790,1488,1481,1
917,1615,1229,1
497,65,576,3
951,1584,1150,2
690,1020,296,3
716,323,1473,3
485,1488,1661,3
1234,871,840,3
290,1631,1470,1
1352,1236,371,1
1240,1812,339,2
838,278,1234,3
414,195,297,3
1647,693,1317,3
897,1244,270,1
42,1787,1455,1
909,1438,636,3
329,1255,36,2
1233,306,1219,1
865,552,189,3
1247,1754,946,1
1511,1830,1453,3
405,385,579,3
1802,1251,210,3
723,686,1422,1
293,1237,1241,2
813,1783,573,2
476,494,1247,3
1081,1634,1687,1
720,1783,588,1
325,221,636,3
1012,1333,114,3
335,1280,851,1
1350,574,418,1
1338,1051,136,2
919,407,1432,2
493,1774,512,2
1668,1352,487,3
1733,1027,214,3
1550,632,1798,3
878,1341,835,2
291,1770,472,1
58,135,570,1
189,1154,806,1
1545,510,526,2
1236,454,373,2
17,1004,248,1
1589,1209,1408,1
1587,159,106,2
1591,1658,1114,1
1475,1350,1366,1
1058,427,1161,1
1306,523,108,3
1834,1130,100,2
92,1366,888,1
995,822,673,3
812,897,128,1
382,592,1199,2
1369,877,934,1
852,1429,607,1
1151,1243,1090,1
997,968,315,3
689,1844,1418,3
437,1438,1827,2
1441,560,1431,1
825,1245,189,2
720,679,370,1
1820,650,500,3
847,75,537,1
1017,90,1444,1
1159,1672,1051,1
1679,1030,4,2
1182,495,1180,3
699,577,5,3
1376,1338,315,3
492,58,1362,2
1702,1829,1479,1
596,1210,168,3
1711,642,1703,2
552,1717,1049,1
1133,1447,30,2
1082,1277,1405,2
780,1462,1521,3
1418,1036,500,1
779,643,1634,1
605,931,1380,2
976,1614,1391,2
345,883,1711,1
1283,1454,13,2
1086,626,576,1
876,1409,290,2
468,355,1537,3
574,383,1310,3
1264,1597,712,2
1527,51,1844,1
1805,488,891,1
1248,759,1443,1
1753,827,66,1
354,687,170,2
767,197,1345,2
1790,1235,1807,2
88,859,1063,1
1772,161,1583,2
1341,1678,317,3
1753,354,209,1
1054,1595,648,2
476,416,597,2
122,944,1158,2
1358,1025,1327,2
1306,1228,1046,3
489,145,721,2
1335,466,688,3
904,1768,1487,3
1665,56,1424,2
226,7,1674,2
53,436,759,2
1283,801,1244,3
717,1136,735,2
972,21,1722,1
1281,527,16,1
1518,1045,591,3
1716,230,1719,1
238,510,1076,2
1003,1389,235,1
493,1172,1568,2
606,1645,1845,2
114,454,55,2
1752,1253,647,3
774,1139,1312,1
1531,830,771,1
1408,1195,1719,1
98,328,1386,2
1195,46,736,1
544,444,1813,3
777,1237,154,2
749,572,995,3
1029,574,1014,2
88,895,1069,1
13,290,1746,3
959,1331,49,2
1233,1366,1530,1
279,1052,820,3
1674,1393,112,1
432,1644,1364,3
1644,429,306,2
333,1530,652,3
1472,478,398,3
530,1711,1386,3
2,733,1723,2
40,316,1364,1
873,475,830,1
350,573,372,3
342,842,76,2
543,477,810,1
1103,1018,745,1
646,1014,1357,3
1579,1193,460,2
1539,858,1421,1
1227,1128,1438,1
171,396,1135,2
1526,109,1575,1
1212,1109,1786,2
866,1710,1414,1
1621,886,611,2
243,915,369,2
164,186,275,2
1137,718,1108,3
1719,208,1293,3
393,931,1216,2
992,387,1221,3
1324,786,354,2
642,1484,823,1
144,1346,1138,3
335,976,224,1
571,409,230,1
1500,938,1161,1
333,1166,1598,1
1004,824,654,3
1317,439,669,2
678,832,1427,3
955,329,1668,2
749,208,1011,3
1819,1250,1388,2
154,122,105,2
473,870,1360,2
1853,1007,492,1
1016,166,431,3
1808,1634,470,1
323,1151,1630,3
799,679,1226,1
1688,1608,760,3
1435,1709,521,1
1524,928,324,3
598,1499,1221,2
1717,1525,325,1
1562,624,626,3
1621,1539,415,3
1629,1019,142,1
1350,517,808,2
1377,112,1290,3
1271,1146,665,2
760,1819,24,3
154,1596,1583,1
122,1147,709,3
838,1633,1442,2
165,175,1831,2
417,710,516,3
606,758,739,1
1833,1510,1508,1
1039,1191,917,2
1319,1262,1573,2
695,1672,275,2
339,1513,1361,1
458,385,300,1
1180,39,953,3
760,295,827,3
269,1819,1743,3
1772,267,1030,2
515,1434,1088,1
1801,858,1828,3
1233,319,614,2
549,1099,128,3
931,466,1029,3
317,1231,1847,2
281,1283,1504,3
1022,1441,1357,3
448,1120,834,2
234,117,244,2
342,1335,1412,2
1092,1417,719,2
346,1392,1649,1
43,830,1201,1
645,241,110,2
120,1549,129,3
819,1775,17,3
1114,661,1525,3
1304,808,1556,2
1586,1353,116,1
607,1201,29,2
780,1564,1471,3
433,513,367,3
460,213,266,2
1172,1815,1168,2
808,1580,942,3
320,1533,464,1
186,834,1452,3
1147,194,639,3
1709,1217,610,3
1477,496,421,3
1371,252,1677,1
281,1029,106,1
71,629,814,2
141,1817,325,1
1450,414,302,2
1531,899,10,2
312,1821,43,3
1650,98,1604,3
1079,1753,508,3
1847,91,862,3
1244,738,498,2
422,132,1053,2
1224,1299,1831,2
703,1009,577,2
1806,992,1249,2
1145,830,590,2
1472,1775,393,1
549,1780,1154,2
188,1745,1286,3
387,134,1357,3
1790,1081,961,2
1371,1270,1023,3
1270,1416,1497,1
715,965,1187,2
808,1749,25,3
288,1558,1652,3
1414,1798,61,2
1391,1381,1621,2
1785,317,905,2
1622,220,1687,3
1194,1060,1828,3
1406,1052,1157,1
1560,201,1848,1
1821,519,226,3
82,647,1272,3
579,914,335,2
1036,144,1425,3
32,53,1560,1
1540,271,228,3
997,1244,352,1
939,1842,500,2
1843,231,86,1
329,660,511,2
915,1296,1208,3
1427,1528,1080,1
1749,1357,422,3
683,1813,87,3
1771,988,894,3
222,713,95,2
1226,1663,773,3
1297,1666,1607,2
1730,762,1285,2
403,1689,331,1
1677,831,3,1
661,100,921,1
1385,143,1463,3
1775,1779,150,3
97,210,519,3
987,202,260,2
828,51,698,3
566,1421,1626,2
1539,12,168,1
1392,1051,821,1
90,1775,937,2
765,1313,769,3
251,714,1459,1
1105,1723,404,1
1352,1813,1514,1
1716,1724,1393,3
1104,1649,643,3
1278,1389,1397,3
838,2,692,3
814,1852,1198,1
1134,219,588,3
1457,134,1803,3
434,507,1108,3
18,896,268,1
680,569,508,1
863,684,261,2
991,1510,228,2
307,1650,232,2
621,1195,1316,2
1206,1634,138,2
397,341,255,3
1345,379,1100,3
1670,608,1040,2
1269,844,771,1
1455,1422,236,3
754,85,1598,3
1832,1267,804,3
1690,725,1336,1
683,1295,414,3
1532,1361,1675,3
76,68,612,3
1852,776,935,1
1305,326,64,1
652,1797,78,3
1563,570,590,1
1853,1352,951,1
1817,1793,648,3
579,69,1377,1
315,781,357,2
67,1824,241,2
1679,966,39,1
1009,1393,75,3
207,1696,1331,3
220,1433,1657,3
1510,1114,1291,2
1017,184,1039,2
152,786,1631,3
106,1053,1405,2
1036,1164,953,2
741,1217,857,2
280,368,672,1
1103,524,938,3
1128,1063,747,1
1584,489,1244,1
662,161,21,2
1075,981,1705,1
1340,1748,1062,3
1377,298,996,3
1520,1713,1220,3
1088,1091,381,3
1297,1543,1069,2
1303,139,1446,1
204,1716,883,3
1105,347,57,1
582,648,1648,3
72,1710,484,2
901,1173,1121,2
1435,1370,1030,2
1103,794,439,2
467,101,1844,2
297,329,1696,2
487,297,287,3
1280,1641,262,3
1408,1804,1138,3
1446,1349,502,3
58,1444,453,1
1560,1609,1624,1
1093,1778,1698,1
91,373,745,1
1782,1822,1163,1
119,1384,1363,3
207,1593,1216,3
424,543,1677,1
1354,1288,691,1
969,1211,742,1
612,1593,1505,3
368,125,1503,2
787,1170,1571,1
1014,1789,193,2
594,1255,506,1
1543,1601,1796,3
740,1193,15,3
1581,415,235,3
600,489,429,1
1033,1036,1076,1
789,48,1851,2
518,110,1789,3
1419,473,803,1
1291,1445,726,3
1382,98,1826,2
1130,1672,938,3
620,66,1828,3
404,1691,1449,1
519,988,1359,2
920,683,185,1
419,335,816,1
479,124,1273,1
872,1741,1786,3
982,1512,214,3
501,1361,820,3
1628,191,78,1
402,1530,1374,2
66,784,354,3
160,1707,542,1
1177,126,930,3
141,515,198,2
1685,1048,590,1
1836,1587,736,2
1649,1336,534,2
1111,967,280,3
475,921,664,2
223,1587,429,3
33,220,1623,1
652,810,1832,3
1109,1423,1484,3
86,1118,1045,3
1481,243,556,2
1210,10,1551,1
1703,647,1205,2
792,1546,1838,2
1771,1820,266,3
470,1675,874,3
1207,817,867,2
564,1720,1054,2
726,430,1458,3
60,638,592,2
78,455,953,3
1771,849,616,1
1173,46,1433,1
1825,2,1022,3
128,1269,1783,1
1171,1452,147,2
729,81,367,1
1761,516,805,1
213,1506,847,3
1755,1832,1208,2
1296,1331,964,1
1091,549,1800,1
1576,1588,1649,1
935,1825,1534,3
495,377,808,1
247,1465,1722,2
1392,1848,1717,2
349,1563,458,2
1607,611,626,2
1841,885,1723,2
560,1137,733,3
960,644,315,3
1680,801,1417,1
1507,1271,1218,2
324,851,12,1
611,516,519,2
663,76,118,1
176,1756,466,1
1705,1437,1218,3
625,623,1247,3
1153,428,1701,1
1010,954,1775,2
983,1671,1015,3
1194,23,913,1
217,1521,1314,2
1506,288,1189,2
219,359,1166,3
902,1488,382,1
1106,1520,1814,1
657,201,1623,3
1360,742,193,3
398,1625,24,3
1055,1791,1405,2
1267,176,918,2
1817,437,266,1
519,1184,1092,1
846,250,1430,2
1541,379,1519,3
535,1057,1363,2
932,1502,1229,3
74,1441,1749,3
632,581,779,3
1851,291,1127,2
503,891,776,2
657,1428,756,1
1776,852,317,3
135,1049,675,1
807,428,1690,2
1456,1083,1288,1
1366,1533,1073,2
752,1459,85,2
1185,588,1306,2
372,1819,81,1
1853,127,1370,3
458,1356,928,2
860,1087,1516,3
1578,1456,698,2
914,99,1598,2
890,688,1011,2
1311,1078,1436,1
425,1161,1773,2
243,1647,1319,1
268,700,777,1
512,1244,933,3
1411,1821,204,1
879,749,535,3
685,779,834,1
1317,1064,116,3
209,1090,739,1
1364,1643,1466,3
1789,751,708,1
28,1713,835,3
903,929,1162,2
464,126,1000,2
1520,1707,1713,2
533,1705,1853,2
1462,1828,575,1
1622,1640,251,3
1260,1222,187,3
89,1637,512,3
1177,1674,195,2
4,448,504,3
626,1457,417,2
1654,12,1731,2
1271,90,1459,3
735,1328,1207,3
952,95,797,1
694,563,1374,2
1361,1160,1767,3
1820,380,1021,1
118,804,1062,2
179,742,1462,1
1225,1212,694,1
482,1192,1626,1
1028,1354,1168,2
1186,1241,368,2
1036,47,230,1
575,1021,81,1
415,1668,1585,2
364,267,1757,2
416,1155,1731,3
438,1712,278,3
669,304,1651,3
52,1087,994,1
585,396,1687,3
707,1746,1509,1
1284,467,324,3
524,1082,1770,2
1013,1661,575,3
1662,673,1221,3
169,214,66,3
655,928,1163,2
827,294,980,2
437,1488,658,3
1635,1612,1716,1
1573,463,1221,3
959,654,607,1
1152,1692,209,1
496,131,1298,3
621,1166,911,3
780,1611,9,2
854,897,111,2
158,1141,1587,2
1401,1478,1689,3
770,1127,1812,1
497,1039,241,3
1452,495,237,2
191,1256,1479,1
195,1511,741,2
893,751,70,3
193,414,1234,3
1541,922,1524,2
1227,1389,1560,3
1306,443,1749,2
892,154,637,2
842,1099,1497,3
909,1829,39,1
1287,1195,1060,2
1798,20,1287,1
1638,799,25,1
214,1575,1325,3
1768,141,1050,2
1212,41,703,2
902,1841,811,2
1544,262,40,1
1321,281,1598,1
1854,1050,4,2
114,160,1439,2
804,1592,737,2
1604,1314,25,2
944,1518,72,3
1548,851,308,1
1178,1413,661,3
1671,469,281,1
1170,1643,736,1
1551,1607,1413,3
122,1095,40,2
1052,49,1318,3
638,1669,463,1
831,84,1794,3
1168,732,1476,2
1070,737,1709,1
235,272,1357,2
622,1741,820,3
1258,1383,678,1
1649,275,1530,1
1838,1134,253,3
1090,256,287,3
513,705,1359,1
712,1778,1462,2
1763,797,1436,1
1170,897,371,1
428,300,1389,1
1121,1123,1083,2
22,259,1501,3
14,441,1622,3
1565,712,779,3
225,1173,1008,2
771,916,1724,2
332,1470,1624,1
89,1844,565,3
548,928,1402,2
1833,532,983,1
456,674,463,3
1814,1165,1219,3
1600,1439,644,2
1521,1453,1201,2
1290,1566,141,1
1188,817,1137,2
889,1743,1392,1
1283,1706,1245,1
1754,202,186,1
1528,406,759,1
293,638,201,3
1104,202,601,3
1334,722,1197,3
1031,39,1214,1
1150,1257,1196,1
262,613,1020,3
672,504,1130,2
1637,585,1204,2
961,368,602,2
60,1378,1610,1
1594,722,1325,1
1809,1246,1098,2
1834,322,1740,2
301,473,1108,1
85,655,755,3
705,592,785,2
560,1277,694,1
507,1477,349,1
1278,1173,747,2
769,565,537,3
1499,1719,632,1
286,1791,1262,1
1352,115,1170,1
1529,446,567,3
1639,44,944,2
656,1410,1513,3
646,344,266,2
1347,1666,1733,1
381,1776,464,2
112,279,794,1
1298,704,438,1
1035,1281,1735,2
410,1149,1645,1
1140,463,1693,1
1768,640,305,1
938,1510,613,1
704,921,327,3
113,1103,885,3
1580,1412,411,3
1509,498,318,1
1655,1679,241,2
1600,325,1823,2
1297,1082,1612,2
588,1112,1558,1
1094,174,372,1
1423,116,837,2
269,67,1541,1
1142,95,1588,3
376,876,1308,2
1627,1222,42,3
943,1432,469,2
189,451,1045,3
88,455,1795,1
1591,1036,1505,1
1617,993,1175,2
1692,874,1772,2
833,537,541,3
936,151,904,3
1208,1607,926,3
1284,133,401,1
1714,1761,1222,3
1501,1110,1853,2
1690,1779,501,2
1147,642,1163,2
305,548,723,3
794,139,1586,2
790,867,479,3
1827,332,1656,1
1112,99,40,2
563,1111,679,2
1701,176,1143,3
334,1686,443,3
1438,1656,1537,2
680,1603,1112,3
1098,915,118,1
1675,1359,1768,2
641,1813,1819,1
1012,282,1644,2
955,839,850,2
189,1421,944,3
192,1049,1801,3
521,209,1740,2
1281,751,961,3
1292,1177,13,3
1524,382,834,1
1356,916,1120,1
1037,711,1852,3
523,14,1165,1
637,317,217,2
985,141,677,3
103,729,1518,2
645,89,888,1
673,328,1264,2
1291,1626,174,1
1187,1288,347,2
361,1186,1357,2
173,1201,274,2
856,205,670,3
854,1445,726,3
1138,843,1759,2
1058,1521,661,3
1575,485,35,2
1101,205,567,2
891,746,1042,1
1618,1642,1746,3
1638,808,1760,3
1743,1233,217,2
609,1094,867,1
1523,1113,852,1
382,1376,1247,3
91,79,555,2
1679,510,723,3
803,1813,512,1
1155,159,704,1
71,793,896,1
539,372,704,2
1772,350,377,1
312,1400,800,1
662,273,1285,3
1028,786,675,2
1039,226,627,1
421,300,1816,3
1329,279,100,3
120,1500,1455,2
1383,549,1268,3
1100,1096,1098,3
1801,694,569,1
491,272,1076,3
64,1739,1138,1
1609,513,241,3
852,876,847,2
1581,820,211,1
1179,1289,612,1
235,744,398,2
1169,1195,1054,3
504,616,310,2
919,446,1005,1
1761,57,1432,2
1712,900,1774,1
79,1161,532,3
796,439,1510,2
486,1630,723,1
790,1601,507,1
146,86,1610,1
1290,1173,1281,2
732,1261,1404,2
302,1054,964,1
1317,970,1153,1
549,244,783,3
1517,623,161,3
973,1197,576,1
811,752,980,3
472,815,1270,2
1018,1672,1352,1
47,233,433,3
1771,1219,1204,2
493,823,615,2
572,1238,1297,2
923,866,1014,3
895,613,1453,2
37,989,1456,2
767,364,1833,1
1490,423,26,3
1092,717,65,1
971,1006,326,1
1380,619,170,2
438,223,187,2
435,1416,1611,1
1138,1387,738,2
1624,376,1720,2
1270,1590,840,3
528,875,853,1
1854,1356,1497,1
423,1849,350,1
815,1598,91,1
1688,98,1556,1
792,1698,318,2
1280,996,450,1
524,305,1040,3
1170,1578,1354,1
1457,463,595,3
97,1476,1191,3
596,20,1592,3
282,1549,1479,3
389,1015,540,2
522,297,1779,2
770,1144,1505,2
333,1407,1432,3
758,588,1780,3
821,1532,943,1
1744,809,392,3
1030,1512,233,1
828,1131,1419,2
1679,1017,492,2
1817,86,1759,3
815,294,1843,2
86,393,308,3
1191,1394,929,3
895,520,694,2
1411,1489,1638,1
262,1374,784,3
779,41,1485,3
1088,993,26,2
1055,635,393,1
450,15,150,1
58,43,1539,3
703,1363,1706,3
454,484,1813,3
34,198,462,1
1506,175,1820,2
183,774,519,2
1444,150,1676,2
1528,240,775,3
592,1592,965,1
376,1291,6,3
826,1251,664,2
41,708,1606,2
1037,1373,1762,3
1747,172,63,3
133,1293,1387,1
885,971,613,3
342,592,1637,1
1673,826,865,3
333,1150,94,1
1331,380,857,1
234,1440,1299,1
722,1200,1568,2
1573,1199,667,1
192,1843,1713,1
504,204,1612,1
1365,1380,1128,1
1586,571,1619,3
30,531,414,2
880,765,91,1
487,1035,1622,3
230,974,1111,2
1538,888,749,3
675,1844,852,1
1425,1022,316,1
12,1784,395,2
519,706,1078,3
473,304,735,3
1048,1065,1415,3
1071,597,735,1
1614,1273,1039,1
1114,1597,640,2
690,683,57,3
710,412,1131,2
216,307,77,1
1293,746,1195,2
1843,496,1486,1
796,1491,1170,3
1832,282,1263,1
726,948,643,2
1370,36,1401,3
265,1495,108,3
1835,951,1226,1
1349,1071,1489,2
562,110,388,2
1411,1768,1540,2
193,606,1137,3
144,1337,1101,2
1607,111,324,3
178,1274,1549,1
732,1227,600,2
307,849,1593,2
1384,717,1734,3
1840,636,291,2
425,150,1151,1
1004,193,1427,3
846,433,1661,2
455,1041,1334,3
342,1762,750,1
1361,708,483,2
504,940,36,2
1846,1560,1737,2
305,371,1610,1
1055,1514,1543,3
776,113,872,2
1012,545,646,1
1632,1087,373,3
790,1683,1309,1
535,615,1699,3
137,361,1455,3
810,482,464,2
932,343,1491,1
815,1588,1121,3
1673,503,1353,2
1651,1353,1510,2
1374,1183,764,1
8,1176,1673,3
1836,633,863,1
788,1091,735,1
1585,1383,1568,1
1348,1742,839,3
1190,1224,375,3
533,1047,1155,2
447,1179,828,1
81,1059,1661,2
356,821,1689,1
72,1147,246,3
196,1073,1690,3
452,161,1543,1
1146,567,1470,1
434,1356,588,3
591,626,890,3
286,287,1426,2
245,890,7,2
1828,227,1425,3
1391,1154,115,2
1521,1221,371,2
987,1412,707,3
825,1208,354,2
1587,968,32,3
498,1245,1035,1
53,171,722,1
19,1089,1212,2
437,288,429,1
1542,67,797,3
868,478,1598,3
579,815,1160,3
476,233,69,2
1483,1010,141,1
1432,733,1648,1
1836,297,964,3
400,448,664,2
1381,1105,714,3
1785,1669,1179,2
1669,561,435,2
1118,360,140,3
1523,1250,1771,3
788,514,1487,2
1433,229,1830,2
1797,1097,202,3
1681,1723,1138,1
740,1511,1419,2
1276,387,480,2
370,1109,1462,3
165,1828,1573,1
908,1226,789,1
1536,1050,1277,3
14,605,843,1
1816,142,876,1
612,24,1420,1
1058,1699,97,2
1361,1712,1122,3
323,636,418,3
509,89,834,2
1277,1840,1691,3
803,165,745,1
481,1789,186,3
309,369,1447,2
309,525,717,1
1764,619,1055,2
1117,917,1125,3
550,1607,1234,3
647,1512,625,1
1726,1379,1479,3
924,681,49,2
1763,1472,1148,3
102,62,302,2
435,1818,702,3
794,953,688,1
444,7,994,3
1587,187,1006,2
133,1176,1636,1
1371,1126,541,2
525,925,1347,3
1084,1562,1506,1
1630,981,193,3
1661,1277,706,3
149,354,364,1
181,1484,1031,2
1138,964,525,1
1451,521,1685,1
1069,1753,828,3
271,781,639,3
62,1823,955,1
623,921,462,1
839,543,275,1
1429,1148,862,2
101,1768,41,3
4,1814,1103,2
1452,45,1582,3
1297,266,1138,3
601,584,86,2
1320,598,1355,3
1321,876,1424,2
1850,1250,1324,3
332,103,970,3
1102,548,1714,3
664,816,349,1
501,657,1658,3
1259,1365,670,3
1610,1304,794,2
1739,1595,1510,1
736,120,1715,3
1457,189,699,3
1412,1480,1038,3
758,375,306,1
1304,1742,44,3
1812,1286,381,2
355,372,1346,3
106,1180,580,2
824,1126,1416,2
628,1203,410,2
347,955,1463,3
958,365,456,2
620,254,677,2
434,259,1781,1
1228,1320,828,3
934,597,1326,1
54,145,1707,1
427,131,40,2
1024,800,347,1
369,491,1390,3
1125,1343,1745,3
1319,1811,1107,2
1765,869,362,2
737,1418,1407,2
1421,1145,1797,3
1407,1426,1031,2
1494,973,1122,1
635,1484,851,2
153,1549,1272,1
1328,46,916,3
736,1009,1388,2
593,929,416,3
754,261,409,3
431,1583,839,2
1674,76,504,1
637,1146,999,3
475,393,856,3
682,721,1631,2
1722,1193,1196,3
311,177,644,3
780,1463,1139,2
1381,1278,182,1
678,700,1135,1
1037,666,196,1
1097,107,777,2
384,589,1218,2
1804,1826,469,3
215,1353,1584,2
1271,1585,1789,1
1676,1324,425,1
799,1359,691,2
1450,25,1232,3
897,755,7,1
1817,880,1664,1
797,573,225,3
1329,1816,1064,1
1143,1600,402,2
648,1543,1500,2
134,1553,829,2
343,1084,1733,2
1295,68,307,1
505,1469,1016,1
1622,1611,359,3
1418,574,300,3
738,1113,756,1
1229,1841,871,3
1697,1525,565,1
2,1743,1544,3
397,1346,1515,3
154,415,728,2
157,1119,396,1
1227,1402,1461,2
475,992,714,3
1323,186,1180,1
338,732,623,3
1217,287,633,2
4,383,227,3
1465,1510,1241,3
846,1721,1224,2
988,1604,1766,3
621,1172,1354,2
599,376,1183,1
1706,1544,1046,2
765,282,32,1
898,1082,1624,2
1033,595,892,3
1474,544,1469,3
517,1254,1562,2
1721,1201,38,2
727,310,923,2
1580,484,1693,2
159,481,1662,2
848,1438,1441,3
120,639,1330,2
1787,1489,261,2
1530,986,1383,1
1011,821,950,2
767,1507,1365,3
1179,1294,768,1
1599,1777,299,2
993,141,616,1
1073,285,1413,3
291,641,585,1
1802,1338,1524,2
1098,1303,682,2
781,383,719,3
875,1444,1067,1
1677,820,1735,3
1759,194,981,1
1115,845,1407,1
1074,31,976,3
224,271,531,2
1091,121,1617,2
565,46,115,2
1438,1123,56,1
1580,1094,1735,3
360,277,772,1
40,1049,1734,2
600,1823,1329,3
1683,2,886,1
297,1276,622,2
1579,614,275,3
1593,396,614,1
1499,365,178,2
364,1735,97,2
935,1102,1553,1
921,296,403,3
1537,1227,238,2
1324,456,634,2
1005,55,370,1
1023,1487,809,1
757,741,923,3
713,1261,804,1
456,1494,82,3
1043,696,900,3
1307,1628,1144,1
745,1182,702,1
1208,205,850,2
457,1017,1257,2
729,608,979,1
91,1264,382,2
1843,1617,1070,2
812,270,41,2
1490,1118,979,2
1737,839,212,1
319,317,480,2
291,1432,1032,1
1175,927,42,2
1264,1034,1565,2
1232,209,163,3
1187,46,1732,1
898,298,1374,1
1331,547,1757,3
1055,1782,893,1
794,1211,1378,3
518,1454,102,2
1031,101,529,3
1401,1817,319,2
948,1659,246,3
277,547,175,2
1304,1278,1085,3
457,1582,19,2
1796,223,1225,1
236,740,561,1
806,887,931,2
820,1222,1160,2
1559,134,1682,2
1816,109,344,2
957,1021,1189,3
371,129,872,2
236,140,1026,3
756,1475,1272,2
331,70,526,2
1196,1495,48,1
1481,850,433,3
1591,895,550,2
659,76,727,1
361,1450,1834,1
1038,1312,427,2
1481,1796,1571,3
429,890,282,2
339,816,20,1
338,1363,167,1
1184,1286,726,2
951,1365,1499,1
1194,1125,1783,3
853,507,1531,2
499,194,1656,1
479,1420,231,1
1509,594,349,3
1467,1110,849,3
567,296,1266,3
1524,167,469,1
1129,1849,984,3
65,569,466,3
1466,595,1602,3
525,498,548,3
565,660,1761,1
1201,1391,858,2
758,961,1473,3
1083,586,1188,2
475,1117,195,3
1247,1692,410,1
1370,1132,1218,2
847,1270,828,3
495,929,1322,1
241,841,152,3
55,46,866,2
1174,1518,1782,2
164,1831,267,1
1561,1198,540,2
61,1431,1217,1
503,819,1011,1
1565,159,229,1
277,1771,929,2
272,169,1580,3
777,1254,1139,2
1024,691,38,1
1521,1118,851,3
1792,1470,529,3
1708,1633,985,1
841,334,1266,3
1405,717,1819,1
1687,1040,1397,2
671,1277,356,2
7,1774,1386,3
1594,922,1539,3
429,976,94,1
824,822,1027,3
899,996,369,1
226,1203,367,2
143,1193,251,1
1765,1329,1280,3
739,1763,1269,1
349,1188,944,2
126,1661,476,3
56,385,631,1
1698,907,1050,3
1799,871,1130,3
298,674,296,3
1296,152,788,2
1201,988,1851,1
155,1380,413,3
1300,781,693,2
1459,882,690,1
335,1022,952,1
149,476,1304,2
1132,858,646,2
425,1659,1756,1
1354,144,1445,2
1462,1426,1288,3
1226,1752,917,1
108,1778,876,2
1800,1256,72,1
1596,979,1388,1
683,549,881,1
243,1254,1574,2
1784,344,117,3
1094,1683,283,3
1568,331,1182,3
1611,1781,687,1
1496,470,868,3
240,1218,1120,2
1529,1575,1477,2
48,562,1668,2
248,1843,1107,2
1816,122,1391,3
237,1127,325,2
963,317,1126,3
1041,777,806,2
1516,1055,119,3
1801,1502,475,1
47,716,384,1
227,669,797,3
1148,1058,1003,1
581,949,1494,3
397,920,1306,1
1454,1459,1651,3
311,233,1089,2
575,1297,155,2
510,1130,393,1
882,617,1092,1
37,1279,684,1
799,424,102,3
1098,323,439,2
1424,587,485,2
183,463,1113,2
184,601,489,2
1209,1060,1119,2
91,1850,1213,2
1053,26,624,1
1183,1387,1,3
171,1834,822,2
1613,1418,34,3
349,677,1154,2
709,960,1527,2
362,275,518,2
1627,1131,602,3
684,1153,1088,1
933,638,1581,1
15,338,1351,3
1494,207,467,2
139,948,1136,2
1685,1688,422,1
751,366,106,3
1380,10,1756,3
86,1769,1297,2
110,1662,118,3
375,1128,342,2
929,1681,264,3
738,747,50,3
329,225,1051,2
1317,1770,1230,3
1050,915,975,1
1641,1488,1519,2
194,569,1011,3
363,1480,122,3
1845,510,388,1
246,430,824,3
1717,208,971,2
1645,1229,308,2
641,500,686,2
534,1629,1664,3
867,781,813,2
1783,325,1515,1
1437,918,488,1
1478,1079,610,1
1254,1374,549,3
1528,1056,1416,2
582,775,676,1
958,1201,972,2
1204,1501,1222,3
240,872,1609,3
1074,742,585,3
690,652,88,2
1081,814,1534,2
120,1143,437,1
1455,1564,339,2
1583,654,1167,1
98,942,92,1
1491,109,168,1
1319,959,1543,2
1373,960,1240,2
1617,1835,52,3
1027,34,168,1
1630,704,1771,1
599,1627,1774,1
849,1549,986,1
231,1723,475,2
1557,1403,1849,3
889,694,427,1
441,568,1675,3
970,639,1008,1
568,1024,1189,3
533,176,1520,1
176,1498,1241,2
1085,991,943,1
873,1694,1701,3
1850,1347,1128,3
466,596,1421,1
1651,159,1739,3
1600,82,1547,2
600,516,1426,2
1615,777,1318,2
1597,29,583,2
25,376,1066,1
922,1339,1778,1
181,1535,752,2
1579,383,108,1
1112,1431,895,2
600,1070,1763,3
413,1029,1551,3
445,811,878,1
981,1446,904,3
1071,451,243,2
13,429,725,3
1742,1473,1163,2
1354,513,1106,3
1131,1380,1675,1
517,65,266,1
606,372,456,1
791,1526,1788,2
662,1672,1170,1
115,1524,1054,3
1500,767,930,3
1847,1556,738,2
1339,680,425,2
1745,1510,1336,1
1786,569,1210,2
1246,442,1301,1
427,324,909,2
1279,1412,969,1
461,99,304,1
340,135,802,3
1177,1015,1379,2
1261,328,643,2
40,1661,1281,1
1156,219,1506,3
1846,951,1735,3
941,633,744,2
1705,595,920,2
841,167,712,2
1629,1238,688,3
1084,1039,914,2
628,1829,1264,3
348,1290,446,1
126,1505,841,2
1408,1124,826,2
981,1274,561,1
498,1829,368,3
1751,1070,469,2
420,711,712,2
579,1599,330,1
1676,131,1419,1
1286,1410,315,3
1766,391,192,1
729,665,1842,2
1244,1240,1661,2
326,1248,1204,2
1789,950,1505,1
1527,1322,349,2
1375,1393,986,1
1348,121,1515,3
1329,959,1409,1
1189,1188,1749,1
1742,1269,28,1
315,354,1451,1
672,1125,1266,1
1045,1230,1693,2
873,288,754,3
619,1321,1224,2
1739,1465,1339,2
1230,478,857,1
741,970,885,2
1584,1071,1668,2
1848,138,94,2
305,1790,1347,3
1495,1034,534,1
569,265,1657,1
1249,1599,1748,3
713,523,424,3
620,1083,1473,2
1231,1599,38,3
629,1316,377,2
100,53,210,3
531,268,1368,2
1176,720,964,1
1749,1038,1753,2
1358,1254,65,1
490,96,380,2
805,1064,1032,1
750,883,1347,3
209,369,1811,2
812,1508,581,1
284,374,124,2
976,491,2,2
601,1830,1325,1
318,152,342,2
738,1173,7,1
1575,606,895,2
695,1542,453,3
1206,1182,397,3
769,636,610,3
22,738,1508,1
760,706,1113,1
641,1668,165,3
1428,1498,99,3
1703,1109,101,2
20,831,135,3
518,299,852,3
545,213,10,3
799,339,451,2
486,1628,665,2
166,1836,461,1
639,1577,1005,1
1693,179,828,2
1567,8,475,2
788,1745,923,3
1693,105,1433,3
46,487,1689,1
959,1082,942,2
1344,894,1588,2
1661,1850,543,3
1119,977,349,1
1227,1299,1800,1
1458,649,1193,3
1543,84,481,1
1671,1120,89,3
835,538,1784,2
773,530,1745,2
1175,1094,1713,3
1453,668,1317,2
983,1687,497,1
685,1408,899,1
203,1488,508,3
1552,1559,844,1
217,860,1467,1
1439,332,1530,2
413,1840,1570,2
1553,104,898,3
371,1125,649,2
1596,180,1302,2
567,937,1060,2
915,366,826,3
781,1029,1282,1
1379,1319,478,3
1479,1780,392,2
1220,1022,697,2
1555,1294,1798,3
1298,1771,485,2
1289,760,156,3
1438,795,422,3
485,1043,1588,3
406,583,1728,3
1684,1010,1431,3
1639,186,1330,2
41,468,570,3
1042,188,840,2
346,945,784,1
661,1293,7,2
433,470,1145,1
547,1360,102,3
1247,1085,169,3
796,80,1124,3
1820,532,277,1
1551,789,656,2
898,1482,76,1
1116,1021,892,2
797,1444,1723,1
1,498,219,2
622,1091,1680,3
1837,226,267,3
44,1763,1770,2
560,1368,1653,3
844,1465,335,3
486,228,1828,3
1786,857,841,1
1274,1185,1446,3
1714,643,1661,3
166,577,1433,1
1541,1142,223,1
213,1039,788,3
1788,534,1515,2
651,1169,82,2
348,884,444,1
212,1134,1333,3
1487,183,111,3
1385,361,128,1
151,1709,1803,1
867,1343,196,3
1397,1518,1581,3
1587,279,981,2
914,719,920,1
1713,298,102,1
1437,173,1330,2
1292,260,811,3
1333,859,182,3
273,1157,1705,2
723,1781,1457,2
592,1701,736,2
905,109,406,2
791,1097,298,3
1326,1773,1654,2
99,1357,999,2
1197,1646,773,3
1461,1274,1844,1
1040,1426,1635,1
1323,1433,769,3
46,1049,34,3
942,1500,961,2
519,946,1310,1
1715,1349,452,1
1295,1407,910,3
458,965,1496,3
92,1672,1534,3
1329,1193,973,1
781,1358,1400,2
1409,116,479,2
1491,1273,390,1
858,1407,336,3
1638,1249,1002,1
1623,103,1016,2
1677,1085,971,1
1553,1410,1210,2
1405,768,1767,1
977,1527,462,2
1744,289,529,2
1475,47,156,2
906,59,389,1
828,1401,1840,1
1052,525,87,2
150,811,1370,1
663,883,74,3
1150,1590,915,2
310,743,274,2
1310,868,1576,2
1238,721,731,3
1305,533,463,2
569,1768,167,1
685,519,1030,2
287,1078,189,3
1358,1185,583,1
216,1538,1661,1
339,1348,144,2
97,788,945,1
148,422,772,3
855,1092,1820,1
1138,900,1648,1
1131,1446,885,2
704,1586,908,1
731,864,1820,1
1213,434,396,2
541,63,515,1
1678,708,153,2
1491,231,1741,3
1766,289,735,2
437,1134,1777,3
1204,1075,79,3
15,1066,317,2
715,846,1375,1
1453,1173,224,2
1618,772,233,3
1161,398,196,3
423,1489,862,1
1129,1065,349,2
157,1775,1532,1
741,1404,1366,2
373,1848,397,2
329,103,652,2
72,1061,495,1
1692,830,152,3
519,707,1580,1
164,359,165,3
211,1711,1622,3
716,860,1520,2
1474,605,27,1
1634,1556,443,2
910,1561,1683,1
1547,178,180,1
464,1342,1535,3
1557,1374,1546,3
660,1847,948,3
508,896,992,2
814,769,1800,2
313,1494,1407,3
932,847,1492,1
502,207,1695,3
200,450,1291,3
1143,1008,1032,1
871,1555,839,3
558,108,1306,2
20,675,1512,2
790,1710,720,3
76,1738,576,3
677,599,1385,1
1659,510,569,2
141,861,278,1
719,1743,1396,2
655,1189,787,3
1106,426,1673,3
67,71,519,2
727,733,1059,3
194,926,1772,1
533,1541,1595,3
18,129,1402,2
1236,185,732,2
1577,358,1053,3
145,845,484,2
621,1656,380,3
790,430,597,3
287,595,90,3
716,1153,1222,1
982,866,211,1
591,1453,749,1
1263,389,235,2
477,788,741,1
851,675,1662,1
1773,294,1171,2
708,1817,1031,3
1235,576,940,2
1103,560,573,1
1706,541,1372,2
1251,1602,496,3
1387,1112,617,3
1050,1004,131,2
1555,1586,1510,1
602,1153,182,1
1522,206,1208,1
6,704,1101,3
199,1798,1016,1
564,684,1164,3
994,1623,789,3
760,863,626,3
1466,1442,1605,1
1595,755,297,2
81,223,1062,3
64,797,677,1
1187,117,846,1
1822,1167,723,3
422,688,618,1
68,22,519,2
546,1334,338,2
1649,1563,453,3
402,1047,849,3
925,1229,396,2
1182,227,1035,1
446,1111,129,2
410,1607,182,1
13,1705,1000,1
720,168,1215,2
717,1835,1311,1
1256,728,1427,3
1035,1729,826,2
1080,265,1602,1
443,1419,417,3
416,712,920,3
1039,1601,1140,2
1025,1380,169,1
1517,1675,147,2
1576,578,361,2
1008,33,364,2
741,1708,360,1
277,20,1678,3
1251,847,1248,3
1718,1022,1409,2
1653,897,193,3
371,308,1606,3
995,1198,61,3
1710,1527,1667,3
1634,1374,1605,3
1599,1325,1547,1
921,286,1151,1
1438,799,1293,1
1197,1159,618,2
187,307,1377,1
386,11,1587,1
320,740,1198,1
765,241,172,3
1311,1456,1759,3
359,1576,1378,2
927,500,1169,2
519,1774,1438,3
882,1314,367,1
635,623,1649,2
740,1125,1613,3
723,396,1508,1
1715,1145,996,3
1772,1108,17,2
1447,1749,1289,3
1495,1315,50,3
508,1407,1065,2
658,434,426,1
658,235,92,2
901,479,878,1
332,111,227,2
887,893,1535,3
1608,442,271,3
1549,90,383,3
912,602,1550,1
1849,1037,282,2
754,286,1648,3
1655,1614,1047,3
1112,477,173,2
1407,1253,951,2
898,11,561,2
1369,1106,247,2
789,519,429,2
1455,792,56,3
1368,1409,1162,3
489,1447,240,2
733,528,1424,1
116,1662,283,2
1071,1284,77,1
1371,168,297,3
1026,12,1242,1
846,393,475,1
1062,1819,183,2
892,1046,1149,2
783,1695,1436,3
443,778,1520,1
588,1612,1223,3
987,943,1692,3
867,1320,1407,3
1617,1598,841,3
958,1139,1276,1
1821,975,1777,2
1332,1049,1513,1
705,1379,1486,2
1230,324,22,2
1311,63,977,1
771,1394,1574,3
930,519,452,1
1608,1273,45,2
173,466,1068,1
1377,511,193,3
1270,563,757,1
1160,143,1168,2
47,1469,296,1
538,377,1202,3
299,1841,995,2
136,312,1122,1
1490,912,163,3
195,1087,1669,3
1720,371,962,2
274,1489,1252,2
882,666,571,3
369,938,783,2
1014,204,112,1
475,1514,270,2
1731,102,1689,3
1194,1110,69,1
751,1555,1779,3
1454,649,671,2
158,278,1494,1
1358,334,1708,1
388,1649,1158,2
50,1820,843,2
838,1173,353,1
637,1265,711,1
256,702,584,3
845,675,1773,3
4,1573,444,2
74,734,475,1
761,1672,669,3
1669,1805,816,3
1549,177,599,3
1751,1283,534,2
1773,799,362,3
766,1344,225,2
1379,1270,93,1
284,715,611,1
897,1263,650,2
1379,1035,124,2
1120,460,1742,1
489,25,1013,2
1430,564,1820,1
1720,684,803,1
325,814,674,2
941,1671,1095,3
1497,859,1649,2
233,1590,1142,3
227,1774,254,3
1519,7,872,2
947,792,1421,2
1678,1257,129,3
248,1769,1469,3
1125,123,1022,1
250,1213,216,2
53,871,1473,2
653,624,50,3
235,1307,906,2
1806,920,798,1
743,136,1130,1
1098,1194,1248,3
1755,1516,356,3
337,408,913,1
1281,1119,1646,3
1512,1116,1538,1
754,1445,121,2
630,1096,1196,2
833,13,491,2
578,1833,1020,3
1219,781,668,2
671,779,1648,1
155,1402,510,3
4,686,1362,1
328,44,1214,3
2,497,1539,2
124,1415,690,2
694,1136,340,3
419,440,581,1
1021,490,816,2
199,735,359,2
271,455,1254,2
950,1082,369,2
848,1716,612,3
610,815,432,1
1120,906,1184,2
871,24,73,2
816,1186,533,3
41,516,299,1
909,387,13,3
1169,50,1728,2
1528,1210,838,2
1294,850,903,1
1207,841,100,2
1147,552,1075,3
197,1624,1299,1
1503,97,1334,2
1396,790,1090,3
352,302,439,3
554,952,1024,1
1455,1021,1024,2
1105,1330,1349,2
1380,1516,1508,2
172,4,706,1
1086,1738,1129,1
1134,339,1325,3
937,683,167,2
1719,1128,1304,3
738,1713,1408,3
993,251,686,1
19,640,1520,3
330,741,1530,2
1566,1704,65,1
1303,1398,611,2
886,232,845,3
325,1257,870,1
1241,1636,560,1
1090,1585,49,1
1131,1129,1418,3
957,301,1069,3
853,401,352,2
1417,1239,1448,2
122,1067,1703,3
1748,838,251,3
1079,449,135,1
922,985,1403,1
1045,353,1280,3
839,1755,390,3
1600,23,634,1
694,1025,486,2
557,1126,844,2
1812,1361,737,3
124,934,27,1
1110,72,1648,1
505,1063,1639,1
368,838,862,1
1700,1786,1323,1
1498,1594,1363,3
1375,1793,1464,2
578,687,1083,2
371,268,1446,2
601,20,1716,1
1497,1595,1671,2
59,871,1595,3
468,1162,675,3
1591,528,1499,3
265,225,1372,1
1499,1328,1056,3
1263,455,1096,3
1222,1188,1096,2
1367,852,565,1
252,1842,535,3
1737,1450,548,1
1170,1050,1663,3
1705,585,1193,3
412,1484,1271,1
1820,1605,172,1
582,689,1695,1
1057,1475,1012,1
848,203,801,1
178,1645,878,3
931,489,1757,2
1789,649,1431,2
871,1585,510,2
1817,1577,133,2
1482,1409,1420,1
1193,318,1714,3
416,1763,789,2
655,1350,227,2
463,451,1796,3
1042,1604,1783,2
1241,1491,507,2
1083,843,955,2
1183,953,346,3
885,1508,94,1
220,371,1241,2
876,1006,333,2
1094,760,411,2
1767,834,1070,3
474,1054,1431,1
1124,1414,629,1
82,330,973,1
121,329,1063,3
419,543,733,1
1054,572,1330,1
48,97,585,2
242,1423,864,1
454,1568,63,3
1341,1227,1705,1
1852,1018,1239,3
1605,720,354,2
474,1375,1788,3
580,1001,477,3
1459,1320,1691,2
156,175,1275,3
743,1576,396,2
441,476,1053,2
399,885,1319,2
1546,743,141,2
1745,792,1813,3
1527,1295,977,2
1847,1688,1562,1
1090,229,473,1
1125,831,576,2
1221,1644,33,2
1326,165,1703,1
241,1274,1239,1
1596,1035,750,1
283,1487,1634,2
1017,60,1377,2
536,664,1452,2
1015,852,1578,2
1493,1720,865,3
40,849,553,1
599,206,12,3
1545,1032,1517,1
1715,1473,458,1
918,1206,879,1
1188,653,245,1
595,638,893,3
1668,858,698,1
274,1779,1007,2
705,1682,1022,3
675,90,1155,2
43,1649,1269,2
461,1463,999,1
1342,1111,1133,2
1372,1242,164,1
1266,124,115,2
1360,590,1447,2
382,25,767,2
135,841,1828,1
625,29,1642,1
1212,1274,1666,2
1471,1073,1557,3
1343,475,550,3
93,633,614,2
253,897,599,2
1154,1755,1011,3
1454,1155,729,2
76,61,665,2
1685,501,1700,2
792,856,78,2
57,190,490,2
852,1314,391,1
1327,528,259,2
526,891,25,2
511,1141,1818,2
1248,1050,93,1
214,381,1581,2
550,638,790,2
926,455,1011,3
1677,699,638,2
238,105,1787,1
82,1831,1029,3
1819,272,1637,3
1575,53,1145,1
438,954,288,1
1472,1655,601,2
1660,645,1705,3
1065,1220,1809,2
1585,1642,1475,2
417,1437,43,2
1320,1734,573,1
1471,1030,166,2
1139,1819,625,3
561,989,644,3
1280,754,206,1
491,1193,982,2
1791,1325,1688,2
1055,362,1845,3
1779,1820,343,2
1508,376,1579,2
1051,956,347,3
1370,1197,921,1
1484,1397,503,1
1643,2,127,1
729,862,539,3
79,1819,728,3
359,684,1582,2
43,510,1531,2
640,1421,663,1
1056,219,243,1
433,663,775,3
585,1179,433,1
1003,945,1819,2
841,1666,1044,3
1616,770,46,1
90,848,826,3
112,64,800,3
246,1004,1808,2
907,1716,1458,2
1321,995,1429,2
597,263,794,3
823,1537,1510,1
782,515,983,3
1543,726,41,3
931,489,285,2
1555,1308,1232,1
55,1412,1195,3
249,825,283,3
1261,1635,1367,2
1004,582,477,2
1210,711,770,2
244,921,1386,3
1812,1060,952,2
1600,670,704,1
1544,522,344,1
624,1741,666,2
1413,833,374,3
1750,1033,99,3
177,736,500,3
1692,209,929,3
245,1370,484,2
1323,1729,268,3
1325,971,1798,3
951,327,838,2
899,1175,584,1
1684,605,662,3
723,707,1370,3
1554,531,1713,1
1720,413,1176,1
117,789,1359,2
122,148,1076,2
1729,572,962,3
1412,1746,1607,2
141,176,438,1
1320,407,96,1
76,987,1660,3
1132,591,216,3
944,99,657,3
678,1035,169,2
1528,667,91,2
254,528,235,1
48,1521,1793,1
671,985,84,3
751,1139,129,2
410,1304,826,3
873,628,1473,3
1722,1052,1524,3
371,330,395,3
399,1455,214,3
149,1343,332,3
1123,195,671,3
141,1648,15,2
1723,1437,284,3
1102,813,473,1
230,928,1126,1
1697,57,1345,1
1700,185,183,1
1386,698,1700,3
682,894,634,3
261,196,753,2
1820,265,257,1
452,1135,491,1
365,1021,1523,2
1618,1571,1820,3
1238,1670,1600,2
15,112,683,3
187,1029,1115,3
839,1378,1054,1
394,906,1603,3
728,1211,1170,1
1755,639,1081,1
289,957,873,1
1395,685,587,3
373,19,1152,1
63,1641,1461,1
1822,1175,1000,2
1169,33,798,3
176,65,1354,2
1499,465,433,3
950,1629,1334,2
1663,1031,1243,1
1180,1109,1108,1
1833,336,1026,2
939,463,1141,2
1610,1202,320,3
228,722,518,3
1779,969,1792,1
1029,1103,481,2
1488,653,1356,2
546,727,148,2
1231,891,781,3
1088,1524,1148,2
575,642,138,2
1266,1459,158,1
1698,1483,1348,2
661,21,1256,1
66,823,1322,1
796,713,570,1
949,335,1569,1
712,1135,510,1
1109,1341,1211,1
1825,1152,419,2
641,1781,1129,2
62,349,1029,3
242,229,1718,3
1454,615,1366,3
406,884,104,1
553,483,393,1
1227,1289,1439,3
53,793,18,2
846,497,630,3
409,126,149,1
213,1184,72,3
422,1265,635,2
256,1265,254,1
1300,1456,857,2
1391,426,931,3
1205,1214,905,3
1779,43,1774,3
1492,1241,1736,1
1032,830,437,1
175,1774,880,3
22,372,381,2
208,1059,1034,3
229,127,590,2
1295,516,548,2
1599,654,250,3
448,1716,1731,1
1807,1306,1683,2
997,1637,940,3
1038,327,502,2
1143,1293,451,2
368,39,1202,1
1486,248,1247,3
1818,1520,185,3
860,1317,1252,3
1729,499,653,2
220,387,1205,3
1794,662,244,2
713,277,405,1
1653,530,409,3
988,3,727,2
757,1093,1580,3
727,176,517,1
1474,1605,941,2
1588,575,1793,2
1344,21,719,1
1764,1030,104,3
789,1611,1811,2
1638,1280,530,3
533,670,68,1
1681,1617,1288,2
1455,1020,354,3
819,467,483,2
1320,1057,1445,3
52,1066,1117,1
1351,1825,466,3
1092,1393,1758,3
928,1026,46,3
807,1421,1260,1
935,1384,968,1
198,292,1048,3
1240,1102,327,2
1617,442,266,1
1087,1463,890,3
767,325,1506,2
238,247,1273,3
636,1019,1798,1
1296,910,1157,2
329,1552,1010,1
1426,65,163,1
202,1317,857,1
1524,1589,979,2
873,7,561,3
719,266,1665,2
450,1017,972,2
1041,10,1437,1
236,1840,1148,2
1032,479,1748,3
1417,1689,1811,1
989,1834,1281,2
1057,762,576,3
676,143,225,1
219,751,1287,2
923,810,671,1
57,1002,1255,3
1042,900,1681,3
1539,1745,1468,3
775,1209,1592,2
1109,23,561,3
298,1799,1334,3
254,952,864,3
1396,1148,1458,1
1043,861,1325,3
122,847,435,3
578,1601,1693,1
892,1600,1602,1
484,984,157,1
950,316,483,2
1550,225,1837,1
166,1557,1731,2
1305,1268,133,1
1300,299,281,2
1726,1092,1377,1
1851,1751,554,3
612,388,892,2
598,43,1461,2
685,230,1445,3
970,1541,1783,2
1705,1034,1551,3
1453,575,510,3
1278,1010,1057,3
1001,1771,12,1
110,1086,1444,2
1691,1656,473,1
1240,1373,767,3
62,501,1638,2
411,1028,150,2
1453,88,1154,3
228,380,1517,3
1797,1446,400,1
345,730,357,2
1578,632,1822,2
1753,872,984,3
885,215,197,3
1117,933,1167,2
1616,1306,392,3
95,1206,1109,1
1518,45,525,1
1704,1343,379,2
472,258,1038,1
1814,1371,957,2
1517,397,775,2
1490,675,898,3
1212,1346,1115,3
522,77,250,3
233,281,32,2
1789,1497,1635,2
1416,1594,1318,1
1644,243,1844,2
1405,970,558,3
1684,519,140,3
1230,909,1370,2
1579,18,715,1
1566,714,909,2
1027,46,250,1
1462,963,961,1
564,25,871,2
1137,1696,1590,2
1572,576,820,3
1098,18,171,2
980,1599,613,2
1229,39,1494,2
1629,1386,450,3
687,1305,27,3
1796,273,716,3
1420,57,408,1
206,871,464,1
1327,1571,167,2
1698,860,1578,2
243,285,425,3
800,1538,732,2
1177,1080,1557,2
1538,1349,1761,2
792,1388,710,2
957,1543,1639,2
485,553,92,1
1267,670,1608,1
1411,333,864,3
697,568,863,1
1306,313,634,2
1588,865,1785,3
73,1294,18,3
905,558,411,2
663,1404,1201,2
1004,1693,1074,1
1213,457,1683,2
776,1629,687,3
514,171,161,1
1712,696,723,1
291,1822,971,2
648,801,93,1
499,1682,91,2
844,1359,1816,2
564,1789,389,3
492,774,289,1
1600,1476,1379,3
1300,1728,679,1
1374,1034,1781,1
39,1413,983,3
260,44,550,1
461,685,789,2
340,111,1831,3
1283,234,1364,1
1794,473,332,2
642,1371,238,2
332,109,131,3
1477,850,916,1
1648,348,1637,1
1168,1795,707,2
64,476,386,2
1172,1410,109,3
1827,381,1236,3
1773,1275,19,1
1680,810,1117,2
318,1831,388,1
1407,1757,1795,3
535,390,1073,1
1598,1328,1821,3
1616,106,369,2
1277,1110,1049,2
229,1631,964,3
1775,1795,1493,2
634,695,341,2
175,295,1645,2
131,1772,1208,3
1391,41,1716,2
1331,71,129,2
346,1708,1004,1
845,864,1550,3
1441,965,1120,1
319,258,1850,2
894,1084,482,3
398,1817,1633,3
926,1011,1266,2
498,1452,43,3
1497,1273,1719,1
51,345,1000,2
368,1828,1709,2
492,1030,1287,1
468,1658,1145,2
943,560,436,1
722,1651,1350,3
1291,1836,949,3
788,516,1392,1
1849,261,1617,2
1604,666,1826,1
1544,62,894,2
736,1161,577,3
921,338,438,3
329,461,1739,3
1386,932,140,1
149,1726,978,2
1285,1103,1659,3
1732,319,1042,2
1778,185,131,2
298,1526,1579,1
849,1212,1513,2
1656,831,1600,1
532,201,955,3
674,1725,444,1
876,848,1115,1
1612,690,1372,2
981,1325,1295,2
417,639,1306,3
193,814,864,3
1029,1033,675,1
878,560,252,1
1380,2,1726,3
514,43,343,3
87,621,1371,3
210,1093,712,2
348,1520,1216,1
655,1701,126,3
301,986,1735,3
874,186,422,2
1337,1242,761,1
1850,763,1472,3
868,1565,285,3
1653,708,1568,3
1,988,1785,3
1551,1698,263,1
29,1180,1473,3
137,372,1527,2
72,295,1831,1
1802,327,412,2
1726,1829,568,1
1464,27,181,2
857,1850,1026,1
1158,662,1080,2
1794,1411,1446,1
1475,184,864,1
1487,132,1194,1
645,1581,1199,2
1264,395,1017,2
1349,622,382,3
143,1434,1131,3
897,547,754,2
269,226,1673,1
1833,1320,284,2
1338,873,863,2
30,1636,186,1
164,557,575,2
162,1832,1022,3
1184,1038,1467,3
395,1254,760,1
1845,610,742,1
1275,1185,17,1
367,935,1589,2
931,1437,1401,2
229,1684,1578,3
1344,233,1786,1
1784,1349,844,2
215,1135,1301,1
542,497,126,3
1234,966,205,2
663,622,826,1
586,684,1359,2
361,688,1294,2
950,248,816,3
63,1562,1473,2
718,1530,1080,2
1004,1658,604,2
1823,1001,1148,2
1692,519,12,2
1685,1397,398,2
1057,376,1389,3
1480,691,944,2
1770,1844,852,1
679,1852,1099,2
1849,1514,1209,3
1392,1652,965,3
1738,1328,1371,3
1268,1256,1065,1
1542,904,1815,3
631,322,1707,2
1434,241,1127,3
736,231,1049,2
1141,3,1365,3
1077,662,123,1
1162,944,1380,2
1489,1807,890,1
948,740,68,2
897,869,697,1
184,1057,762,1
1336,535,665,1
401,1491,1181,3
553,403,1359,2
734,319,1717,1
1167,514,1538,2
1607,209,1242,3
569,590,906,3
1074,509,102,3
840,1837,1389,2
1003,1212,1594,3
1224,277,18,1
787,1098,1275,3
378,454,571,3
179,1177,1822,3
959,1002,1240,1
572,1027,276,2
42,1333,544,1
1797,886,161,3
1330,1542,753,2
59,1669,444,3
624,446,228,2
298,1352,467,3
1421,781,242,3
162,1561,1041,2
341,1606,1024,2
1670,1337,720,2
1451,505,1068,2
797,912,562,3
1604,189,1082,1
784,1092,1573,2
1067,1140,1368,3
28,829,852,2
126,255,1155,1
1100,670,1096,1
236,569,1353,1
1628,1576,1462,3
1219,1634,741,3
89,796,141,3
1174,1369,1492,1
102,357,159,2
1755,390,312,1
446,1532,499,2
1756,695,755,2
1246,1412,436,1
1551,894,1171,3
1626,1800,1520,3
984,1827,214,2
492,415,780,2
1451,1506,485,2
465,13,1682,3
1158,208,89,3
1480,484,535,2
871,1845,1545,2
261,1791,533,3
529,1663,1739,1
900,155,210,3
65,855,478,3
1204,1100,46,3
1497,1841,1776,1
1822,465,1241,2
1222,886,856,3
1352,1302,1486,2
1433,99,423,2
1097,538,1697,2
453,1782,988,1
1502,1194,1525,1
94,631,1540,2
1208,1445,935,2
858,1448,1569,2
1372,1560,431,2
961,1153,1750,2
1306,518,502,2
1557,651,1431,1
1670,1278,322,2
1311,910,495,2
246,192,148,3
440,1743,1141,1
429,1607,129,2
1769,779,251,1
496,858,435,2
1801,218,109,2
1301,599,1693,2
730,570,1804,2
913,924,1211,1
497,931,1516,1
984,687,713,2
775,1169,374,2
1703,1497,904,1
520,1724,1553,2
1723,1099,798,2
1280,808,69,3
1265,388,153,2
1171,1031,822,1
282,640,1312,1
397,1123,510,3
68,1761,1165,1
1267,895,213,1
921,112,254,3
28,94,794,3
668,290,10,2
144,520,574,3
493,1005,1351,3
1560,1148,1263,1
1301,592,69,1
77,1848,1676,3
945,127,1473,2
1809,1697,1035,3
896,1757,736,2
627,1477,824,3
776,1725,515,2
1435,1346,1004,3
240,552,161,3
1835,1000,1356,3
567,1114,94,2
817,1436,560,1
1295,1159,130,2
879,925,218,3
1417,435,1438,2
1405,1044,1611,2
1627,914,1275,1
1390,1142,808,3
348,104,44,2
358,1271,1555,2
1003,1820,17,1
239,1828,1206,2
1439,1070,1642,3
1426,1815,652,3
1045,1770,75,1
966,614,314,3
269,735,491,1
117,1307,274,2
342,976,732,1
228,1668,1591,2
108,1685,261,1
980,335,1028,3
1250,914,297,1
1685,100,407,3
256,1244,681,1
450,152,178,1
53,773,524,2
257,1630,647,2
1341,1709,552,2
946,59,1059,3
483,866,1501,1
502,1445,472,3
1280,1106,283,3
860,1682,573,1
1378,591,599,1
240,858,1115,2
264,1296,945,1
1813,92,123,1
423,728,1275,2
291,735,159,2
1390,1101,679,2
1152,1077,294,3
1641,191,1243,2
358,1777,911,1
341,557,1610,3
1740,960,847,2
1183,970,2,2
409,1505,137,3
346,1481,1490,1
1193,1197,1818,3
514,1690,1087,1
113,1168,1431,3
29,120,258,3
526,124,1315,3
1726,721,1356,2
1774,1000,989,3
332,952,36,3
1009,659,1331,1
1634,1529,789,2
1616,881,1379,3
146,1538,1048,1
512,54,230,1
1452,1430,251,1
360,1214,1800,2
1780,666,468,1
428,740,788,3
878,476,605,2
445,1443,1128,1
1462,248,1501,3
274,833,319,3
1507,7,1158,3
1802,1272,772,2
77,1324,241,3
816,297,1749,1
1683,1621,317,2
485,583,415,1
1595,1691,30,2
131,298,1612,2
247,1712,725,3
750,801,162,3
993,700,93,3
745,739,968,3
673,577,1318,3
688,945,1293,2
429,423,847,1
1163,1085,417,1
1629,403,1104,1
497,169,1727,2
1009,844,1297,1
62,165,1027,1
280,338,256,2
1205,531,104,3
1171,1643,960,3
1226,23,829,2
117,442,1272,3
722,1803,1471,2
192,558,1776,1
896,1849,1437,2
228,576,288,2
505,55,1847,1
301,1232,1012,2
812,512,7,2
1793,565,185,1
1619,612,1829,1
1054,196,964,2
660,1579,622,2
682,397,1827,3
1227,1708,1371,2
1486,568,366,2
1667,191,1324,1
1753,1487,1290,3
361,189,1478,1
805,339,33,1
110,1293,1454,3
507,986,420,3
1834,889,1547,3
1396,323,1807,1
1101,1613,710,3
1126,952,858,2
1812,1725,870,2
625,1130,172,3
404,477,1347,1
923,1703,1210,1
424,323,449,2
297,1174,521,2
611,563,902,3
1618,291,1566,3
516,1852,718,3
1849,1460,1205,1
1835,1209,186,3
64,1420,266,3
952,202,1823,3
303,1513,1512,1
1359,1653,1390,3
232,1627,1441,2
284,1542,962,1
415,312,634,1
280,1380,1620,1
933,1206,971,3
1198,777,331,3
1324,1073,1729,3
817,899,896,1
1331,1756,1478,3
351,1497,1236,2
172,934,669,2
241,726,1088,1
1254,355,367,2
1803,998,1138,1
44,163,358,1
1254,925,1224,2
790,5,1150,1
787,1628,483,3
559,1130,62,1
551,1118,1320,2
401,544,1478,3
924,1440,1173,2
900,1264,1081,3
1493,1343,812,1
495,1413,1147,1
200,1418,1702,3
1091,1437,461,1
1335,1629,447,2
360,1148,1390,2
110,1683,232,3
515,862,286,2
1206,131,546,1
203,1549,1029,2
72,1333,437,3
1260,1814,1369,2
533,1543,1060,1
149,733,12,3
1363,1613,870,3
401,1761,535,1
1208,1087,463,3
1099,159,372,3
81,293,1234,3
1211,1519,1099,2
1316,1050,1603,2
1612,1134,414,1
1312,1241,463,1
1003,1653,1693,2
1041,1078,1101,3
189,822,1419,3
565,1545,76,2
1438,1383,866,3
732,1465,1269,2
657,920,777,2
1401,245,842,1
1365,742,599,1
964,650,1817,3
217,168,501,3
1679,484,110,1
540,1098,13,3
374,1827,1374,1
460,1668,372,1
711,1473,1797,1
205,478,800,1
1235,685,923,2
970,264,1039,2
598,1820,1334,3
998,1716,832,3
1210,1076,1468,2
1197,1659,1355,2
263,1111,1328,1
927,317,630,2
324,1321,429,2
1667,144,598,1
638,113,614,2
738,923,1075,1
1431,1778,1241,1
551,1666,1783,3
1020,268,1657,3
1102,532,1511,1
704,1591,672,3
1217,1108,735,3
755,626,1654,2
265,871,650,3
1120,1334,1355,2
1235,1741,970,3
1732,1758,594,2
228,1569,535,3
1692,1693,1576,3
1320,1255,786,2
1008,155,1516,2
186,137,1188,1
1488,1656,1184,3
1020,823,986,2
1641,1150,26,3
1722,26,1014,2
1503,649,463,2
462,366,1233,3
1009,129,1432,2
161,1476,1164,2
67,1661,1018,3
1538,626,1500,3
668,788,1149,1
1807,1197,454,2
1801,175,696,3
1743,1633,856,1
1600,226,456,2
237,211,927,1
227,705,1400,2
1522,577,1564,1
387,1544,534,1
822,297,906,1
690,1227,1573,3
930,286,616,3
494,1074,1821,2
270,1591,180,2
1139,439,109,1
1149,611,943,2
1134,69,451,1
1451,214,1747,1
1270,506,1079,1
480,407,88,3
1749,109,1414,1
765,550,891,1
1729,774,869,2
461,696,1224,2
1560,956,865,3
52,576,196,1
501,1368,1140,1
1032,503,1314,3
1688,1769,1419,1
1000,644,1531,2
1098,193,440,2
64,536,1607,3
1372,1459,1387,2
208,1045,1527,1
1475,346,280,1
1418,1532,66,1
1459,593,770,1
1696,1339,992,1
507,1827,1136,1
256,1854,58,1
475,607,156,2
1314,1060,1140,1
122,608,455,3
125,52,661,3
192,1441,582,2
242,1640,598,2
1732,958,7,2
1848,74,1732,2
901,1497,1201,1
1584,1007,1098,3
742,672,106,3
742,449,1470,2
788,105,100,2
1282,1605,510,1
1607,1831,1194,2
1835,845,802,1
844,945,1726,2
1034,1323,945,1
1187,1379,1103,3
1327,1564,1842,1
1248,1614,332,3
509,214,1546,1
930,818,828,1
1248,1567,604,2
1374,1504,151,3
1165,930,1069,2
1552,238,1437,3
110,702,1728,2
985,105,349,3
206,1574,1399,2
367,191,523,2
633,1704,1106,3
1739,1005,1823,2
1636,1637,679,1
220,827,233,3
516,438,1053,2
1027,422,1308,2
92,431,454,2
392,1205,286,1
148,1663,429,2
1241,982,1,3
427,1699,69,3
947,666,168,2
453,394,1179,3
1497,1145,1780,2
1424,1592,406,3
1154,1309,577,1
1458,1304,1645,3
1593,858,146,1
873,467,575,3
856,300,292,3
36,456,744,3
860,1715,1399,1
1751,1058,331,3
1068,954,1167,1
1362,1674,961,2
692,1764,814,3
813,417,470,3
1102,124,1576,2
1773,1093,1511,2
1748,366,463,2
1116,924,1640,3
1450,1004,1150,3
1091,1426,541,2
1126,840,172,1
922,798,1582,3
726,563,1600,2
48,1130,1390,2
1519,1095,389,3
1369,464,222,3
1533,46,93,1
1614,629,1026,3
945,1677,1201,2
1441,1166,1495,1
1778,1287,805,3
1720,1504,788,2
793,888,1767,2
769,647,1010,1
1029,583,235,2
1038,117,1291,1
533,584,480,1
598,981,312,2
1287,1781,1220,3
773,735,565,1
172,1246,520,2
46,365,936,2
993,856,558,1
270,101,1475,1
471,698,722,1
185,1105,76,1
901,160,1723,2
780,175,1456,2
125,501,1202,1
798,45,583,3
1218,132,432,2
1046,1126,1351,2
1723,1220,1446,1
1391,343,1313,2
1701,1726,1237,3
133,886,128,1
1080,550,763,3
30,1742,386,1
1354,811,242,1
609,1084,333,2
1227,1343,808,1
335,999,1184,1
1189,1521,62,1
1521,1424,552,2
53,941,633,3
59,571,459,3
31,389,1816,1
286,418,853,3
1404,400,1726,3
1292,1502,1773,1
869,946,106,3
161,1763,1719,2
1644,926,12,3
630,583,1622,1
858,1237,1273,3
1592,1444,1810,1
811,1517,1053,1
610,636,1191,2
318,986,523,2
568,1316,418,3
608,436,346,2
1359,1087,1492,3
1771,120,760,1
334,1737,261,1
418,900,1695,1
1798,1811,1849,1
1020,25,1123,1
1623,988,1346,1
1386,161,714,1
939,1056,1256,1
350,915,1267,3
1308,1325,814,1
956,716,1559,1
1133,1231,1155,1
446,326,1634,3
1724,903,419,1
1409,1711,613,2
1648,1227,89,2
454,62,633,2
1353,451,1806,1
968,1367,819,1
491,1294,762,3
1376,547,182,2
1479,298,73,2
557,1478,174,2
1524,1805,1831,3
275,935,339,1
1026,1422,1550,3
1826,1739,18,2
1724,92,1353,2
287,1709,1793,1
1020,1260,429,1
1072,1006,373,3
861,1818,98,3
892,1193,199,2
583,1765,440,3
1499,1274,1791,1
1760,1437,735,1
1542,908,610,2
1087,603,1083,2
1157,766,925,1
560,320,324,3
1166,1098,1196,3
583,586,842,2
1819,850,519,1
1653,1809,847,1
1151,686,789,1
150,1192,1305,1
900,1152,176,2
1183,1361,985,2
158,1250,126,2
1127,296,1402,2
1543,555,188,1
1477,1036,703,2
276,1473,1665,1
1828,1147,489,2
717,32,1019,3
494,1399,1376,2
403,43,1766,2
1441,1755,40,1
1306,787,1578,2
423,992,887,1
1843,361,1358,3
1704,928,168,2
911,748,1614,2
941,284,693,1
1726,1058,25,3
1252,1773,1273,2
833,1753,1325,2
1677,685,768,2
1405,361,879,3
515,1824,1766,2
1614,468,999,2
1193,737,1516,3
1308,920,1539,1
258,298,1558,2
1802,624,1532,1
1006,165,138,2
415,1627,717,2
1067,1842,1735,1
1486,1736,1813,3
1368,1717,1619,2
753,984,1745,1
7,397,1114,1
1447,779,1088,1
197,531,441,2
81,1677,1205,2
48,116,638,2
1477,1496,425,1
173,1850,122,3
598,1095,1131,3
594,122,401,1
585,1790,1316,1
494,1408,514,3
279,422,1743,2
453,861,284,2
290,1375,1414,1
130,57,1186,2
388,631,1588,3
970,764,529,2
1488,780,671,3
453,1421,597,3
99,936,1076,2
558,1603,483,3
218,607,1753,1
84,1441,1210,3
285,1816,1001,1
1440,1576,966,2
636,534,56,3
18,1563,70,2
1852,782,311,3
815,947,1774,1
1481,1342,681,3
1523,1646,36,3
1275,1412,126,2
1481,467,1754,1
1758,1601,437,3
1230,217,814,1
181,132,216,1
489,1716,1437,3
9,285,595,3
1429,873,10,2
1847,866,187,2
1037,1446,1300,1
1646,978,1181,2
1686,206,1545,2
334,1546,1751,1
567,1189,25,1
266,1368,844,1
1502,188,886,2
1176,709,1558,1
772,927,308,1
372,1116,771,3
1388,918,882,2
857,886,407,1
1070,1687,369,3
427,1282,189,1
370,221,414,1
181,1094,1801,3
1788,1853,490,2
1475,1626,1207,2
241,1244,1291,1
660,946,1665,3
1665,673,464,1
214,4,1472,2
1557,1677,436,1
1208,1823,1386,2
1122,83,73,1
1397,321,576,1
820,1730,1235,3
775,651,60,3
916,248,99,1
1284,1450,1681,2
714,544,1696,3
1046,1119,765,1
187,47,1442,2
355,82,1789,2
1458,226,1223,3
1495,414,744,1
1348,691,1753,2
1404,1173,1746,3
568,1168,1036,1
1608,254,1274,2
1206,1615,282,1
1474,792,951,3
1701,903,1317,2
55,412,816,3
1597,289,1031,1
1103,1625,333,3
1092,1347,602,2
75,1790,1120,1
143,666,206,1
987,1,904,2
962,1657,408,2
1665,575,1239,2
32,1780,1656,2
1460,172,103,2
479,1645,955,2
811,1417,1116,1
1025,1200,242,1
1235,736,1052,2
321,1415,1451,3
1654,432,565,2
873,1503,525,3
1667,1827,1235,1
547,1366,207,1
1832,1660,1305,3
381,547,208,1
567,322,1789,1
1485,699,1260,1
1055,1245,1828,2
1686,331,1797,3
475,632,472,2
1796,675,1400,3
429,1341,1166,1
373,1721,576,1
1205,1565,888,1
1310,159,1486,3
416,1266,1849,2
1816,499,530,3
1314,1812,1656,2
1088,1726,1319,1
1242,414,864,2
715,1646,862,1
1013,757,1314,3
1505,1556,516,2
1401,10,313,2
332,1449,1205,3
569,689,1337,2
303,687,1139,2
341,1605,1153,2
1505,725,352,3
324,727,973,1
991,314,1454,3
1364,669,461,2
48,335,1712,2
331,698,811,2
1316,1230,205,2
1768,1492,1076,1
9,1132,1107,2
701,237,284,3
904,1814,1653,2
1467,324,420,2
244,1700,887,1
1816,446,158,3
634,1636,1631,2
565,912,465,3
703,1011,1368,1
1468,586,1436,1
1364,254,1428,3
829,1601,1082,3
1246,1006,1102,1
1128,571,317,3
1203,619,31,1
1502,566,498,1
1505,811,873,1
1655,790,1131,3
14,695,1625,1
1241,412,37,2
764,12,1388,3
118,1777,279,3
384,105,1357,3
1677,248,58,3
1590,543,810,2
77,686,255,3
432,829,1131,3
175,931,1658,2
947,1019,850,2
1533,103,1787,2
1808,1498,1444,2
892,493,703,3
1838,1185,190,1
1354,1660,1375,3
808,419,236,1
653,1003,429,3
905,1244,1720,1
49,1543,110,2
84,178,370,1
724,1596,742,2
947,1232,1776,2
841,1375,1056,1
869,1396,431,2
1467,652,632,2
1192,1509,1535,3
1054,1228,1334,2
745,1724,209,1
818,215,1352,2
1661,1850,146,3
616,1213,448,2
1442,1032,645,1
198,1739,954,2
1076,725,799,2
1095,1480,1294,2
89,413,840,1
177,1490,872,1
1649,703,369,2
1848,80,644,2
548,627,492,3
1568,355,302,3
1232,1799,791,1
1266,1475,848,3
458,619,1398,2
474,845,875,2
41,1180,616,1
1659,815,628,3
1653,1047,825,1
211,507,1392,3
330,974,447,2
592,491,1047,1
519,1453,1156,1
1215,1228,507,1
1736,280,1197,3
435,440,475,1
1702,827,129,1
327,1558,1460,2
189,174,1584,3
781,572,1641,1
1766,1350,114,2
496,122,1120,1
982,631,1186,1
420,322,1402,1
427,784,461,1
969,874,1410,3
288,1782,672,3
721,1842,1118,3
258,699,902,2
35,1796,319,3
1273,1653,469,2
1006,787,611,2
1486,3,830,3
647,79,1643,1
1024,717,659,1
509,891,1850,2
1090,1679,755,3
320,738,1515,2
958,1303,824,1
1425,787,1522,3
699,862,1489,1
52,335,1276,1
309,1341,511,2
641,1434,1562,3
1821,34,902,3
1192,1339,1770,2
859,451,1696,1
1628,79,505,3
1,48,1190,2
1191,1334,749,3
842,1711,1850,3
1281,398,1056,3
1693,1514,723,1
410,530,1246,1
1763,1304,770,1
62,488,1337,3
1459,949,894,1
536,653,1403,2
1015,1481,1272,3
1488,688,1044,3
1454,1267,287,1
910,401,504,1
299,908,1609,3
1752,1038,1501,1
230,640,264,2
1789,1746,529,2
731,867,798,1
544,935,1403,1
119,338,1128,3
634,350,1613,2
1852,10,541,1
2,1834,623,2
137,1749,991,1
932,1465,60,3
1580,220,39,3
999,994,1374,3
1810,881,1395,1
338,613,123,1
1423,218,510,1
986,291,1736,1
1140,1592,373,1
1298,752,158,1
502,222,1398,3
1116,1667,1500,1
262,1454,542,2
630,1630,575,1
455,1264,1582,1
800,1662,202,3
439,1160,856,1
1356,997,635,3
1778,814,1082,2
1632,897,1064,2
515,1801,370,1
1271,805,1167,2
1177,402,1069,3
507,523,1813,1
164,132,91,2
1309,989,1800,3
300,464,32,3
351,1169,107,2
1170,1270,1839,1
392,105,858,2
735,14,100,1
760,916,630,2
241,453,584,1
964,1087,1289,1
763,1359,661,1
323,1691,757,1
347,1739,1577,3
1791,1363,1678,3
1849,1006,850,1
213,851,1096,1
1057,1451,274,3
337,1257,1841,3
1713,1227,504,3
282,913,948,1
1333,15,1474,3
67,558,586,1
454,1619,889,3
1363,731,534,3
313,813,1130,3
405,582,63,3
443,1843,986,3
1231,1737,1387,2
993,1817,1622,3
681,385,1505,3
176,1563,1023,2
985,1276,253,2
1206,220,551,1
1714,1498,847,2
927,457,1412,3
1604,381,1317,1
126,670,1128,2
1021,1167,785,1
598,448,159,2
148,1739,1130,2
191,533,110,3
1225,1689,931,1
181,421,977,3
255,56,1359,3
34,890,1251,2
1121,891,1029,2
1221,1473,1276,2
139,1627,426,1
559,1593,1420,3
50,1109,1489,3
729,1586,1781,3
1301,1588,1308,1
1171,211,1388,1
316,847,5,2
941,1583,1247,1
872,1499,1722,2
314,960,1296,2
16,302,390,2
40,348,1064,3
180,701,820,3
584,1016,453,2
1027,647,1096,3
923,1519,547,2
883,1141,438,1
1564,251,1082,2
1238,1199,1392,2
611,1039,1628,2
110,252,1099,2
870,774,739,3
1613,461,778,1
667,68,135,2
1126,413,410,3
1495,181,406,2
1524,755,1638,1
755,185,1398,3
1178,281,1678,1
945,11,151,2
1029,688,1717,1
666,546,601,1
471,1368,1392,1
757,967,326,2
830,738,1535,3
918,1561,723,2
271,594,1048,1
948,93,240,3
1827,213,706,1
971,1342,369,3
743,1030,942,2
146,1487,653,1
1026,1243,544,3
1023,1138,436,2
1560,1418,1089,3
288,1086,389,3
298,1367,428,2
466,1677,1283,3
535,1182,1424,3
1529,472,68,3
777,922,422,2
847,1776,328,2
1767,1651,377,1
301,205,416,1
1241,797,312,2
1398,1238,295,1
899,1112,986,3
1756,214,1577,2
1711,1523,234,1
1170,293,1811,2
166,1461,1346,2
1022,1398,902,3
1655,571,725,2
1239,734,142,1
1145,829,1573,1
69,343,1546,2
259,556,1418,2
57,1211,1327,2
778,639,1460,1
1051,448,190,1
1225,598,489,3
249,1109,1173,3
393,462,911,1
374,1072,1412,2
1641,187,1674,3
940,432,1143,3
1282,1530,1785,2
1579,1192,189,3
1412,459,285,3
265,148,1727,2
1699,1820,1037,1
529,925,683,3
621,1055,888,2
1852,1503,1246,1
126,987,1654,3
1550,621,706,3
5,237,932,3
353,113,1220,3
595,287,702,1
1255,1375,597,2
1182,587,1148,2
140,1643,5,2
1730,1609,523,2
877,728,1048,2
724,26,1080,3
1296,1653,295,1
594,1754,1401,3
1012,821,67,2
1158,442,136,2
1565,1548,75,1
431,374,678,1
1497,1848,1677,3
1142,1362,1177,3
1635,821,819,1
58,666,360,1
718,1063,1691,2
965,1581,1613,2
323,920,1328,3
1306,20,1515,3
233,1836,700,1
1332,1636,1461,2
1458,1694,76,3
445,176,543,3
1229,158,948,1
1457,1239,1613,1
1643,439,764,2
1456,1161,670,3
246,581,213,2
1772,271,1494,2
279,1709,344,3
526,1767,1308,2
929,841,1016,3
501,1324,680,1
516,1003,301,2
200,1201,855,2
391,883,896,1
323,476,1326,1
1013,33,1277,3
671,1324,1038,2
1042,587,555,3
1777,532,1678,2
1009,1252,1821,2
1238,778,1732,1
342,432,85,3
514,525,163,1
279,1409,1232,3
151,1500,442,2
1724,269,105,3
1226,964,311,2
563,572,1832,3
450,1849,1421,2
1149,1723,1845,2
1404,1089,1052,3
1040,578,838,2
1162,1618,1314,3
1740,73,595,3
1340,108,703,1
1062,448,1555,2
727,143,1584,1
610,785,1406,1
1837,789,350,2
434,963,1730,2
1766,758,1830,1
747,164,405,3
112,284,783,2
420,229,1259,1
1486,1361,371,2
1468,1082,1403,2
430,1702,1015,1
1108,280,321,1
1160,500,338,2
874,84,1837,3
908,633,1067,3
1198,345,1085,3
1312,1818,585,2
1420,615,845,2
717,951,1281,1
1273,592,1114,2
1182,727,1819,2
1131,1328,1540,1
716,1621,1660,3
238,1603,1075,2
1312,1211,471,3
1381,1449,945,1
1094,1186,1785,2
154,514,989,1
1200,984,1395,1
1832,1703,19,3
375,33,1668,3
1219,534,112,2
358,463,573,1
1288,781,641,3
1388,496,1246,2
455,255,994,1
1525,463,1816,1
1323,1278,215,2
1550,1278,892,2
1434,826,1452,1
58,177,534,1
108,1722,113,1
1143,1510,1797,2
1526,1068,1834,2
1061,901,204,1
1024,360,1552,3
1595,535,492,3
141,163,110,1
1415,576,735,2
1664,1719,1662,2
315,328,88,3
1835,1531,960,3
272,1796,1374,2
595,1020,1679,3
372,407,837,3
512,1316,424,2
1156,1294,10,2
1121,731,1037,1
124,443,1235,1
636,1384,1215,2
1673,37,919,1
996,695,813,1
1180,1656,239,3
1315,207,1785,1
1454,1726,1324,3
62,1358,1085,1
626,874,672,2
357,119,1762,1
933,1356,1702,1
451,1114,887,1
557,1479,1122,1
519,163,1638,1
1648,1650,1235,3
722,1506,1127,2
1412,1548,839,1
1595,221,601,1
1509,1108,1566,1
1053,1730,977,1
1424,825,462,3
523,1541,510,2
1682,872,1243,1
106,809,1383,1
1132,969,552,2
481,795,1121,2
564,1442,713,1
21,1234,722,2
1740,996,1845,3
61,1777,98,3
1123,1156,1567,1
307,1765,943,1
246,1441,412,1
654,179,1137,2
1387,1605,1483,1
1420,58,839,2
1073,1183,1851,2
356,1405,286,3
83,196,1233,3
42,1541,1335,1
1189,100,1608,2
646,994,157,3
267,902,477,1
214,279,1068,3
872,183,1730,2
903,1191,1682,1
1229,1606,1469,3
355,1020,1501,2
965,425,1394,2
1363,467,1372,2
1147,494,203,2
331,108,296,3
870,1340,1559,1
1823,1102,1401,3
772,270,650,2
1764,1437,542,3
845,1716,1322,2
1562,1059,849,3
235,1760,346,1
894,1071,717,2
1440,549,698,2
704,870,658,3
1186,15,1314,2
199,1259,1129,2
660,581,926,1
948,695,75,1
68,224,376,3
1189,376,1329,3
458,1217,664,3
1439,1021,222,3
1714,1180,307,2
192,1358,663,2
96,57,603,3
721,1082,1155,1
1041,107,429,2
1696,857,511,3
512,497,1653,1
682,1540,1486,3
732,107,766,2
856,1648,295,3
659,546,904,2
1554,1205,1138,2
1505,983,778,1
1833,1716,540,2
1139,149,193,3
748,633,1017,1
63,607,1076,2
4,1011,1532,3
832,51,1300,1
948,1656,1207,1
1799,649,339,1
506,289,1344,3
842,482,1628,2
771,309,1312,3
400,1216,964,1
495,124,1792,1
109,1711,533,3
1658,1200,1308,3
307,652,418,3
59,1837,1383,1
107,1133,866,1
1231,736,1765,1
1478,157,1779,1
1013,1767,1023,1
1458,959,1765,1
1429,589,538,1
1065,467,759,1
708,1424,496,3
59,1314,529,3
1028,227,605,3
1157,1374,278,2
1400,234,646,1
22,851,1398,2
711,516,239,3
249,654,915,3
12,633,1794,3
1254,312,1497,3
545,840,1064,3
443,478,968,1
1779,975,1646,2
1086,938,622,3
151,1204,1596,1
1148,604,1223,1
753,239,733,1
204,380,1351,1
1085,759,858,1
1780,1566,222,1
525,189,1709,3
387,1622,353,2
46,1206,347,2
603,1710,581,2
334,210,235,1
1801,1216,479,3
795,1521,1788,1
2,682,1761,1
32,1651,1253,1
1714,1154,1241,2
1719,1587,407,2
63,874,1130,2
626,895,1262,2
1379,1088,808,1
1176,1025,762,2
1697,1627,1239,1
660,1366,612,1
416,710,1779,3
162,1530,1750,3
317,1812,372,2
175,102,1344,2
342,624,1667,1
1181,474,1687,3
1334,1377,1748,1
1036,31,1787,3
470,578,714,2
1692,863,166,2
506,1478,1006,3
1560,203,1121,3
308,1202,116,3
1794,30,14,1
1539,1296,911,1
1186,1228,1086,1
707,341,162,2
1126,606,1101,3
1192,622,422,2
90,1766,763,3
688,1261,1124,3
289,215,79,2
849,1772,1163,1
1731,637,1227,1
544,890,1827,3
99,1665,739,2
1285,1162,185,1
25,993,198,3
1636,148,1743,1
1467,752,341,3
995,1800,770,1
1340,129,940,1
1167,59,755,1
1381,499,848,3
167,594,529,3
451,838,1223,1
1490,400,1465,1
1609,442,904,3
961,1470,1079,2
1704,598,528,3
1292,1708,308,1
436,1697,1754,1
125,1757,1619,1
373,1749,431,2
14,193,1386,1
33,1445,1554,3
788,446,344,1
905,197,97,1
950,1784,978,3
1071,1627,535,3
922,561,1417,2
1196,435,890,1
212,1463,504,1
989,1671,868,3
450,1323,971,3
206,1495,1695,3
1298,1398,1507,2
1754,886,423,2
651,532,1840,2
653,1151,484,2
563,516,451,3
755,1121,158,2
1428,863,948,2
771,618,1568,1
1446,1522,1491,1
711,1508,1556,2
1577,569,797,1
78,813,1322,2
115,546,1594,1
1386,1177,414,3
240,74,598,1
441,129,1126,3
218,1055,1100,1
436,1242,1563,3
565,1852,972,3
1157,1845,931,2
1794,164,1715,3
138,1396,178,2
549,1134,1648,2
1007,1279,265,3
434,464,1129,3
1141,1702,728,3
660,470,1463,2
712,1201,63,1
1214,1680,995,3
1017,803,809,2
1568,455,184,2
1410,1524,847,3
1392,1145,827,1
825,490,815,1
1255,1611,444,2
991,99,997,1
1388,1561,1369,2
1312,88,787,2
350,1434,1422,1
795,437,46,2
791,1131,1251,2
1358,352,1242,1
763,665,1484,3
730,1760,355,2
1428,250,870,3
1122,1158,438,2
955,1474,451,2
553,424,1483,1
563,1397,773,2
900,1584,1461,1
409,1327,308,2
658,1112,794,2
1097,1096,904,2
853,501,1794,3
758,1589,1163,3
1487,90,22,1
445,1546,222,2
522,1349,967,1
825,1003,1204,3
1513,923,1336,2
1207,339,764,2
324,116,1606,3
1696,897,1318,2
1603,1407,126,1
1042,1047,1385,2
715,356,535,1
1644,1809,1783,1
953,1373,498,3
926,1406,409,3
42,1056,941,1
826,1388,403,1
431,483,1491,2
327,85,1815,3
1555,64,1393,3
261,1603,1672,3
228,245,802,2
1223,227,1097,2
481,359,190,2
1132,1433,188,3
1023,1098,142,2
501,1536,1240,3
324,928,959,1
1720,1218,507,2
423,895,1460,3
106,76,831,2
989,192,430,3
1680,823,1549,1
81,1734,1022,3
991,1600,610,2
1151,148,657,3
573,1723,859,1
18,185,895,2
800,407,451,1
1396,1102,1082,2
1340,218,1338,1
461,1466,1377,1
107,1506,891,1
732,1230,889,1
363,719,803,3
1192,1271,190,3
1236,478,1092,1
569,253,338,1
904,617,453,1
1367,1312,1734,3
1608,545,1157,2
48,1705,460,3
1449,1383,1577,3
1800,1129,1530,3
1591,1189,857,1
49,1329,388,3
1478,397,1608,1
529,1703,1760,2
955,1494,1452,1
1603,1300,1733,3
706,1500,1248,2
566,1142,298,3
1451,418,1514,2
516,959,910,3
435,108,1696,3
1831,1351,83,2
331,731,525,2
18,674,949,3
1359,1683,1256,3
399,1778,1798,3
547,1276,1046,2
867,1479,1043,1
1492,875,1383,1
206,978,1819,2
1737,1400,1484,1
981,532,738,2
71,831,417,3
1818,316,722,2
1567,1265,1065,1
617,903,501,1
1802,604,145,2
714,749,1467,2
1386,1581,817,3
1825,1429,606,3
292,1127,206,3
1367,866,690,3
637,689,744,1
106,421,1673,3
858,1717,2,3
1096,680,522,1
78,1129,532,2
306,32,222,2
390,573,466,2
1589,526,684,3
890,1238,38,1
1086,987,478,1
522,570,1304,2
191,557,873,2
1729,1617,1560,1
734,210,1051,1
54,727,1146,2
861,994,1306,1
944,775,1791,2
998,881,843,1
1710,922,1773,2
480,1321,644,1
210,1392,1648,2
1112,723,1294,1
1348,1346,221,1
1598,613,824,2
993,998,615,3
422,236,661,1
1446,1293,395,2
61,1158,1533,1
696,152,184,3
98,982,1106,3
1005,324,1660,3
1805,992,210,2
246,1825,1012,3
686,241,584,2
1118,1803,649,1
1003,299,198,2
1005,1167,1342,1
530,1649,661,3
177,1682,1582,2
1649,1559,715,1
1766,1097,555,3
1794,1176,907,3
1109,702,1453,2
1152,394,1413,1
936,303,1645,1
680,1610,1475,2
1599,1355,283,3
1478,875,91,3
458,1797,25,3
885,1333,1231,2
1397,192,811,1
81,812,1019,1
1073,1255,148,3
1076,1845,452,2
692,619,796,2
394,530,848,1
1765,1484,649,3
1393,174,1049,2
1274,1225,1722,3
990,1634,1742,3
125,1675,682,1
1086,1511,131,2
898,135,209,2
322,278,199,3
979,787,1696,1
1792,1754,179,2
1073,951,662,3
1512,1468,896,1
721,1237,1128,2
403,1536,1763,3
660,1768,1647,1
898,1287,1187,1
1561,1526,590,2
1399,716,862,1
855,540,376,2
1435,317,527,1
548,22,1031,2
804,990,1228,2
568,274,691,2
1561,1688,264,1
1222,1053,949,3
604,407,882,2
419,688,236,1
602,175,1582,3
267,45,1018,3
849,1353,807,3
815,1470,1628,1
283,1533,195,2
565,1201,235,3
1266,730,1239,2
1448,1243,1723,3
426,549,94,1
1076,1017,1243,3
547,1762,660,1
430,1033,1106,3
435,489,92,2
294,890,852,2
1040,816,799,1
1656,1020,1478,3
844,617,121,2
1549,1563,1704,2
1597,1734,795,1
1007,219,268,3
1541,931,89,3
243,367,1043,1
1491,1321,181,2
1647,591,47,3
1482,1192,1217,2
1459,945,1497,2
886,1630,1823,1
1360,308,1612,2
527,1291,667,2
1555,203,568,3
258,1392,396,2
336,1471,1081,3
519,1490,1181,3
1794,540,587,1
1724,934,883,2
1743,326,221,3
194,842,136,1
1250,901,1851,1
1297,1753,1617,3
1103,1255,748,3
9,833,1222,3
1581,1731,689,3
692,558,1028,2
1219,414,504,1
100,893,1284,3
102,833,1555,3
1157,880,1227,3
873,1240,1501,2
671,1236,221,3
1581,994,1174,3
761,679,860,2
1823,403,816,1
119,1075,609,2
532,1590,572,2
1741,1106,1597,3
1060,1124,195,1
1161,331,1011,1
53,839,890,2
1755,258,350,2
628,546,507,2
1038,1796,791,3
887,1452,1361,2
171,1430,300,3
1584,962,685,3
1684,1853,68,1
1105,300,689,2
739,1185,200,3
945,85,224,1
281,915,1098,1
77,1004,329,1
1402,1513,178,2
808,1245,319,1
1248,1328,618,1
859,1283,892,2
1825,1269,737,3
1013,1260,1715,1
1525,708,1573,2
1278,1004,1537,3
1053,1847,659,1
1185,1828,1023,1
543,1412,1054,1
37,949,1073,3
1090,117,1189,3
1250,932,745,2
509,1719,73,2
1853,911,1743,2
1572,1037,1700,2
648,1323,1742,1
650,1482,1217,1
594,42,399,3
889,1819,1730,2
1622,1171,816,1
815,1067,1422,1
1347,1256,678,2
1485,924,1816,1
694,731,354,2
551,1296,1482,1
1255,395,1328,1
565,98,184,1
962,912,260,3
1318,1726,478,1
335,559,433,1
824,1272,1666,3
356,715,868,1
1420,697,833,3
692,582,1722,2
1333,972,648,1
454,626,218,1
1547,1119,1054,3
1133,1246,1648,1
601,309,206,1
164,1637,39,1
1532,1505,1399,2
1377,767,419,2
1511,99,1439,2
1219,1324,1059,3
325,506,720,1
1586,231,479,3
256,1176,513,3
1548,94,1789,2
658,1657,463,2
1688,1478,1229,1
1789,1689,16,3
1617,151,1342,3
27,114,1327,2
1632,1748,585,2
1634,1617,843,1
781,1328,1027,3
1359,1566,929,3
399,1387,1042,2
601,1146,1028,3
1074,1666,690,2
145,1433,1064,2
1085,431,49,1
600,552,1495,2
1061,402,548,1
1713,795,1421,3
313,471,672,1
1328,156,817,1
1023,549,1708,2
974,274,1749,1
1125,797,361,1
202,478,341,1
153,1109,565,1
1731,143,933,3
304,941,1380,3
1178,560,1436,2
806,1573,1738,1
1577,237,727,3
1371,1741,694,3
1772,1720,1175,3
164,590,1624,3
1040,1566,952,3
474,1292,388,3
847,1067,1087,2
968,1836,444,3
687,1676,737,2
1086,186,1075,3
1590,1642,521,1
865,1351,406,3
1448,347,950,2
1814,1218,337,1
646,1640,1039,2
1231,1386,1520,2
340,446,134,1
61,1396,103,3
466,489,159,3
1296,262,577,2
264,1432,607,3
976,1073,829,2
9,1408,82,1
1381,1833,792,1
446,937,985,1
409,483,760,1
1112,694,278,2
181,1178,1514,1
598,1696,1529,3
1737,233,1765,3
1466,1676,1573,3
1612,1033,133,3
393,510,1667,3
1698,919,1507,2
1069,333,803,2
732,1232,1832,1
720,1704,1249,3
1478,709,354,1
769,543,1428,1
1302,1112,1731,2
1047,1271,1588,1
1256,214,1080,3
1481,1038,604,3
1040,1574,924,1
1283,28,614,1
994,240,257,1
515,1208,1381,2
409,489,771,1
1116,1777,1184,3
1270,1842,335,3
1024,175,823,2
1386,1707,1298,2
257,369,1267,3
499,106,1260,2
1,1648,1465,1
412,1304,1111,3
1209,1427,1747,2
314,107,884,3
1594,123,1225,2
1275,1110,387,2
478,1637,1754,1
502,9,475,1
1683,1080,902,1
143,1002,454,1
849,1736,168,3
575,491,193,2
1249,810,147,2
546,1756,1728,1
240,1282,1643,2
1596,1015,1143,3
27,536,934,2
435,880,247,1
643,523,1196,3
779,129,37,3
440,1458,1142,1
383,241,477,3
1715,1082,1678,2
1078,896,232,1
756,303,1482,2
757,973,683,1
1509,536,14,3
918,1075,1094,1
1345,1821,627,3
487,1011,639,1
1367,1418,194,2
60,1553,852,2
623,706,285,3
857,275,1655,1
1626,1575,1668,3
1379,1395,77,1
1830,831,4,3
346,1435,556,1
380,499,1104,2
527,602,207,3
1682,1366,1729,2
704,425,1356,3
1451,1656,1273,3
1623,5,1171,3
1496,870,986,1
366,1822,864,1
1793,35,1363,3
1808,489,242,3
1501,1531,16,1
481,1625,1492,1
423,588,939,3
1464,1182,1417,2
160,333,1386,2
1390,465,1465,2
106,785,1442,1
1394,110,1638,1
1038,609,1810,3
1496,525,129,2
1657,12,1353,2
392,902,846,1
759,1448,1014,3
36,77,1543,2
1215,1742,340,1
551,949,1685,2
584,535,1224,1
1024,268,163,1
1080,519,250,1
1735,428,1686,1
933,1292,1326,3
1782,1748,1404,1
1624,1410,1614,1
371,826,651,2
982,457,445,3
1792,138,107,1
416,664,571,1
513,298,302,2
437,1200,552,2
1607,1420,442,2
635,239,438,1
755,709,47,2
558,818,1589,1
341,400,1184,2
1838,649,732,3
209,713,848,3
1172,246,1461,3
127,1027,813,3
364,608,198,1
666,215,1495,2
532,568,1047,1
1107,724,95,1
1490,643,1751,2
381,614,210,2
425,884,723,3
508,984,539,3
209,893,1324,3
985,55,210,1
1797,173,605,2
1757,1523,1491,3
1259,1799,119,3
276,10,955,1
1274,160,469,2
459,636,39,3
296,437,1744,2
1828,1285,1167,2
1776,252,1285,3
297,149,113,3
1350,358,214,2
984,988,587,3
938,293,343,1
835,69,25,2
904,68,322,1
48,1715,350,3
768,988,521,2
164,863,1557,1
551,578,958,3
919,189,1214,3
435,89,690,1
1359,1264,668,3
3,814,923,3
908,1329,99,1
619,355,1057,3
1125,1499,289,3
1568,1306,913,2
1165,854,926,1
236,1842,696,1
901,189,1181,3
1543,1537,26,3
531,620,388,2
1010,43,1508,3
1421,139,69,2
497,643,1836,2
819,452,250,2
1318,602,278,1
755,1385,34,2
1642,408,419,3
1535,1434,755,1
429,500,413,3
289,20,837,2
1782,1036,966,2
968,1061,438,3
380,1213,61,2
1028,1175,1411,2
1079,718,1798,3
693,60,1455,3
1401,503,653,3
884,1546,434,1
1179,1848,1361,2
314,10,167,3
326,837,77,2
369,918,1371,2
576,1258,291,3
1078,1849,1396,3
437,686,1853,1
1748,1679,704,1
1786,669,93,1
766,1349,662,2
1419,1144,1286,3
313,1770,474,3
1635,1331,237,1
66,1504,1485,3
228,599,1580,2
1836,482,1245,1
1498,1383,1208,2
27,672,574,1
52,298,1006,3
1612,29,255,2
954,1440,1793,2
692,370,39,3
1695,278,991,1
664,436,1037,2
717,875,349,3
1465,512,733,1
1614,1806,1182,1
1248,804,1683,1
590,200,768,3
83,159,997,2
318,1683,1612,3
96,20,1738,1
1310,1362,922,2
283,845,819,1
680,1436,62,1
571,92,1163,2
1191,494,135,3
1745,43,455,1
1558,1482,1787,3
1606,624,741,3
65,1292,607,2
1555,1645,301,2
1693,1330,1726,1
1002,1372,484,1
1549,1410,1070,2
409,1568,1381,2
946,360,1242,1
1060,1126,1401,1
418,1048,241,1
393,1555,1162,2
500,1655,558,1
815,326,1427,1
1197,1708,127,2
636,9,1654,3
300,1477,789,1
994,1627,676,1
56,1139,1119,3
814,350,473,3
549,931,1087,3
1046,564,989,2
1647,660,587,1
1590,50,1778,3
1735,1446,412,1
683,618,491,1
1502,1081,1736,2
1777,752,553,3
1186,1563,1028,2
885,267,579,2
419,1005,984,2
983,1629,1466,3
530,15,1000,2
857,780,459,1
1033,353,183,3
1771,657,1704,1
192,1473,1775,2
133,1720,518,1
824,889,843,2
1383,30,674,1
1222,459,1548,3
84,1699,629,2
1393,1204,644,2
912,346,1571,2
1168,242,1411,1
791,671,1599,3
515,361,1055,1
653,46,292,1
611,81,1288,1
1284,71,243,3
1816,620,962,2
1151,1065,806,3
1017,611,569,1
549,883,878,3
974,92,493,1
475,1584,571,2
1308,392,542,2
297,1254,20,2
1813,998,1711,1
1560,509,1156,1
1233,1768,125,2
282,1055,953,2
1263,1742,61,1
1305,1651,694,1
203,172,1328,2
965,1134,402,1
1472,1347,1399,1
968,52,1345,2
1240,250,796,1
918,1499,1465,3
1657,1102,1181,3
818,32,1030,1
753,919,511,1
728,1468,196,3
486,1058,947,1
1767,1342,1841,3
1089,815,1799,1
834,1358,1167,2
1101,962,1211,3
468,1338,1774,1
350,833,1351,2
148,512,258,1
1561,1708,1541,2
1228,350,3,3
1835,1554,158,2
649,1548,1004,3
1367,332,1806,1
1619,1151,482,2
888,611,897,3
1157,1779,34,3
1837,670,1221,2
1456,220,574,3
401,616,815,2
469,1598,1075,3
1607,97,303,3
1821,661,1201,3
1825,1635,1547,3
691,1551,1330,3
978,786,771,2
697,304,1031,1
32,965,1800,2
575,1402,1729,1
1467,955,1557,3
122,1039,152,1
297,331,909,2
457,1560,1156,2
1511,1302,1154,1
428,708,777,1
344,1827,704,1
858,1614,121,2
991,1120,1704,3
1755,261,777,2
723,1261,409,2
96,859,1006,3
1589,1439,855,2
1375,93,349,3
663,92,1354,3
47,698,1677,2
1071,917,1106,2
508,837,669,2
1071,820,65,2
380,631,695,3
1588,336,345,3
904,1010,1006,1
555,212,1848,1
1537,720,1043,1
261,602,507,2
1698,246,827,1
240,813,1434,3
709,536,598,3
926,1579,1727,2
735,1260,1158,3
847,1605,673,2
610,931,1055,3
1067,1288,681,1
1025,222,1586,3
103,1107,1658,2
1038,1031,383,1
1806,502,26,2
694,124,286,1
1729,619,804,1
673,454,557,2
1809,1121,487,3
1459,214,971,3
1851,719,1257,3
1620,1756,1258,3
422,887,36,1
816,215,1529,3
1509,139,518,3
1098,715,807,1
1268,1158,663,1
494,316,354,2
557,610,1349,3
488,1545,1438,3
51,249,198,3
914,92,916,3
1043,908,1125,2
1121,1707,1155,1
266,686,685,3
69,102,1752,1
1212,1727,1188,3
789,982,1819,1
1368,458,801,2
998,321,1613,3
1146,280,789,1
1055,1200,1319,1
297,1824,698,2
1804,29,1824,2
1808,1346,937,3
1677,105,673,2
987,691,81,1
1383,188,765,3
770,1004,422,2
73,1458,648,3
102,522,214,3
1290,246,225,2
485,170,271,2
698,558,267,2
190,1299,969,1
1525,1028,174,2
322,1424,434,1
990,1649,424,2
1150,768,546,3
164,625,451,1
152,1116,661,1
1262,808,507,3
214,1532,582,3
759,868,433,3
853,1212,839,1
346,875,1445,2
1047,1090,595,1
414,881,904,3
52,654,447,2
841,1549,441,2
1718,1004,290,3
823,547,336,1
963,230,1823,1
585,762,1343,1
656,732,648,3
1387,391,1315,1
706,593,838,1
230,936,31,2
316,1423,582,2
1340,673,230,3
1696,734,884,1
697,542,1523,1
1308,188,557,2
1536,427,401,1
153,1203,576,2
246,423,1611,1
46,1446,1197,3
645,486,312,2
1204,1527,407,3
737,1684,1831,3
870,610,1427,2
139,458,1,3
1299,1342,436,3
127,461,525,1
1070,1661,110,2
215,1786,172,3
479,1468,1626,3
1235,755,1110,1
1272,1261,269,1
622,1525,990,1
976,860,776,1
744,916,1789,1
1356,287,354,2
92,1445,1485,3
1054,1218,1190,2
978,952,1572,3
1760,38,272,3
91,1483,1062,3
1082,1728,302,3
101,1597,643,2
752,413,1035,1
1168,1497,423,1
357,626,1813,1
13,224,391,3
559,1570,1073,3
660,53,873,2
1802,1199,1676,1
1501,1619,57,3
1220,781,442,1
1503,973,539,2
1229,1160,553,2
1054,1512,506,3
58,470,1616,2
668,1739,1595,1
1134,1468,1694,1
1755,1161,1424,3
1021,85,624,2
1282,308,804,1
1149,1204,1568,2
1219,1701,1194,1
730,1515,1504,3
1011,1637,630,1
600,1662,1149,2
1741,22,1816,3
1321,1621,1467,3
192,1213,1694,1
1404,1208,12,3
1716,1631,1093,3
902,770,1221,2
1610,734,430,2
1391,1134,381,2
420,267,1393,1
1784,1664,1052,3
1024,1396,1520,3
1422,1671,1087,3
930,497,1621,3
1382,1649,871,1
925,505,1092,1
622,331,149,1
1164,1524,1008,1
1096,117,153,3
139,1832,1442,1
1016,528,608,1
1408,1692,354,3
1079,1447,1467,1
290,534,1036,3
1145,163,1685,2
117,584,1737,2
1003,1796,1458,3
1044,645,1096,3
1269,1768,1236,3
1490,187,1218,3
642,107,744,1
402,997,966,1
1781,1788,540,3
1316,826,1596,1
51,389,1435,1
520,312,914,1
152,880,310,2
1285,1675,875,2
850,113,737,1
1552,1289,1691,1
1561,1404,933,2
176,381,939,3
1375,982,336,3
340,1303,2,2
1478,1669,1269,3
1806,1710,1115,3
639,824,974,1
1744,887,884,1
1496,1555,287,2
20,408,982,1
987,1354,626,1
1543,1848,230,3
924,611,742,1
827,1117,983,3
1200,322,1785,1
332,1333,1780,1
747,38,1601,3
533,745,1428,1
861,1707,197,1
1338,213,1022,3
1389,708,284,2
114,926,1636,2
595,1657,1714,2
167,448,655,2
637,1274,970,1
1421,1106,530,2
259,1107,1081,1
173,1754,956,3
1139,615,724,2
1297,1259,1333,2
1836,1038,849,3
1546,1386,655,1
273,59,504,3
400,322,479,1
1737,1579,1361,1
1314,996,472,3
66,1020,1595,1
1446,508,1250,3
1113,897,1240,1
793,1310,1427,2
41,1201,1498,2
693,165,1653,2
1403,99,596,2
1562,246,219,2
771,670,71,3
967,1202,1753,3
553,663,1651,3
772,4,533,3
788,1220,1251,2
521,569,1436,2
1112,750,138,3
1310,804,273,2
1489,1691,584,2
1117,1580,197,1
704,568,553,3
1048,14,537,1
369,806,1308,2
1687,686,592,1
386,1473,251,2
1308,277,1397,3
722,994,739,1
929,1227,1135,3
1417,75,1685,2
1457,1146,571,2
1444,1560,1063,3
588,1738,901,2
870,918,1058,1
716,1139,486,1
1508,1290,603,2
861,312,666,1
1637,451,304,2
1505,1012,530,1
1206,1825,1780,2
876,975,1638,2
28,1685,562,3
987,131,250,3
685,1821,1134,2
669,76,1531,2
1679,788,479,2
36,431,169,2
284,272,1825,1
9,391,388,1
1545,1726,1295,2
231,1650,102,3
401,1276,1814,3
1294,266,935,1
168,763,1322,2
1808,461,85,2
1421,706,1420,1
1687,1818,416,2
1203,1140,435,3
820,1239,532,2
645,1358,916,2
75,892,852,1
1043,1087,304,1
1300,1762,1056,3
1043,1469,1398,2
75,1359,369,2
1281,566,1365,2
53,1764,1774,3
791,1240,554,3
1539,822,1669,3
1489,1017,1391,1
1212,662,68,1
1178,1067,974,1
594,1711,69,1
1700,862,940,2
1632,937,1548,2
51,1373,1397,1
1722,1626,589,2
1153,873,1374,2
614,708,545,2
756,1618,801,1
535,1303,310,3
1612,127,1024,3
1764,1619,1595,2
1224,1268,1371,1
1102,1400,1838,3
217,1715,1163,2
1772,1319,1523,2
1430,1610,1440,1
995,611,1384,1
1269,1221,702,2
1671,131,607,3
1355,423,129,3
408,1332,336,3
1588,934,35,1
1306,1369,599,1
320,1172,1504,3
682,1575,153,2
1435,767,1199,2
1382,907,381,3
177,1245,966,2
611,1628,175,3
1560,1551,1116,1
1117,1153,419,1
1428,1287,985,1
1570,1590,1491,2
591,1481,1096,3
866,1549,1285,2
957,555,96,1
1478,910,1797,1
739,409,1488,1
1307,1776,432,1
845,90,746,3
574,1668,936,3
1737,492,412,3
1754,581,860,1
586,1597,1090,2
1298,942,560,3
1310,830,1065,1
1180,1432,742,2
819,772,840,2
74,1044,1634,1
1546,909,1659,2
1225,130,1193,3
1708,56,915,1
1412,596,149,1
1418,862,113,1
501,1348,170,3
1193,533,946,3
296,427,1763,2
498,1639,428,3
629,519,1699,3
689,887,1293,1
1644,793,266,2
1588,725,766,2
1518,477,999,3
193,950,499,3
1410,980,819,1
713,36,1497,1
586,1444,1098,3
110,957,299,1
17,479,1633,1
422,122,468,3
659,1310,187,3
1064,1727,464,3
1410,571,970,1
1014,811,1174,2
242,240,254,1
1556,1200,699,3
250,1736,1301,3
407,996,570,2
448,1640,1298,1
1595,918,1786,1
919,1495,756,1
707,1384,1259,2
862,1572,20,3
314,1485,248,1
1537,41,630,2
680,8,451,3
1,1338,1602,1
239,1237,1737,1
728,1635,72,3
983,695,1467,1
41,134,1379,3
622,1328,1076,2
1237,389,165,1
778,414,1556,3
1014,659,125,3
328,1758,1256,1
1105,678,792,3
325,1681,669,1
1718,249,1717,1
1438,1823,552,2
1687,564,231,1
889,1150,1106,2
403,173,1752,2
1422,195,1549,1
779,1716,599,1
336,1646,1401,2
918,340,1541,2
789,286,927,3
1848,1508,762,1
611,386,513,3
306,608,1374,3
1010,800,600,1
1189,273,27,3
827,83,554,3
942,1654,828,1
198,1650,452,2
388,1170,1442,2
1093,1762,761,2
461,140,1631,1
424,623,1372,3
1355,757,1482,2
689,436,1529,2
1359,1324,1008,1
1497,1026,1525,1
968,774,249,3
243,1585,1707,2
434,1524,1239,1
962,217,1245,2
667,1170,760,2
1393,695,476,2
870,271,1387,1
514,631,771,1
684,1495,443,3
726,793,119,2
1713,1748,667,2
1149,547,1611,1
121,403,215,2
1737,1261,301,1
1751,1711,695,3
1278,1623,9,1
1203,218,1269,2
1016,1314,1204,2
1045,1815,1110,3
145,963,1590,1
248,1443,449,3
880,37,1017,1
1050,1478,559,3
1485,1026,48,2
1268,692,1420,3
989,1380,1238,2
1368,1374,1288,1
1263,291,663,1
689,188,430,1
1705,6,508,2
684,617,11,1
1498,1469,1046,2
1756,574,512,2
407,1437,50,2
1206,314,500,2
1400,1429,1066,3
976,58,1681,1
370,1223,401,3
1251,1170,290,1
1260,358,637,3
539,265,18,1
272,1578,682,2
340,416,114,1
297,1387,1653,2
1495,119,604,2
1571,467,1077,2
290,1590,634,1
1129,473,388,3
234,1576,1533,2
999,989,1610,2
1145,523,441,3
1494,829,1464,2
689,1845,1405,2
455,616,964,1
1831,1536,172,2
46,1406,355,3
1246,122,939,3
359,983,209,1
1831,1603,1322,2
413,1284,495,1
1674,448,47,3
1552,1593,1797,2
1330,1679,55,1
1703,883,1328,1
621,415,1452,1
216,172,1103,2
868,222,1426,1
1203,1217,897,1
149,1374,235,2
158,288,1341,2
1827,1208,1082,3
804,1032,327,3
835,445,1028,1
1381,371,1019,1
242,481,815,3
853,1065,677,1
149,1265,671,1
1385,50,1208,1
923,355,465,2
653,170,1836,1
834,882,1839,3
1145,1746,113,2
979,1084,1296,2
403,332,1682,2
1022,549,509,1
1760,1186,349,1
712,1551,173,1
1095,581,1610,3
1064,306,1071,2
504,383,1288,3
1772,301,1767,1
1034,271,150,2
1122,1232,638,2
410,1393,18,2
1280,484,61,2
236,1504,1100,2
755,1557,1655,2
1197,1426,1055,1
716,1164,514,3
414,650,1281,2
1478,307,711,3
667,1732,1697,1
271,1727,179,3
246,665,1126,1
525,392,227,2
1820,41,803,2
334,265,556,1
1273,1224,123,1
975,657,1825,1
408,599,1425,2
1828,585,1546,2
1496,280,477,3
1095,246,197,1
1370,1068,573,3
450,847,1840,3
333,1437,1688,3
823,834,165,2
579,994,1449,1
1190,1791,704,2
79,1374,557,1
965,134,576,2
75,141,1081,3
1104,1477,647,2
908,394,1594,2
912,1529,281,3
1529,1553,1550,1
1443,1552,179,3
1577,164,394,2
1853,914,1341,2
910,561,230,2
1411,929,120,3
974,167,1236,1
900,1779,119,2
811,1018,1650,3
1624,1500,1298,2
546,1090,81,3
1791,1353,413,2
886,874,1541,1
1335,233,1614,2
389,1815,272,2
1335,661,1611,3
1413,1812,582,3
1428,1366,1796,1
889,592,891,2
1117,82,855,1
897,876,397,2
518,179,667,3
597,493,1753,2
1649,201,401,3
1150,1180,1373,2
578,280,453,1
670,385,502,1
1650,1230,602,3
543,433,1065,2
1575,732,1117,1
1002,1253,707,1
712,714,639,3
1798,311,1689,1
963,947,1378,3
75,469,830,1
74,871,1439,3
257,1797,1698,3
815,605,1013,2
1299,1577,38,3
1382,639,509,2
417,1621,1782,2
1454,1474,1073,1
1571,649,231,3
202,875,1714,1
300,470,396,3
1789,348,97,2
1060,1775,32,3
1673,592,1550,1
1469,1689,1187,1
1270,1806,1215,2
276,1121,791,2
448,581,732,2
1482,10,523,3
334,643,1110,2
85,245,1631,1
1196,1289,935,1
1523,1839,638,1
1064,620,1667,3
501,1449,1228,2
1825,1541,742,3
1384,401,712,1
257,399,562,2
512,1751,446,3
1754,429,1115,1
1404,71,1781,3
1382,482,211,2
468,288,790,1
364,135,1486,3
1572,1644,389,2
458,976,165,3
415,1348,1623,2
1319,780,1241,2
1556,971,279,3
708,1549,567,2
1594,309,583,2
385,1139,1209,3
988,1320,1748,3
883,1773,699,1
1334,379,408,2
315,843,1257,1
1805,1607,679,1
1263,950,534,1
539,1616,1365,1
972,1184,37,2
1706,1722,1575,3
1021,1321,262,1
438,1267,1469,1
343,734,527,3
1593,1765,1773,3
402,1225,567,2
953,1567,1524,3
672,443,1738,1
1774,1273,1048,2
466,117,1218,1
1587,491,1214,2
351,180,1529,2
160,652,590,3
940,223,1600,1
530,1301,492,1
1327,800,1101,1
1042,1723,673,3
1679,341,1493,1
491,729,207,3
20,296,976,2
165,1832,1302,1
276,499,389,2
1423,578,20,3
634,25,1017,1
575,302,1492,1
882,1696,1627,3
1139,317,1088,3
1039,698,712,1
1316,1374,1588,2
1476,1743,499,2
1265,978,1053,3
1241,548,143,2
1488,570,1747,1
666,1004,1669,3
1351,7,375,2
1397,167,877,3
1164,875,1040,3
319,327,1687,2
446,1663,1178,1
1520,402,1378,3
600,1148,1518,2
824,411,1518,3
624,1185,97,3
686,1802,380,2
1483,1500,872,2
199,1603,1524,1
1764,278,1172,1
1033,1129,34,2
991,1656,1012,1
453,1837,1306,2
785,720,933,3
1840,1415,306,3
1660,329,746,1
121,1719,392,3
1433,540,492,2
1793,1719,1540,3
533,899,150,3
1600,813,518,2
348,536,1117,1
1625,994,1302,3
455,1738,899,3
1373,1075,1422,3
1297,779,887,2
1740,1613,1743,2
1299,868,1751,3
65,1069,14,1
1751,639,1001,2
68,1318,1762,3
374,1314,868,1
1382,1770,338,1
517,1767,1782,3
718,225,1418,1
294,299,1180,1
777,1010,1533,3
1852,420,1485,3
584,1655,1117,3
59,1288,1693,1
1495,803,636,2
1069,1681,873,2
205,1738,1297,1
1197,714,824,1
660,1129,363,2
297,1725,482,2
985,766,1146,3
1212,489,1148,1
641,422,1420,1
1526,1820,567,1
1129,855,1271,3
1719,909,110,2
1491,1546,1744,1
561,1114,271,2
764,302,1467,3
1487,133,1185,3
1180,1387,1326,2
878,1583,1412,2
1212,1043,605,1
1614,56,674,3
67,973,1413,1
416,1166,1781,1
1495,227,1271,2
167,1199,1603,2
222,393,933,3
1578,1143,1023,3
598,500,358,2
1488,1732,153,2
1262,72,1639,2
1332,480,1190,2
134,48,1739,3
1217,750,1304,2
1293,1605,1779,2
1709,1781,671,1
230,398,1179,2
777,854,651,3
677,1097,8,3
1453,95,1161,1
389,975,1367,2
1785,659,560,2
1090,505,198,2
628,949,1047,3
357,836,1681,3
85,976,1723,2
1675,631,1701,3
1660,796,35,1
747,1133,664,2
1344,1548,1728,3
1662,1574,764,3
1289,120,612,3
965,1123,1251,3
1691,52,1092,2
460,1651,621,2
841,1421,252,1
1218,980,478,2
863,288,977,3
349,472,1299,2
489,596,1386,1
701,1299,1337,1
1769,473,952,1
613,720,337,2
771,224,1423,3
216,612,1543,2
235,387,434,2
413,1460,1101,2
680,1135,1413,3
440,1716,803,1
1307,1829,283,2
938,380,1033,3
1116,760,207,1
784,1847,1680,3
114,778,1690,3
1170,956,1734,3
674,1058,747,3
212,623,1220,2
1219,1378,587,3
158,668,514,1
888,346,734,2
1822,445,1327,1
74,573,1528,2
595,604,1769,1
167,420,13,3
25,868,431,1
94,143,328,1
1479,1169,1757,2
280,384,899,3
913,168,248,3
1485,87,768,2
1777,1830,1616,3
1497,267,610,2
203,564,1647,3
1341,1410,1089,2
1399,1460,1250,1
248,1282,445,2
981,1610,632,1
653,505,832,2
1352,299,482,2
1364,635,296,3
1162,768,243,3
512,1626,826,3
744,1476,21,1
1463,396,486,2
1247,1465,441,2
619,1804,41,2
828,1010,380,3
995,1828,746,1
1224,228,1305,3
780,1367,388,3
944,586,1189,2
850,441,399,2
1080,1657,1409,2
126,714,99,1
1154,731,296,3
97,357,1029,3
563,161,1522,3
399,532,1523,1
1046,1244,1097,1
340,436,719,3
393,350,1583,3
1678,912,1032,1
1056,352,800,1
1027,1791,1222,2
1414,732,677,3
555,1377,665,1
1323,1452,1563,2
1274,1546,743,3
319,813,684,1
1244,522,1679,3
80,54,850,2
769,1432,796,3
1075,488,574,3
1537,1667,566,2
1416,989,522,1
1366,274,1125,2
1205,1047,1534,1
1056,1129,425,2
588,1429,698,3
1199,1641,845,1
675,192,164,3
1693,1185,1616,2
866,1739,193,1
1779,920,703,1
797,998,1430,1
1267,1352,1757,1
1032,1163,1565,1
666,664,608,3
495,542,711,1
250,1433,1425,1
1067,348,1533,3
1571,1036,1082,2
378,1778,1512,2
1830,1112,571,2
94,1258,827,2
1168,1785,1745,1
1452,1513,496,1
37,1642,1810,2
379,1530,537,3
1225,710,1355,1
765,194,170,3
1286,892,1110,1
1571,1309,1751,1
118,1540,128,1
1297,1562,1258,3
668,650,452,3
572,1221,659,2
1502,343,264,1
1673,834,58,2
1090,47,388,2
602,388,1564,3
1395,417,376,3
1777,1583,1377,1
1730,1559,1103,3
1319,1247,571,2
756,1767,769,1
321,299,595,1
1067,255,188,1
833,561,1722,2
53,1202,379,3
1026,1223,667,3
1486,1749,1777,2
214,1563,524,3
506,577,1699,1
769,1150,251,1
1195,225,1014,2
1325,792,277,2
932,783,895,1
689,1166,1377,2
597,1238,839,3
711,1502,803,3
1576,1804,844,1
677,124,65,1
1535,1556,1354,3
183,1323,366,1
624,628,293,1
1376,1762,459,3
54,986,812,2
94,1854,1801,2
1155,1266,1309,2
1102,648,1291,2
1079,904,1055,3
1251,704,297,2
1342,632,669,2
1049,646,818,1
928,814,1780,1
841,1666,409,1
1196,421,446,3
1556,689,142,1
158,4,696,2
744,877,314,3
241,1787,573,3
1199,213,1395,3
235,184,1285,1
239,417,11,2
1441,135,363,1
887,62,1328,2
184,971,903,2
16,1829,1323,2
1519,1404,178,3
207,1283,459,1
1319,397,1209,2
352,64,1790,2
892,99,349,1
980,312,719,1
794,462,1233,1
190,1585,721,3
1169,1317,840,2
756,759,1325,2
872,1282,1478,3
123,85,40,3
1073,41,1406,3
1076,170,1,3
1249,1285,1703,2
134,1374,641,3
632,914,7,1
612,1384,377,2
633,764,1848,3
746,1802,954,1
246,191,288,2
1295,537,1819,2
866,399,794,1
3,108,1387,1
783,89,1310,3
274,284,1229,3
416,601,950,3
1049,1224,1654,2
1204,347,123,1
889,1783,424,1
1112,1361,1797,2
581,190,1168,3
774,1850,461,3
1719,687,1758,2
726,889,1482,3
1193,824,1124,2
666,1422,786,3
1301,1235,1531,2
1777,266,160,3
179,680,1815,2
1782,25,1272,3
568,1291,1178,3
116,149,1633,1
756,1199,688,1
746,521,769,3
997,1317,509,3
1338,66,274,2
559,572,1145,1
983,1435,1547,3
1462,1200,344,3
1472,50,531,1
1387,1630,1687,2
563,224,1450,3
1523,800,1720,1
652,984,470,1
1831,496,24,1
1550,154,255,2
1513,1089,258,3
1730,1152,1138,3
790,1581,1245,2
356,1199,1151,1
1174,1216,1701,1
1212,476,571,1
1098,1676,1231,1
1460,754,618,1
840,1692,518,1
644,734,1805,2
710,1171,1277,2
1089,228,380,1
832,1076,1530,1
843,1298,526,3
998,1349,1671,2
1671,1751,1023,3
200,1314,1595,2
1649,327,103,1
1496,70,746,2
1816,1450,162,2
27,522,342,1
421,1017,1148,2
1742,198,17,2
1473,113,392,3
1152,737,160,1
742,1399,1781,2
5,901,46,3
1000,1290,1307,1
592,210,1432,3
1323,52,692,3
834,999,182,1
280,392,753,2
722,694,565,3
1147,1350,503,3
479,151,1218,1
699,937,1192,3
45,1331,702,1
704,1740,898,1
1297,558,218,3
19,1287,831,2
71,1517,200,3
1045,1618,456,2
805,644,497,3
765,1728,1703,1
711,1654,394,2
853,939,1505,1
1569,1826,1442,2
1394,598,255,1
1749,861,1393,1
1470,1241,1610,2
1281,1793,1481,1
893,363,1655,3
580,1169,1738,1
1558,535,1031,2
1653,1544,548,3
13,815,511,1
696,957,341,1
1791,713,470,3
34,1340,131,1
1580,846,1387,2
705,594,1782,2
475,1433,774,1
1137,1032,861,3
1342,1831,86,1
1159,140,1105,2
1258,1174,572,3
598,315,1027,3
634,289,134,1
1219,1550,345,3
1075,1424,967,2
1109,174,1595,2
331,23,429,3
161,769,907,1
1150,223,94,2
1034,1695,1780,2
775,1549,899,3
1226,970,721,1
92,1784,604,3
1104,1425,1485,3
454,146,885,3
471,1008,967,3
1707,1159,1484,2
740,1501,1042,3
556,1378,1784,1
700,594,1201,2
408,167,131,1
938,534,1534,3
895,1647,977,3
1738,255,229,1
1072,495,1655,2
623,1755,1170,1
140,1023,525,2
1394,1609,1544,1
1738,1233,929,3
1236,282,577,3
1756,1418,436,1
1366,683,365,2
1598,1352,1201,2
199,509,994,2
951,1528,1410,1
1534,1528,1329,3
608,308,112,3
1258,120,334,2
1582,1539,1195,3
1146,77,1116,1
1226,1419,1352,2
698,814,625,1
1347,1561,881,2
433,1439,33,1
874,704,603,3
840,45,1338,3
496,1261,56,1
163,458,1334,2
574,904,337,2
1516,477,1601,1
1310,1833,438,2
1690,631,1065,3
1196,1719,185,2
298,974,1771,2
1414,376,492,3
1629,976,1487,2
294,452,405,2
1782,401,1487,2
164,1495,1780,2
1709,933,1593,1
960,983,1691,3
892,153,738,3
1731,183,1014,3
150,1410,1394,2
450,1147,1331,3
108,510,1254,2
1759,962,1472,2
230,1517,1794,2
1158,1068,960,3
1342,1036,1496,2
958,1061,814,2
1649,1006,117,3
990,1650,1283,3
966,1592,666,2
476,595,1598,1
1210,1643,1809,3
611,530,617,1
380,831,613,1
1722,1270,1081,3
1813,1110,1546,2
737,602,1695,2
1039,560,25,2
843,1303,539,3
1336,1124,1139,2
1544,1447,178,2
713,1218,260,1
1354,1483,60,1
503,179,1217,1
250,1758,992,3
877,617,1266,3
565,942,1508,1
847,535,828,3
585,520,1142,3
639,34,1071,2
628,229,1223,3
1752,1471,1167,2
720,864,986,3
1158,186,217,1
1823,1654,6,1
226,983,1545,2
1782,1639,381,1
1085,265,475,2
658,771,897,1
629,1818,406,1
1476,979,1587,1
307,864,1401,3
112,1673,922,3
473,1079,664,3
778,905,734,1
1021,577,1840,1
107,547,1280,2
1267,6,699,2
1444,950,671,2
1165,379,1434,3
1387,1238,1700,1
944,1431,1721,1
107,460,789,3
1583,1424,1548,1
690,1133,1391,2
553,1825,551,1
1099,1078,417,1
301,229,8,2
1288,597,1647,2
1389,739,1632,3
1410,1105,115,1
370,1573,1480,2
1463,535,951,2
987,102,239,3
966,659,527,1
464,1109,838,1
1185,1368,1247,3
880,624,313,3
136,65,441,2
1135,885,1442,3
776,559,805,1
1640,300,265,2
204,747,1203,1
1123,1415,569,1
1462,129,791,1
803,994,1212,3
1186,628,621,1
228,1726,1554,1
1674,1185,1500,2
363,1829,647,1
1741,1792,517,1
1289,692,336,3
1361,1277,411,1
1383,110,630,2
246,839,1833,1
114,678,1527,2
1324,308,376,2
1312,1208,531,3
1192,443,620,1
1051,1331,890,3
847,1824,138,2
1682,1508,30,3
1196,526,498,1
1135,1611,566,2
162,1676,112,2
1679,1109,423,1
609,497,1700,1
1260,328,1221,2
1099,1771,528,3
617,1231,1227,3
46,1501,858,3
1176,1547,1699,1
839,571,738,1
538,164,954,3
1560,407,1166,3
974,811,1226,2
126,1071,498,2
1747,552,275,1
930,1789,947,2
1689,1349,1281,3
1150,1243,1323,3
943,159,573,1
216,1288,642,3
1011,1181,1671,2
1142,1227,691,2
1140,1712,1771,2
364,372,1225,3
1590,1248,463,1
211,575,150,3
451,1288,1201,1
635,648,940,1
910,1073,59,2
1708,40,1032,1
1131,238,448,3
1501,1658,1486,1
296,1712,396,2
1582,1692,867,3
104,1266,739,3
1505,1180,838,3
1518,1233,1442,2
1339,1774,342,2
1771,952,575,3
846,148,1622,1
1431,448,1725,2
1774,1229,407,3
1787,1840,871,3
444,1650,1209,3
1273,330,480,3
483,1177,1355,1
261,1516,1773,2
34,372,1768,2
1264,943,1320,3
1648,1498,731,1
1772,462,391,3
1158,1450,1813,1
685,989,798,1
1344,1829,53,3
593,1178,1409,1
1268,1479,1388,1
1297,398,555,3
1660,28,37,2
319,351,1478,3
247,188,1033,1
1640,1337,1074,3
1435,1726,1259,2
1096,934,1079,3
64,176,1456,3
1289,369,1077,1
1639,1146,1261,1
1748,976,251,1
1581,1239,610,2
117,1064,556,2
527,1531,996,3
1248,19,1486,2
184,960,227,2
1034,981,1215,2
126,1054,1664,2
349,214,1599,1
270,539,1534,3
1696,1630,574,1
1194,855,1825,3
1808,1141,1423,1
1799,1273,682,1
17,1469,22,2
1336,337,891,3
517,1292,880,1
537,1823,1207,3
1789,402,665,2
850,295,964,2
351,1520,923,1
1199,43,1436,3
108,1602,953,1
294,1744,1823,1
887,1000,437,3
696,236,248,3
374,879,1370,1
1594,1314,1693,2
469,893,1671,2
1634,1580,1083,2
1727,486,1725,2
306,947,383,3
1789,125,728,1
1190,950,1646,2
1695,134,1700,3
1581,891,1850,3
1007,1346,53,2
889,1698,1846,2
1416,1569,997,2
214,1621,1358,3
1794,402,93,1
849,1287,752,3
1151,1823,1111,3
882,1189,1287,2
244,709,1297,3
477,974,1394,2
988,1270,1451,2
1411,1795,1761,3
1031,1207,374,2
787,593,605,2
1768,1287,662,1
39,148,1812,3
972,1227,293,2
510,1575,1540,1
1362,178,1087,3
765,344,1348,2
1421,1326,1365,3
291,949,594,2
1315,1180,989,1
940,905,1068,3
1457,1019,602,3
1595,1521,11,3
202,1225,242,2
1287,706,787,2
792,993,1478,3
300,1822,587,3
1548,761,41,2
1311,18,145,2
898,1834,1228,2
94,1798,97,3
1616,945,1238,2
1425,94,1476,3
1507,1619,473,1
1037,424,744,1
1135,604,1030,3
1103,1037,778,1
282,636,1644,1
1720,375,1526,2
1529,368,1092,2
1328,1159,25,1
1476,1643,394,1
1273,1414,1335,3
1801,1479,842,1
1587,276,1770,3
1734,17,854,1
1243,18,1610,2
1453,1411,1697,3
1067,463,1661,1
1636,1271,638,3
283,37,1466,1
161,225,54,2
1474,395,932,1
1641,955,214,2
460,345,426,2
718,780,1843,2
1006,81,1490,1
1850,557,216,3
1069,1476,28,2
320,1498,1704,3
1086,566,1342,1
1546,16,1035,3
1417,855,497,1
161,58,654,2
1241,475,393,1
1637,1163,1128,1
316,226,107,2
918,724,345,1
57,114,616,3
1727,1228,213,2
544,933,923,2
168,231,21,2
1700,1368,996,1
1492,606,245,3
1008,1495,1328,1
1251,1608,776,1
1429,1765,1330,2
1579,925,233,3
1366,417,196,3
673,733,1229,1
1843,1521,1232,3
948,826,512,2
1413,680,1252,1
1017,338,350,1
1615,1795,1542,1
805,1196,449,3
1033,160,1525,3
1068,1067,422,1
165,259,1750,2
624,1150,715,1
1408,302,1841,3
1103,1319,679,1
168,1514,1063,1
778,1364,1708,2
1581,1724,1239,2
990,394,936,1
1071,625,247,2
322,130,1143,3
712,1341,1025,1
312,1847,616,2
1026,118,1524,2
230,1478,844,3
1523,1594,1444,3
1692,347,556,3
445,232,847,2
1667,1612,1373,3
1084,330,1726,3
1593,1381,1035,2
902,1594,794,2
888,29,1420,2
298,1468,632,2
1550,649,1776,2
1260,780,329,1
4,1510,1078,2
987,786,1147,1
432,1093,1050,1
1236,466,1205,3
782,121,1593,1
446,306,1828,3
460,381,846,3
950,1154,1066,2
709,1714,1304,3
646,323,1585,2
175,686,1567,1
1040,1143,1417,2
1548,505,1100,3
1134,290,1640,3
139,1750,1616,3
495,1399,1041,2
1549,1062,1349,1
1018,1678,1084,1
131,946,1486,2
949,1161,1584,2
1843,468,1306,1
1407,436,1806,3
611,1406,316,2
1690,320,441,3
1500,1532,473,2
350,1464,964,3
387,1599,1283,2
1063,1665,307,2
675,952,585,1
1340,1301,1424,1
589,1702,812,3
1119,1810,13,1
154,626,627,3
470,544,1456,2
1337,838,1761,2
533,107,1328,1
1472,172,249,1
674,1232,1494,3
1706,1297,922,3
358,1421,396,1
1515,1775,448,2
446,793,1423,1
1725,1615,548,1
588,1394,665,2
172,567,201,3
808,396,634,2
284,912,1094,2
1449,1553,1320,1
439,1815,1578,1
441,125,1626,1
1746,310,1460,1
183,1526,29,1
1815,870,755,2
1246,794,637,3
1338,95,1477,3
970,1179,19,3
1051,1259,274,2
1381,550,685,3
1071,744,720,2
663,1033,1188,2
648,1246,831,1
1025,741,190,1
219,176,1498,3
1529,584,1314,1
686,1118,785,3
1178,285,1367,3
1209,1224,155,2
491,1018,913,2
225,1194,1734,3
733,1809,1677,1
1062,964,129,2
1750,339,427,1
584,687,739,1
953,885,1515,1
966,1281,1069,2
1308,1371,28,1
1139,1261,1640,3
874,86,577,3
1279,567,1424,3
1666,325,747,2
1029,843,746,2
762,1314,1504,2
947,490,474,3
424,1727,410,2
1444,1049,1096,2
1564,634,1785,1
79,1231,300,2
76,1453,1316,1
1592,896,293,1
1725,610,399,2
625,817,1660,1
1071,594,158,1
1247,888,1608,3
1069,961,1173,1
1774,48,212,2
1403,732,1830,3
1839,1827,1828,3
1400,1304,1835,3
1747,620,601,1
506,1849,724,3
487,104,1752,3
274,1783,959,1
1441,1228,1368,2
1732,93,586,2
1157,593,223,2
975,1337,1803,2
647,1435,1316,1
569,1571,1278,2
151,357,1697,1
470,727,1163,2
1262,1794,467,3
56,895,1851,2
1444,1526,736,2
1780,896,918,2
633,1089,378,3
289,1705,508,1
1093,1806,1759,3
1601,377,1242,2
337,1371,489,3
738,518,1244,3
324,1718,1355,1
847,1011,845,3
685,555,1063,3
1079,1125,843,3
1229,377,84,3
340,1498,1084,2
147,883,816,2
657,804,1123,1
1200,19,1314,1
433,1736,1262,3
671,1245,1813,3
495,696,1314,2
1005,1319,1178,1
1368,1479,336,3
1448,1562,1321,3
1751,651,307,2
1404,604,516,1
698,1311,943,1
383,794,323,1
451,377,1816,2
1720,1392,862,3
849,165,1274,3
434,260,1576,1
655,325,1663,2
1135,1245,1196,3
1320,35,380,2
1528,292,20,2
1776,1749,1547,2
1226,507,96,3
91,1342,1618,1
1624,992,1652,2
470,15,1087,3
1696,202,110,1
1505,909,944,1
264,450,135,2
1573,985,1778,1
245,1465,1371,1
1296,1728,993,1
986,408,1479,1
1840,353,1110,1
1096,305,116,3
1124,1478,1065,3
1552,166,1655,1
1229,901,55,1
759,28,1225,1
1747,870,1798,3
1166,371,637,3
521,1541,1262,1
1350,1571,1472,3
1356,337,1806,2
1292,868,888,1
622,1517,1751,3
1249,1787,1732,1
1114,662,519,2
389,150,1474,3
1271,1401,1194,1
594,9,1314,1
1590,1631,1155,2
1273,591,1612,3
875,356,1036,3
1729,586,835,3
429,1287,1146,2
1374,263,769,1
678,180,364,1
458,169,877,2
1366,1433,858,1
315,1735,1702,1
333,997,27,2
1639,1223,1077,2
869,1696,1238,3
109,1396,230,3
1183,308,1129,2
1313,510,1389,2
120,1084,447,3
691,805,1128,2
886,565,308,2
1601,1190,881,2
1545,505,788,2
558,1699,898,3
257,1248,565,2
921,467,895,1
1557,238,761,2
1063,1680,716,2
225,1851,964,3
556,1802,1370,3
857,1154,1180,3
901,1543,762,1
1182,1259,1489,1
1472,259,496,2
1806,1064,3,2
1369,340,872,3
100,85,839,3
1211,1339,510,1
316,1366,1657,2
240,1248,1626,1
944,1178,1286,2
966,741,1368,2
319,1546,590,2
169,1719,1667,1
1652,832,1283,3
1724,1280,1336,2
1407,553,1668,2
1425,496,798,2
1772,1139,985,3
997,1568,1471,3
569,1809,1358,1
166,813,280,2
538,902,796,1
471,1699,645,2
914,549,1198,1
1633,1765,755,3
893,564,407,2
85,1663,360,2
1318,1344,675,3
1465,1566,1839,1
1629,1353,1601,2
711,907,319,2
428,974,44,1
1194,1156,1271,2
646,840,418,3
317,42,438,2
767,1124,1189,1
230,42,842,2
872,1794,283,1
1671,517,636,2
1363,880,731,1
1082,38,1633,2
121,911,1141,2
1816,1264,1463,3
876,498,1519,1
1069,839,681,2
1363,999,1745,3
1007,1831,633,3
1282,1294,1316,2
1513,365,1121,2
950,858,729,2
140,420,220,2
1263,238,60,1
1184,318,383,3
176,424,981,2
414,1295,57,3
205,316,1077,2
572,450,334,2
1441,1528,669,1
734,105,48,3
1755,536,160,1
1534,949,1648,1
677,890,848,3
1266,1455,1205,1
1082,1726,468,2
1729,714,120,2
1750,594,13,3
1628,713,18,1
769,725,201,2
194,380,72,2
836,44,807,2
155,1782,401,2
1408,773,655,3
624,1435,643,1
171,388,1121,1
1710,1124,1358,1
432,140,1259,3
926,1023,709,2
915,941,1325,1
1122,231,1236,2
461,686,1048,3
1131,1297,800,1
1488,892,1245,1
744,335,600,3
521,785,1703,3
797,1058,467,3
910,882,336,3
920,1,950,2
398,209,217,3
1527,179,235,3
19,558,486,3
1405,777,239,3
310,823,177,2
228,644,928,1
700,1038,1030,1
1002,1289,1095,1
153,1086,826,1
163,1485,1232,2
638,47,1232,2
632,999,1441,3
968,282,1548,1
1271,682,1527,2
1257,960,791,1
222,1317,770,1
1589,1775,1248,1
1636,1746,513,2
1441,465,824,2
683,987,874,3
667,703,403,3
648,1055,1211,1
1087,1468,1669,3
1633,903,1550,3
720,117,940,2
840,1500,272,3
765,636,253,3
1727,1151,823,1
1653,426,175,1
1,1699,1192,1
1618,835,871,2
533,362,1703,1
1066,544,604,3
964,669,408,3
900,1624,1790,3
1320,599,1304,3
1680,821,519,3
1702,756,1384,3
293,902,961,3
804,183,869,2
1048,847,1185,1
1837,523,1424,3
5,1286,1062,3
1761,1061,992,1
1182,224,1292,3
693,154,330,2
1853,555,387,1
116,751,1291,1
157,1306,1103,1
739,1803,1148,2
1386,815,70,2
1635,1191,837,3
1680,1542,1580,1
1140,936,1800,2
750,1129,530,2
1061,1254,1194,3
155,1853,1600,2
624,1566,450,1
111,1145,1048,1
1388,733,934,3
1560,593,1803,1
1834,1786,678,2
1698,322,1820,1
1138,697,1473,1
1166,688,1452,3
1702,477,977,1
1147,1567,353,3
1623,1393,1535,1
621,1586,300,3
821,1117,699,2
137,422,1728,1
1773,1387,1772,1
85,99,948,3
996,1641,1547,3
679,291,1522,3
1382,1477,1853,2
1750,1195,1218,2
1663,1831,1287,1
1250,917,718,2
1188,1735,8,2
1582,1548,44,1
1381,802,237,3
624,401,1401,1
1371,1676,522,1
171,1328,1213,3
506,54,1233,3
1571,113,260,3
1498,1189,180,2
1007,993,1254,1
897,1368,1083,3
306,1833,1241,1
1108,1830,1575,1
1739,373,477,1
87,767,487,3
35,1217,781,1
868,823,1640,1
1060,1044,872,2
1024,955,1825,1
1043,788,313,2
606,222,668,3
624,574,718,3
1002,184,176,1
1621,246,1353,1
78,391,539,3
21,1115,927,2
1068,470,237,3
1254,823,1632,3
671,1640,323,1
2,302,1492,3
458,618,1662,1
1487,905,1605,3
1288,145,1129,3
1716,315,487,1
1330,1643,537,2
99,1571,1622,2
79,1732,171,1
1124,379,1442,3
590,996,1384,3
1562,150,956,1
1647,1451,662,2
1794,1652,30,2
469,22,500,3
284,1787,1549,2
25,1788,1059,3
1718,1797,970,2
1157,104,1172,1
333,616,585,3
434,359,1507,2
1820,499,1193,1
44,1772,359,3
1413,1078,671,1
888,1213,635,2
1330,1634,1023,1
223,486,1510,3
1370,691,297,1
920,1819,374,3
21,217,1428,1
575,1404,355,2
928,1185,1544,3
1455,1750,1051,3
63,1697,872,3
1363,192,685,2
5,708,312,3
816,63,245,3
233,1394,1496,3
1355,1194,718,3
176,13,534,3
319,401,482,1
617,722,1018,1
1562,1203,1637,3
613,520,963,2
341,1006,371,1
177,74,297,3
76,1466,1530,2
1133,590,263,3
1561,1136,1487,2
1041,1056,6,1
287,1545,1446,1
580,1489,948,2
260,1733,687,2
604,1387,461,1
1205,463,460,3
326,1319,1584,1
1567,236,394,2
410,611,1027,3
1192,531,566,2
1179,1223,1833,3
1665,773,1553,3
315,1409,1069,2
510,1635,119,2
1631,1250,1496,1
228,896,741,3
1745,52,637,1
383,749,1644,3
760,197,1710,3
182,582,44,1
1763,1414,233,2
1448,988,1517,2
461,224,1799,1
456,1792,792,3
77,1828,1112,3
117,530,271,3
1644,317,841,1
1071,1407,746,1
1154,796,191,2
948,1524,1263,1
2,573,1506,1
1424,491,1269,2
1769,287,1163,3
1107,323,1573,1
1199,1850,255,1
1255,444,149,1
1436,1273,777,3
1415,1354,584,3
354,717,558,1
1386,1218,565,3
571,702,1553,1
1585,1319,1233,1
244,343,723,3
1046,13,113,1
78,1025,1111,3
544,169,397,2
91,932,353,2
1399,1438,1548,3
1463,1532,1628,2
512,332,503,3
160,412,115,1
614,1159,894,3
1644,595,1062,1
165,1260,7,2
719,301,1712,1
235,104,179,2
1762,1503,936,3
1456,747,1311,2
1536,86,1142,2
61,1,173,1
757,1320,1629,1
329,770,462,3
998,275,1822,2
639,448,389,1
1630,1338,888,1
1632,1156,1573,1
872,1804,1473,2
1310,3,708,3
1037,102,1333,3
1176,195,1032,1
1628,1525,968,2
417,1564,5,1
781,1626,1850,3
1645,9,89,1
797,794,667,2
366,1518,219,3
1405,680,882,1
170,1119,287,1
1617,1478,1440,2
621,1390,1121,2
880,983,1745,3
1014,477,1553,2
1744,714,85,2
1074,1247,206,2
1361,280,1435,3
516,695,107,1
137,1312,595,1
885,1746,697,1
830,233,1164,2
1470,606,399,2
786,433,333,3
347,97,160,2
1425,281,337,1
407,810,7,1
1153,990,1532,3
156,1662,1584,1
48,1493,521,3
1779,1671,1793,1
679,945,489,1
1795,1848,1069,3
367,995,645,2
1003,1690,1564,1
1830,358,1366,3
740,212,897,3
718,1019,981,2
1402,1604,856,2
451,1793,877,3
46,820,914,1
1415,266,739,1
317,1052,1438,3
1691,458,78,3
1699,227,777,3
841,1227,1217,1
217,947,1075,3
112,1702,493,1
327,580,1641,1
554,1260,98,2
245,1039,379,1
1737,700,1392,1
441,1055,754,1
1779,397,1753,1
195,132,999,1
429,1274,265,1
1132,1266,888,3
1249,923,1342,3
169,40,793,2
513,1136,929,2
1154,1786,1733,2
222,418,1718,3
959,1067,913,2
574,161,35,2
1002,1364,1034,3
1437,1270,1850,2
382,1047,1123,3
736,1217,497,3
209,133,551,1
1057,1767,7,1
1368,1092,1585,1
1024,300,695,3
1084,473,470,2
1374,1284,18,2
1182,1756,1138,3
498,1795,845,3
1782,696,1340,3
1432,1455,534,1
165,1629,1847,1
661,1074,1001,3
518,356,1421,2
224,1056,1006,3
643,1657,985,2
151,1613,871,3
505,1444,1777,1
659,426,1652,1
1741,1783,88,3
1329,915,1486,2
1318,83,295,1
1437,1761,1786,3
1836,1597,181,1
694,715,965,2
932,513,773,1
1176,1668,1707,1
272,1811,1279,1
1052,862,1029,3
1325,1171,1597,2
1684,31,661,2
1377,412,249,1
1388,765,1554,3
259,1140,1750,3
129,817,1291,1
158,1105,976,2
1183,164,982,3
800,1659,964,1
1213,1403,233,3
916,1496,1120,1
1211,1751,23,3
31,1022,1653,2
1732,1316,1024,2
803,917,1073,2
301,34,1689,3
1318,304,1316,1
354,1816,914,2
925,1216,777,1
1050,803,748,2
960,1470,957,3
1762,1104,1528,2
358,504,203,3
259,574,1624,3
1042,1400,1769,2
1424,1709,258,1
821,1267,740,2
1739,1350,1352,1
516,1276,258,2
1238,597,903,3
1747,1387,1698,2
198,1055,173,2
1622,43,1736,3
1382,551,1467,3
1356,897,896,2
1595,990,354,2
326,1,1302,3
631,1729,394,1
1258,1446,920,1
622,1811,340,1
1326,473,1706,2
1642,127,1505,1
173,483,1341,2
1578,854,799,3
1321,204,1135,2
369,393,200,3
1442,150,1606,1
568,1663,391,2
1357,1419,157,1
1159,850,1743,3
404,18,1071,3
705,1419,1278,3
384,700,1775,1
1822,940,1149,2
1457,106,1459,2
1581,1164,262,2
692,190,708,1
1746,42,1252,1
1147,1132,1277,3
14,1065,1663,1
1259,278,290,1
753,1648,1677,1
1548,504,529,2
510,563,1784,3
1127,980,466,3
545,571,143,1
1654,1170,976,1
1810,1263,960,2
1585,906,200,3
914,209,738,2
583,82,641,3
338,652,1223,1
150,1814,1086,3
650,467,859,2
695,492,1166,1
272,1596,1480,3
932,896,1228,1
1105,830,425,2
1146,433,1113,1
211,1216,432,1
412,660,950,2
706,1180,817,2
1256,210,940,3
821,1740,1065,2
940,926,1178,3
1172,452,852,3
1136,320,1350,2
534,1475,1258,2
1282,1545,402,1
1320,1706,702,2
268,904,1071,1
786,982,57,2
31,1194,119,1
1838,1446,1456,3
658,1492,742,2
1150,137,363,1
1342,818,1192,2
945,674,1696,1
1276,364,1192,1
829,105,407,3
380,1597,388,3
225,819,446,2
16,180,1314,1
296,1787,631,2
580,627,414,3
1842,137,382,2
120,211,376,3
488,998,486,1
10,1771,1395,1
1104,1332,1497,3
1768,1386,1228,2
422,1247,1809,3
1795,516,266,3
1209,1716,1546,1
13,867,1478,2
454,1420,1210,1
47,1001,655,1
1827,613,1580,3
1379,822,634,2
1340,269,713,3
886,576,1298,1
1508,1699,622,3
1630,414,839,1
24,1061,793,1
577,1503,641,3
464,1815,526,3
1052,851,637,3
496,1191,370,2
1349,1305,83,2
1109,1051,1140,3
850,246,1135,2
904,336,167,2
322,115,385,3
335,1013,177,1
146,983,864,2
1038,783,559,3
185,729,434,1
654,596,1018,3
1328,593,648,3
691,481,1084,2
1132,1211,1761,1
658,1426,1281,1
1766,288,450,1
1771,571,1199,1
1444,1719,1615,3
1658,765,580,2
155,1279,1068,1
327,113,828,1
267,1566,1675,3
1847,391,1814,1
1472,1561,1577,2
74,1288,687,1
1064,1053,300,3
538,198,122,1
982,1582,433,2
1341,999,642,3
1362,507,1034,3
1830,1308,650,2
711,468,1637,1
854,133,1639,3
293,618,1336,2
1027,575,14,3
409,1435,476,2
867,1097,1717,3
116,897,1643,1
1675,4,1376,2
308,1518,362,3
623,1389,1181,2
1632,738,1151,2
589,1497,1307,1
1219,399,556,2
882,1267,173,1
1486,1409,576,1
1639,365,3,2
33,1289,12,2
632,376,213,3
1399,621,188,1
1506,1853,902,2
1277,1438,268,1
947,1218,959,3
1638,497,1288,2
1639,1689,1587,3
950,35,1684,2
972,1826,319,3
891,1464,158,3
78,554,522,3
892,1600,246,3
245,1100,409,3
818,1398,80,2
572,971,1799,1
1729,1804,434,2
1544,454,660,1
1194,290,75,2
549,1023,389,2
1814,1386,520,3
846,829,1697,3
510,802,1723,2
314,1138,906,2
221,1392,201,1
841,762,774,1
270,41,1036,1
1673,606,791,2
752,1616,366,1
299,838,356,3
315,527,82,2
1211,1354,1640,3
1441,264,212,3
1306,787,929,1
45,91,1457,1
1741,479,1028,3
1457,630,390,2
257,722,174,1
1483,1418,1697,2
1302,220,1234,1
342,79,7,1
1737,941,258,1
404,1504,1473,2
237,1552,198,1
1430,1319,141,1
514,178,1567,1
1120,1112,838,3
454,877,618,2
1506,247,870,1
849,1696,1641,3
472,1326,951,1
485,1663,1803,1
106,1067,679,3
253,1094,1508,2
65,1684,176,3
1141,309,613,1
573,608,1631,2
979,625,12,3
1588,449,544,1
82,1590,9,2
643,1688,481,2
804,1671,54,3
971,1346,1359,2
1796,1035,1023,2
909,1807,443,3
1497,719,1561,2
1506,52,452,3
213,1389,41,2
979,1408,1221,2
218,1434,274,1
333,1375,1790,2
199,953,209,3
1530,1725,120,2
1575,70,796,3
997,896,1214,2
902,428,525,2
1614,690,788,1
827,692,1733,2
769,192,1223,1
706,1650,1158,1
544,364,493,1
828,176,860,1
394,1454,370,1
887,384,415,3
1615,695,1614,3
938,855,323,2
1424,938,419,2
585,306,1607,2
1615,922,630,1
153,1824,102,1
1164,505,1247,3
528,1275,304,3
1483,1398,600,3
695,763,742,1
1604,1517,319,1
1458,1709,1481,1
1762,1790,978,1
601,823,443,1
418,716,1552,2
77,980,379,1
569,457,33,3
301,409,1390,2
1635,708,1668,1
1668,629,1335,1
1334,959,578,3
18,653,541,1
528,1171,919,1
67,712,1199,3
711,649,2,2
1403,1572,1040,3
1185,1187,1655,3
853,591,132,2
940,223,1596,2
722,21,1151,3
726,1616,1164,3
1250,321,814,2
1636,1736,1638,2
48,421,1239,3
1104,267,1580,2
1578,1326,569,3
1639,852,1259,3
270,121,1601,3
1659,819,68,2
23,880,1133,1
400,1514,229,2
1590,619,1265,2
137,974,258,1
1110,373,1842,3
349,272,1295,1
526,1038,1237,1
947,389,453,2
402,204,1752,2
858,729,352,1
1800,94,965,3
1750,1843,1823,2
416,532,467,3
923,262,966,3
670,933,885,2
323,894,1559,2
579,103,1116,3
362,1500,1610,1
564,64,940,1
1212,1632,1304,1
680,224,849,3
1532,1677,724,2
732,174,814,3
820,1603,748,2
1584,1451,1496,1
1714,631,943,1
554,1670,1849,1
433,983,722,3
1233,33,1129,1
1375,1398,114,2
881,506,895,3
579,1385,1804,1
637,195,1576,1
1146,259,1415,2
1455,166,1753,2
129,1356,588,1
1750,458,1508,1
749,1304,100,2
1732,642,277,2
1158,177,704,2
447,1568,1680,3
822,68,14,2
25,1748,1604,2
880,351,1577,3
1084,828,1185,3
1092,1766,1734,2
467,1399,1789,3
1200,633,1823,1
925,1172,140,1
235,1124,578,3
899,380,1374,2
599,160,1584,1
1267,1671,1191,1
1835,1093,449,2
630,419,1119,2
1130,1385,930,1
1499,1485,704,2
1230,634,1701,2
59,424,1095,2
343,37,1029,3
1523,1684,576,1
1439,1395,955,3
1841,1479,1776,3
698,684,1839,3
1302,479,1393,1
337,1759,1250,3
1748,1752,374,3
1021,915,1624,1
1144,1370,1561,3
385,1609,1603,2
590,1400,1605,3
1147,1363,632,1
1012,1594,1328,1
717,1136,1060,2
1340,229,1230,3
1562,1766,1597,3
532,1227,1264,3
785,555,1204,1
882,1667,446,3
1466,660,1618,2
1614,571,955,1
1675,89,661,3
583,1564,1133,3
1141,979,1329,3
1719,511,1806,2
1456,326,1428,2
864,586,1510,1
695,31,1402,1
274,503,698,2
1001,1105,465,1
529,1806,285,3
1450,1771,1561,1
1558,821,567,3
497,735,1399,1
1192,1095,502,2
1576,1445,1071,3
1200,50,1362,1
1276,1756,1799,2
1503,314,1542,2
1587,170,908,2
1626,524,597,3
581,1581,964,1
1682,876,762,2
1683,1815,1748,2
782,558,76,2
70,186,1478,3
283,1047,926,1
1546,514,1443,2
496,925,79,1
325,965,1722,3
912,1638,671,3
1294,484,1327,3
1787,1453,448,1
903,756,340,2
1734,1553,1296,2
932,1699,685,3
22,406,1138,1
262,349,1823,3
1627,282,1758,1
429,1831,1797,3
1406,1061,1347,1
909,888,52,1
970,189,1166,2
625,315,1539,3
221,1372,722,1
404,953,1314,2
1810,255,526,3
846,1538,1755,2
1781,712,1107,2
192,371,1589,3
987,854,1604,1
1006,833,692,1
1338,329,1129,1
1410,1360,161,3
696,597,490,1
978,1437,1599,1
997,1374,885,2
935,1770,1649,2
1548,708,1754,1
1441,931,1661,2
379,575,1450,1
1079,1337,1248,1
542,547,974,1
1103,1843,359,1
1085,727,1491,1
1194,1221,878,2
452,1645,426,3
1701,661,1602,2
77,995,1485,2
1133,119,831,1
1556,1691,1296,2
1439,1575,1726,3
1840,936,365,3
749,778,937,3
673,980,1436,2
402,624,1413,2
1485,1097,1216,1
1527,879,648,2
1543,736,503,1
1747,120,1265,3
177,1431,860,1
998,1748,1828,1
1575,1455,904,1
1712,681,700,1
953,1494,1660,3
277,89,512,3
1434,771,297,1
1399,640,298,1
652,187,506,3
292,474,1296,2
1204,1049,976,2
386,1379,304,3
168,1258,1710,2
1357,963,1534,1
805,1,1412,2
1107,878,1285,3
1790,1189,1321,1
1559,1271,999,2
1003,201,564,2
933,206,159,3
1249,1341,163,1
762,1177,516,1
1536,207,969,3
565,713,1528,1
34,280,939,3
1310,562,1170,2
1736,1731,761,1
1316,1287,278,3
735,728,139,3
1120,368,1017,3
1457,1671,1724,1
607,598,945,3
894,1170,199,1
1724,1670,427,3
86,979,383,3
1386,686,653,1
1263,366,1596,1
1285,953,390,3
57,1358,141,2
1363,907,1411,3
1466,1066,1849,1
102,617,101,1
1602,405,1756,3
1763,1121,451,1
363,1090,1375,3
862,229,459,2
699,448,1677,1
1317,722,1640,2
1283,775,1350,3
1757,272,520,2
1415,375,410,1
420,681,960,3
1809,1661,1736,2
676,1651,346,3
441,744,1523,3
1462,642,623,2
1792,1596,631,1
304,1737,1806,3
253,1238,1490,2
562,634,1153,3
1370,118,149,2
582,553,1428,2
1172,139,1488,1
993,1244,293,1
940,132,1195,2
1484,1268,561,3
934,872,1474,3
886,551,1278,3
1271,268,845,3
1005,1295,881,1
1027,590,183,2
1435,1349,1240,3
231,405,92,3
1570,398,1306,2
1359,1198,654,2
398,477,1061,2
1746,981,810,2
580,460,306,2
191,969,1674,3
618,1528,1625,3
150,508,1443,1
337,1485,1807,2
848,1095,148,2
1086,1143,426,2
1345,1764,512,2
847,993,1034,1
387,1151,1630,3
169,391,1552,1
1593,613,1080,1
601,915,641,3
970,1159,1210,1
990,1728,279,1
239,1562,714,3
1681,1132,724,3
1457,304,1560,2
1268,627,1555,2
178,376,1249,3
832,1668,85,2
1033,920,1038,1
974,616,376,2
837,1243,670,1
849,174,741,1
882,1044,652,3
1078,1668,1386,3
1819,1033,1339,2
1352,740,1453,3
1099,1281,1002,1
415,892,528,2
1308,1733,1338,3
493,1720,1777,3
562,1198,1590,2
892,1615,1230,2
1235,762,333,1
284,180,93,3
1219,1201,1240,3
963,314,1497,3
1314,990,1128,2
653,1810,836,2
308,743,793,2
534,1748,67,1
248,392,677,1
963,1846,1810,2
444,290,521,1
261,826,1662,2
1389,1607,1411,1
809,355,1254,3
937,1832,458,1
739,1034,1827,2
697,412,216,2
989,1416,256,2
1325,1401,1551,2
1287,526,1593,1
878,115,259,2
886,731,476,3
651,802,426,2
505,48,1235,3
1531,1543,1087,3
1563,287,544,1
1718,1657,295,2
1160,1418,562,1
296,1603,1501,3
626,802,582,1
189,413,753,2
1582,1798,847,2
1824,1584,626,3
185,804,770,2
132,930,584,2
1249,749,794,1
951,1669,397,3
657,364,1489,1
1668,59,80,1
155,40,1407,3
109,399,1461,2
1835,699,1158,1
1229,192,266,1
206,133,1072,2
369,481,1843,3
1604,1610,1291,1
575,63,32,1
834,1223,1122,3
945,190,1123,1
718,1162,1600,1
1622,1224,756,1
292,1420,282,2
41,1359,348,2
972,1716,467,2
678,293,70,2
351,275,21,2
1222,717,1052,2
143,1525,703,1
1179,179,373,3
984,1463,869,3
152,1223,1420,1
1530,305,412,1
231,240,1552,1
1466,1779,579,1
542,1166,1075,2
559,1002,1252,2
1756,735,374,2
885,924,104,1
1068,1825,915,1
459,1542,100,1
386,1619,1113,2
1158,561,126,3
613,478,72,3
1581,1528,1186,1
1747,1368,816,3
422,1452,192,3
196,1701,1178,1
190,640,1675,2
1323,386,590,3
1775,897,1284,3
147,796,1841,2
1508,1561,1398,1
31,399,331,2
1739,923,1841,3
1109,1554,1608,1
1787,1492,416,1
1804,751,8,3
884,324,1313,2
1128,1094,1501,3
566,687,85,3
739,1318,860,1
1324,1090,404,2
1825,1152,1853,3
729,1551,1092,3
321,1170,1368,1
1114,138,1045,3
1380,1371,730,1
753,1174,513,2
1365,93,1564,1
1397,1637,134,3
359,1688,866,1
11,403,104,1
480,1744,1341,1
741,661,621,2
1350,710,65,2
1561,1261,1593,2
1812,1143,310,3
1432,463,162,2
293,842,983,2
693,1173,91,3
514,54,211,1
537,1572,1709,3
59,409,635,2
632,1106,1760,2
471,1782,121,2
1398,590,256,2
1745,675,1542,3
1011,1333,846,3
39,1146,22,2
30,1194,478,1
633,743,712,1
1055,1028,1548,2
93,855,752,2
963,1828,737,3
1293,89,607,1
1413,1462,566,3
1692,101,1382,2
1441,604,290,1
759,857,1755,1
1722,374,1757,2
30,1118,537,1
115,204,108,3
672,1501,1363,1
531,483,1133,3
75,1298,60,3
1193,259,338,2
840,289,1581,3
994,760,1416,2
1068,1491,502,2
40,508,1503,1
1478,1129,1490,3
1818,35,1586,1
88,608,1405,3
120,359,215,1
1008,206,458,2
805,1352,1696,1
1212,592,494,1
257,1235,384,3
1806,785,268,3
1183,1362,793,2
391,1586,893,1
205,240,1147,3
1825,81,957,3
1748,245,1795,1
1416,1844,1537,2
161,424,132,2
1739,1552,379,1
930,982,1816,2
1023,733,1423,3
1184,1078,312,3
1429,1235,262,1
693,164,1352,2
746,475,961,1
395,1073,1371,2
1078,1848,1230,1
1318,1010,1089,1
1717,772,544,2
663,845,1047,2
86,1580,287,2
1044,619,233,1
818,862,851,1
797,167,1179,2
1693,1840,934,3
1819,183,1474,2
548,1172,1713,1
1350,944,1041,2
1106,507,1549,1
62,1700,296,2
721,1840,889,1
1530,341,257,1
284,517,1298,2
1589,205,1770,3
1230,717,229,3
669,58,245,2
74,186,1477,1
1475,817,1661,3
915,294,1094,2
198,1320,780,2
1192,7,1575,3
864,1247,1353,2
1117,1729,448,3
561,207,768,3
164,261,58,2
1715,344,705,1
1142,801,1716,3
1210,1174,86,3
847,788,1712,3
1388,1112,1039,1
1219,474,1180,2
857,1600,954,1
879,1323,1222,1
696,132,141,1
1474,231,1686,1
1535,1235,778,3
147,1372,403,1
402,349,723,3
60,911,1038,1
868,935,1193,2
719,1454,265,1
713,110,376,2
508,1407,247,2
1166,179,212,3
1538,1827,1742,1
94,1492,643,3
1788,661,645,1
1500,12,1335,1
918,976,566,1
944,369,1660,2
1490,1567,1755,3
220,1572,1778,1
122,614,417,2
133,1124,140,3
835,1624,1064,1
24,414,1854,1
1426,760,746,2
1641,1538,1343,1
1547,756,529,3
1560,1023,1439,2
624,823,1684,1
1578,51,791,3
1150,314,1147,2
673,1199,20,3
1760,138,1339,3
1113,1547,626,2
908,1390,97,1
1044,1593,403,3
482,366,1489,3
1638,1320,1719,1
1172,89,1830,1
547,649,674,1
252,1098,414,1
130,1671,1287,3
502,1693,181,2
773,510,1769,3
1698,1262,1191,2
1678,460,1476,3
451,280,1239,3
277,605,1310,2
1320,231,414,3
629,425,1094,3
932,188,1056,1
759,1734,298,1
1323,1472,643,3
1637,1181,1605,3
982,1460,796,2
1346,391,909,1
1826,1648,418,3
1451,765,68,1
1775,442,11,3
1452,1541,1315,3
1140,1382,918,3
416,414,359,3
215,835,1562,1
62,280,455,3
721,1209,199,1
559,51,1504,1
478,1203,362,3
1811,1819,415,2
715,24,800,1
1066,1459,143,1
1635,579,1365,1
1204,1780,1616,2
1398,568,430,2
560,74,1768,3
286,1442,35,3
669,1366,813,1
1785,8,1439,3
1511,1701,766,2
1712,698,185,2
675,553,1716,3
1357,1045,1268,3
1197,1066,1732,3
127,1199,53,2
734,588,1436,2
1487,951,1384,3
1700,233,307,2
587,267,1150,3
381,1454,119,1
1209,934,1549,2
527,1063,1808,2
1002,97,455,3
1750,1407,1395,3
801,1061,1506,3
49,293,829,3
161,1380,674,1
413,1333,387,1
1581,1690,823,1
1802,707,1712,2
1326,727,386,1
815,233,451,3
1827,531,16,3
205,462,820,3
1040,145,893,1
367,1099,1635,2
1449,117,285,3
834,1215,417,2
230,471,881,3
1226,934,1295,1
706,1423,1421,1
1491,1601,1284,1
127,267,251,3
1050,352,333,3
1783,429,1053,1
110,1504,1044,3
90,307,1788,3
1529,762,888,1
1300,961,607,1
171,1146,814,2
437,609,1816,2
1631,230,93,3
346,1332,1194,3
236,1649,889,2
1517,1512,782,1
1501,456,594,3
684,1144,1597,2
978,1280,369,1
801,1780,114,3
231,345,1704,2
35,775,526,1
210,642,900,2
220,1231,580,1
406,285,1373,1
309,39,1835,1
1552,799,558,3
266,889,831,2
1025,1840,1501,3
1134,742,1143,1
452,928,372,3
778,453,1043,3
890,985,1761,1
1779,765,1523,1
1224,1443,14,2
101,57,59,3
270,247,62,1
1363,134,1169,1
1466,663,616,1
637,341,156,1
1544,768,1339,1
362,94,344,1
792,169,1365,3
949,1152,1696,1
368,1229,863,1
838,550,990,1
545,1377,336,2
215,1517,802,1
1632,1390,1083,1
681,1402,567,2
1686,1564,1754,1
536,328,503,2
47,1513,1253,1
1152,128,1377,1
1174,1379,1471,1
1566,1533,1739,2
1819,1400,1509,1
936,640,1320,1
297,1108,1389,2
177,1588,1641,2
1607,1009,76,3
1147,1002,1636,2
663,1682,1513,3
1139,418,1807,2
1402,920,870,1
897,1093,1097,2
303,391,707,3
1222,1694,300,1
153,1147,200,3
1575,595,1360,3
1152,1430,807,3
814,742,445,1
142,1029,1401,2
430,71,935,3
770,981,1002,3
1786,1294,400,1
901,1659,378,3
575,565,891,3
1498,1481,1810,1
1001,916,1292,2
1412,1547,839,3
689,998,1824,2
13,1653,377,2
132,675,77,2
601,137,1201,1
79,829,1592,1
579,10,735,1
1175,373,1814,3
1571,1594,241,1
1696,126,1233,3
323,973,418,1
1261,29,1447,1
342,724,1093,3
518,1470,86,2
1242,927,694,3
170,1066,413,2
781,1513,1231,1
1098,216,870,1
401,1428,1511,1
968,763,377,3
1674,804,1602,1
1575,1476,1135,1
1330,1574,1635,1
1817,361,1262,3
739,1564,1360,1
1501,52,849,3
35,1514,692,3
973,1728,928,2
1255,1157,738,3
167,1165,537,3
1075,839,1,3
1114,253,1473,2
1013,1437,845,3
466,432,15,3
241,489,1059,1
490,284,596,2
1744,816,108,1
766,876,1160,3
458,157,377,3
466,191,601,3
1417,511,345,3
658,1752,542,2
1648,400,1280,3
532,448,953,3
186,1536,882,2
661,636,604,3
830,1532,719,3
53,1545,110,1
1412,49,632,3
1149,822,1474,1
1254,291,762,2
889,491,949,1
1825,948,1197,3
892,606,1287,2
1311,1279,1063,2
1291,695,867,2
834,873,592,2
1421,782,731,1
1114,963,1124,3
1203,963,609,1
1040,1180,460,1
497,840,697,3
11,1840,1053,3
301,85,593,2
511,1199,314,1
1827,345,941,3
1753,1830,1005,1
277,450,1573,2
816,1119,1099,2
810,684,886,2
474,428,1431,1
1028,1783,1231,1
851,963,204,2
799,718,1242,3
375,1162,689,3
623,1628,1596,2
763,1043,1446,1
1077,422,1343,3
1575,963,1110,2
1098,1059,485,2
711,1722,703,3
1467,548,1306,2
230,1031,761,2
590,845,1483,2
385,4,1022,3
878,462,218,1
1,1720,1611,1
298,44,649,1
1777,288,202,1
1712,240,1598,2
1181,899,1157,1
909,107,1217,1
80,1771,926,3
947,1706,1407,2
1392,199,1394,1
1187,728,645,3
152,511,542,2
1247,1787,892,1
147,642,934,1
545,184,607,2
99,688,949,2
727,1800,506,2
1804,615,1720,3
19,1103,1719,2
1543,1227,425,1
1716,1284,644,3
676,779,1220,1
1346,1017,1717,2
961,1601,1138,2
235,1584,1566,3
362,1095,1528,1
1180,1580,455,3
703,1005,1611,3
598,1125,1591,1
429,986,1186,1
997,917,817,1
1256,1008,582,1
1070,640,674,2
1026,893,626,1
1712,1447,1284,2
426,11,1078,3
358,1,430,2
1454,533,983,3
796,445,126,3
166,1587,1181,3
148,1011,94,2
1709,840,661,1
963,1641,1287,2
873,276,1053,2
457,1689,924,2
604,493,1439,2
1120,60,1078,2
1107,600,787,1
297,1256,692,3
985,1497,1571,1
710,74,580,2
338,1088,162,3
604,1577,98,3
1623,1018,335,1
1615,1583,651,1
309,353,562,2
1028,1688,1151,1
385,1745,806,3
181,492,607,1
1394,399,668,3
433,1291,1810,3
94,477,933,3
843,992,1491,2
616,16,666,3
438,1193,900,3
697,1335,340,3
896,1122,141,2
583,1158,353,2
1238,1776,567,2
371,999,892,2
791,386,1554,3
1614,1352,770,2
743,521,1671,2
549,631,387,2
841,1094,1095,2
393,591,1543,2
1001,1025,405,2
225,411,1238,3
1004,1081,606,1
1100,1078,1409,3
1617,142,1560,3
1840,1454,842,2
1553,1284,999,1
1750,1734,1711,2
1828,564,26,3
938,533,173,2
1127,618,598,1
1627,973,86,1
775,1391,1834,1
480,383,1636,3
1633,776,817,1
1477,392,1420,2
1745,663,1342,1
644,857,1485,3
366,476,352,2
1533,520,861,3
1351,688,1811,3
255,344,37,3
1064,1812,1502,1
1037,216,1156,1
815,1283,568,1
560,1369,70,1
652,1729,1296,1
212,1289,1635,1
525,1266,1730,3
565,862,805,2
1226,220,994,1
1163,1373,1286,1
1253,373,986,3
1431,559,1165,2
1633,1672,701,2
691,1057,1155,2
483,436,1626,1
1844,581,536,2
1381,247,1730,1
834,1243,366,3
4,58,78,2
462,130,1560,3
560,431,685,1
1374,1343,1532,1
1446,1454,1377,1
1209,1780,1033,2
140,638,1199,2
431,1644,608,3
1367,1249,1728,1
253,1292,799,3
1854,1159,1026,1
1409,1590,1668,2
508,419,1480,3
1128,1231,1229,3
1837,604,1655,2
1263,1047,1128,1
469,1424,553,1
1671,1112,679,2
675,1217,1731,2
763,600,1281,2
458,1833,992,1
127,303,571,3
491,947,22,3
1508,1168,1444,2
1120,1419,1854,1
1009,188,666,3
1610,1180,1328,3
1152,73,430,2
239,662,623,3
1825,57,1122,3
6,1094,77,2
1142,991,507,2
13,1626,1450,2
1658,380,436,2
301,1540,1398,3
850,1614,1191,2
702,824,1316,1
280,1832,1345,2
1239,294,203,2
1376,1281,1764,2
1615,1829,1142,1
1519,1794,536,3
1789,126,1595,1
212,1133,366,3
1246,1235,1435,1
628,1590,680,1
1676,1239,612,1
1236,1293,345,2
1144,1851,289,1
1148,1742,1754,2
494,35,8,2
659,1438,1811,2
1839,392,1099,1
1824,1844,1663,1
786,341,1249,1
506,628,793,3
1757,1358,817,2
540,1398,1010,2
634,1285,1459,2
877,586,156,1
1332,1260,751,2
1583,648,432,3
244,1643,1347,3
952,337,1345,1
187,117,1806,1
1729,578,87,2
1195,1850,1345,1
1303,93,1569,2
1538,1018,560,2
1330,1097,1474,3
348,976,1532,1
515,800,1359,2
184,331,1477,3
550,1500,728,3
769,1279,1810,3
1810,1359,128,2
1143,541,1156,1
573,67,1716,1
992,464,1009,3
574,1464,19,3
22,1099,1381,1
1686,362,738,1
1787,1812,706,3
53,1778,132,3
1221,1669,702,1
533,49,1176,1
484,533,301,1
205,599,134,2
1126,1743,566,2
267,817,1695,3
568,1136,68,2
1117,1720,725,3
1811,582,45,3
151,1552,513,1
422,200,563,2
651,1158,1853,2
1569,555,942,3
294,835,1638,3
1063,79,554,2
669,932,717,3
1672,1830,1504,3
37,796,66,2
1147,1539,158,1
446,1291,1074,1
679,186,1775,2
712,587,880,1
1013,274,377,3
1539,1498,870,2
171,218,516,2
1704,1164,134,2
550,243,1664,2
1350,1185,1416,1
265,308,115,1
919,880,729,1
1564,1635,1418,3
1813,1806,647,1
173,577,144,3
230,1719,354,3
687,259,597,3
1411,911,271,1
1451,1598,523,3
1266,1423,1355,2
845,1635,594,1
859,508,640,3
92,648,1397,1
226,1739,1514,2
1766,750,950,3
1432,1852,1000,3
111,1813,1061,1
128,1034,1406,1
1299,1324,1181,2
1271,906,521,2
1827,503,552,2
737,1147,1417,1
5,257,712,2
113,86,1486,3
210,1397,262,1
1563,1821,1411,3
1186,1685,1458,2
1715,310,843,1
646,951,1372,1
1790,1563,1272,3
1797,223,839,3
537,276,944,2
959,1767,135,3
891,1564,1653,2
1082,1356,1575,1
866,1630,978,2
1548,1004,727,2
1394,763,853,1
1053,1468,491,2
926,1819,623,1
1619,1550,850,1
145,1830,1292,1
1274,1730,19,3
1114,904,1483,1
769,1410,616,1
1791,686,997,3
1400,303,1769,3
1816,1812,867,1
1060,1049,1,3
276,933,141,1
1073,1361,563,2
921,825,1626,1
490,85,485,2
769,516,1024,2
705,1324,82,2
1838,1482,499,1
166,1429,539,3
1316,1033,71,3
1811,1112,493,1
1236,32,1725,3
77,1729,1263,2
1416,1097,444,2
25,1442,999,3
583,862,669,1
1829,1314,83,2
1432,541,603,3
104,436,14,3
990,398,365,1
806,55,259,3
175,1615,191,2
484,1298,1837,3
1155,14,164,1
902,905,1345,3
580,1235,951,2
700,535,592,2
730,1346,3,2
1545,1163,1107,2
1761,1455,804,1
1805,765,998,1
33,1127,1039,3
247,1287,1776,2
1292,201,905,1
1121,1149,1612,1
210,1691,1717,1
165,500,728,3
1322,1477,499,3
1745,984,122,2
872,491,318,2
1664,829,918,3
1629,1200,661,2
460,730,1107,2
1687,1516,1213,3
171,1747,1743,1
673,1166,530,2
1357,1496,199,2
220,926,120,3
1224,362,1206,1
140,311,938,3
1621,1659,272,3
1233,726,1450,3
1160,867,765,3
1465,851,1616,1
54,1606,179,1
1619,218,1519,1
1065,181,74,3
1759,1013,1073,3
1326,468,1541,3
298,1733,1369,3
1097,100,534,3
247,627,1767,1
1543,1463,1027,3
1235,19,719,3
194,51,19,3
1516,1092,1838,2
1663,448,1569,3
1096,1783,1646,3
83,1607,1657,1
298,1168,1264,2
508,127,963,2
757,1703,766,3
1352,339,911,1
1817,871,665,3
496,648,1508,3
899,1474,655,1
53,1464,948,3
347,1626,989,2
530,1094,392,2
797,1828,872,2
1058,680,1767,1
1666,1534,34,1
1008,1364,39,1
529,514,1811,1
673,308,771,2
654,835,1008,2
342,1360,1695,3
1774,839,952,1
1010,1031,61,3
1510,726,349,3
1721,1604,1227,1
34,1679,184,1
75,676,1271,3
1323,867,447,1
1440,668,1695,2
597,1696,1104,3
584,1628,1520,3
158,1455,1144,1
595,292,498,1
1051,1485,812,1
228,1471,363,2
771,281,1338,2
107,1533,1498,2
72,1082,1395,1
1546,1723,1438,3
719,645,330,3
75,37,874,1
1453,1156,1588,2
1564,842,1255,1
1183,1681,247,3
491,756,79,2
1765,29,1347,3
1738,1315,331,1
1076,1581,1301,3
64,611,1634,2
1411,1393,125,2
781,1504,1811,1
1395,28,336,2
255,1839,1688,3
360,526,287,1
1381,1716,1817,3
1599,1112,800,2
455,959,406,1
1528,126,1230,1
506,826,1492,2
309,272,1809,1
1577,1268,374,2
358,1276,1654,1
715,499,560,1
449,746,1033,2
147,1765,371,1
1502,1154,391,1
707,638,1541,2
780,436,1493,2
1635,775,815,2
147,1523,631,1
161,1279,647,3
1217,797,258,3
1723,171,181,2
1129,1207,545,2
1661,990,722,2
1116,716,906,2
988,1800,609,2
58,1664,769,3
376,1552,765,3
1734,249,1440,3
1228,973,1231,3
1475,1789,1671,1
331,1268,213,1
648,532,173,3
969,1182,1699,1
734,195,1429,2
357,823,1105,2
1003,802,587,3
1396,941,1534,1
766,1172,364,1
1548,250,538,2
398,1760,902,3
1444,57,531,2
1399,444,1536,2
280,985,1045,1
785,88,797,2
62,1626,641,2
1501,1545,99,3
1828,806,1313,2
1693,1670,366,3
735,166,453,2
1652,385,1058,1
868,1407,302,1
246,684,830,3
78,1745,236,2
582,903,76,2
526,587,621,1
1058,125,1425,3
1828,1498,808,2
1497,1808,405,1
643,1504,222,1
1727,1798,1518,2
1138,1112,1242,1
1171,1737,781,3
628,8,1479,3
1208,1777,107,3
433,1292,170,1
179,1541,188,2
124,1826,192,2
732,21,354,3
1602,1092,1201,1
227,988,479,1
446,482,367,3
1324,1563,1164,1
633,1469,1283,2
228,509,66,3
225,223,1678,2
970,798,867,1
648,1799,1397,1
1753,1586,108,3
325,398,782,2
693,252,507,1
1111,905,660,2
1398,1024,885,2
600,924,1463,2
543,345,505,2
438,32,964,1
1114,564,1315,1
812,1617,497,2
577,1163,482,3
18,1341,1025,2
1094,1741,1388,1
49,523,1484,2
1253,1639,1663,2
1698,126,1849,3
1778,1092,150,1
714,246,1385,1
301,367,1659,2
1359,718,434,1
312,585,671,2
1672,1792,280,3
262,429,1632,2
1549,573,1321,2
380,1159,1683,3
1210,1479,1417,1
786,958,634,1
1102,967,1457,2
939,271,217,3
1387,917,1330,2
184,128,400,3
681,216,439,3
445,1117,744,3
162,1307,1417,3
979,1847,1134,3
1103,152,1030,3
716,227,22,3
639,967,1791,1
863,1206,1729,3
1674,1107,544,2
393,1735,359,3
202,1380,1213,1
798,15,1646,2
960,100,540,3
1566,848,681,2
1542,1554,1033,1
925,866,778,3
1707,1421,883,1
1074,511,869,1
1330,359,1341,1
1529,411,1466,2
1609,292,1816,2
726,800,1318,1
443,1116,639,3
814,457,232,2
207,725,1102,3
838,1458,542,3
1515,663,1234,3
1551,1489,368,2
1678,1676,241,2
345,1669,1376,1
1389,33,1006,2
1196,915,1004,2
254,1374,310,2
1664,1846,305,2
508,1430,1394,1
1698,1100,484,3
179,1767,202,3
1639,74,1729,2
1447,1521,147,1
301,575,858,2
1071,1389,290,2
392,1641,742,1
1045,433,472,1
1128,1618,1575,2
1826,172,221,3
391,1249,128,2
377,1216,417,1
707,152,1439,3
225,389,1341,1
244,464,1018,2
693,884,520,3
1235,688,724,3
1763,672,1391,3
217,484,942,1
771,1643,1530,3
767,571,822,3
430,730,1117,1
336,1402,580,3
968,1684,146,1
577,380,1267,1
533,758,169,1
636,1404,98,2
1458,1142,1646,2
1066,455,1165,2
142,350,485,2
1371,385,397,3
644,113,820,3
1045,735,1229,3
1442,931,406,2
294,830,109,3
380,1074,1796,1
1366,307,477,2
763,1513,137,3
1632,69,317,2
1014,1678,1407,1
895,985,240,3
656,238,595,1
723,1089,1169,3
1644,556,952,1
978,460,623,3
1737,35,1832,2
119,1625,288,3
673,1848,1719,3
857,1551,163,2
408,689,1108,1
136,540,691,2
940,791,594,1
1230,90,283,1
1567,533,1578,3
604,1808,1462,3
877,150,1496,1
33,336,1233,3
455,1637,904,3
240,677,509,3
1609,351,566,3
644,1545,656,2
1451,157,1367,2
284,412,201,1
1225,499,227,2
1072,1397,118,1
1197,1026,720,2
407,1289,1613,3
1225,1469,962,1
1716,107,1854,3
936,1833,949,2
231,1522,512,2
1042,1370,496,3
1611,1606,1235,1
1470,1030,694,1
1090,259,1808,2
462,1215,503,1
272,1102,1725,3
450,889,1415,1
1312,408,1663,2
711,1835,902,1
1323,1678,700,2
182,988,887,2
318,1044,985,3
1370,1323,29,2
800,1133,1589,1
1498,1073,1752,3
1555,891,1374,1
299,1603,28,3
1390,1597,1574,2
181,1165,1125,3
104,1002,598,3
881,702,1138,3
933,1751,1256,1
231,1562,298,3
1336,926,1563,1
1566,957,1800,3
879,1249,851,2
1608,1713,501,3
84,1385,1035,2
933,1209,89,1
264,1041,1304,1
1488,1235,759,3
124,910,1028,1
49,1547,326,3
181,185,370,3
1597,1040,1588,3
702,614,88,3
1771,1542,1579,3
119,1519,1378,3
1758,1558,1520,3
608,1849,554,2
1368,1593,1325,2
445,39,751,3
1175,1437,1579,3
920,1053,1682,2
1294,690,493,3
1631,1509,779,1
1592,351,571,2
537,857,797,1
807,1213,804,3
1336,232,1838,3
1513,908,38,3
420,647,1368,3
1341,1130,583,3
1410,357,1297,3
130,1846,1149,3
1387,651,973,1
426,158,1363,3
352,1075,1733,1
678,503,669,1
178,238,1745,3
1709,314,1784,1
787,1755,1302,2
413,954,835,1
1508,1301,1140,1
1790,1444,824,3
278,1846,1587,1
1143,692,1297,1
679,1628,691,1
77,571,1001,2
1481,1851,316,3
1342,1696,1373,1
1246,433,1816,3
1637,1168,1545,1
18,154,1654,3
986,1094,903,3
801,969,312,2
1480,527,802,3
408,86,1044,1
846,1483,272,3
688,811,28,2
1446,220,1083,2
819,1608,1476,2
1071,666,927,1
1349,980,962,3
1853,223,24,2
732,1058,1467,1
1200,425,301,1
1672,492,416,3
1154,414,214,3
1560,10,1635,2
1732,448,1196,3
1255,966,1672,1
1325,812,289,1
774,615,465,2
635,1199,764,2
157,1413,568,1
858,9,822,2
1359,1769,1808,1
1282,1372,1184,1
1269,1809,636,1
1311,1053,60,2
1125,1732,1117,1
1209,314,243,2
1292,574,1397,3
1423,1604,564,1
32,586,1852,1
1682,683,1489,1
435,1848,1283,2
431,758,674,2
1095,1763,1788,2
1358,1551,289,2
46,849,1101,3
1758,666,91,3
1438,1225,806,3
1361,1346,337,2
1461,304,1734,3
360,16,41,1
1632,1520,752,3
1432,1040,638,1
1730,518,1371,2
166,1275,306,2
649,1440,453,1
572,1617,1399,2
960,23,848,1
1828,1519,1744,2
1686,1433,1796,2
1211,1324,1221,1
546,742,817,3
1667,1797,88,3
1254,294,328,2
1841,1336,1260,1
1600,421,121,2
547,554,50,1
1220,909,672,1
1509,1307,1804,2
1015,211,746,1
1245,55,1100,1
119,446,1442,3
985,1608,1266,3
610,1636,425,2
428,933,1748,1
176,1150,1398,3
909,871,365,3
148,434,1111,3
196,347,996,3
461,1079,703,1
1790,1236,1017,1
306,784,1523,1
1303,1806,1354,2
1038,957,1777,2
1353,1459,1437,2
1384,1057,83,1
1719,1535,1000,2
858,657,97,3
865,1376,1273,1
1178,1379,1025,1
794,1451,502,2
1587,347,1509,1
817,751,1271,3
1408,1415,211,2
689,344,236,1
979,869,1461,1
1172,447,164,3
1842,527,361,2
1797,1497,1751,2
1406,430,1134,1
697,637,1794,1
609,576,786,1
914,521,443,3
55,802,1578,3
1743,487,1003,2
412,1346,538,3
1811,844,1089,1
278,1121,1525,2
1690,1456,273,1
1043,658,631,2
1813,1575,135,3
434,580,1002,3
1612,641,826,3
602,1355,1426,3
472,111,1736,1
507,77,169,1
118,1210,1726,3
430,1417,1025,1
1800,1266,554,2
100,898,551,3
328,1094,997,1
703,1068,115,2
1815,850,1486,1
684,1401,321,2
727,1326,1366,2
1336,1613,1378,2
903,869,722,3
570,867,1623,1
114,1120,1729,3
1210,1219,947,3
1646,1350,740,1
954,1355,1075,2
239,1042,144,1
233,590,1356,3
3,951,808,3
1776,1459,964,2
774,254,1035,2
1638,1239,1042,2
1798,778,1472,2
1470,550,165,1
1506,941,730,2
1441,1572,790,2
421,1446,622,3
1445,922,626,1
1764,1736,1128,2
885,959,1608,1
914,714,1662,2
1806,1740,775,2
1052,1435,586,3
1198,1007,896,2
1153,361,904,2
1786,1346,1495,1
969,1268,410,3
1633,1285,1357,3
626,1797,1025,3
669,1240,885,1
11,500,38,1
651,1262,1788,1
680,1196,394,3
96,760,1136,3
1331,322,1844,3
1844,798,772,3
910,842,1263,3
881,927,805,1
105,1790,907,2
1779,85,325,2
970,1540,1446,1
1657,1332,1577,1
1746,1205,1154,1
243,528,265,1
379,402,41,2
1464,539,1278,2
900,29,1213,3
1198,624,533,3
1600,600,1172,3
1686,1323,1539,1
49,621,1208,1
621,571,625,3
1332,110,1432,2
1626,240,842,2
526,872,596,1
1386,1140,1651,3
874,1282,1731,2
315,982,880,2
870,1813,1129,3
231,93,1818,1
397,1287,1411,1
1015,318,107,2
1779,50,1395,2
1598,770,1244,1
1211,80,1802,1
1705,454,566,3
289,433,1113,1
1740,1091,374,1
1073,1112,1347,2
1165,780,81,1
71,1010,193,2
1505,1433,222,1
381,1240,1256,2
68,1772,367,1
1333,790,866,1
1566,290,544,1
1337,1268,1442,1
406,25,936,2
1779,845,614,3
830,13,715,2
176,541,1613,1
540,306,1800,2
1628,141,956,3
122,1023,1297,3
1630,1068,813,3
1079,1256,131,1
1444,1332,653,2
517,572,988,3
596,1709,350,3
1679,1012,1820,2
1563,95,1819,3
518,296,1067,1
574,1219,828,1
1065,467,1088,3
390,37,1660,2
846,1410,1473,3
806,1439,1573,3
1491,802,1712,3
642,999,191,3
1275,745,714,1
47,1518,387,1
477,482,776,2
1669,1566,825,3
1563,1109,50,2
1703,1651,815,3
374,857,1799,1
1048,1195,1062,1
1783,421,820,3
1405,1320,1742,2
298,1242,1235,2
757,221,482,3
1802,112,811,1
1274,1802,1107,3
1202,261,807,2
1029,1345,1135,3
1692,260,206,2
1193,1424,289,2
1613,1628,1385,3
1807,594,80,2
229,683,348,2
1086,1313,1734,2
1829,1851,716,2
459,506,1124,1
1643,184,699,3
1179,680,1338,3
596,390,983,1
1301,1736,131,3
235,770,405,3
495,1623,250,3
352,135,899,2
837,1714,1450,3
172,544,1713,2
942,1031,1836,1
1368,649,393,2
921,1449,298,2
657,119,891,1
301,565,526,1
482,84,277,1
1613,344,1440,1
472,551,823,1
770,1698,1354,1
204,1076,674,1
640,110,1009,3
1511,307,1003,3
823,346,1103,3
1555,352,981,2
27,980,1290,1
1535,1697,1666,2
1362,1589,1052,1
853,1668,994,3
695,1234,1537,1
557,310,1845,3
166,1789,627,1
158,563,58,3
1618,1376,1793,2
1116,993,796,3
1649,1419,1016,2
1491,1771,817,2
1426,229,1694,1
670,1373,1768,3
1524,1673,1780,3
1627,800,622,2
130,948,100,1
625,966,934,3
862,1005,527,1
692,1714,1658,3
1058,785,1475,1
1012,1578,97,3
893,515,234,3
884,1729,407,2
1705,1326,266,2
781,605,1515,1
853,565,1624,3
315,1689,1614,1
1713,1772,851,2
750,5,1148,1
1053,1328,673,1
6,1338,1655,1
23,712,522,1
1559,748,372,3
1078,318,1029,3
602,611,1055,3
7,197,525,2
268,209,1274,1
1012,1499,1364,2
1308,149,310,2
21,816,1183,1
840,1233,52,1
78,718,786,2
930,615,1375,2
375,226,557,1
190,1496,1068,2
1127,1803,1245,2
1154,1792,1355,1
1827,14,1218,3
210,1139,260,1
67,378,420,1
1085,1819,1778,1
387,345,485,1
303,810,1537,2
1624,246,1559,2
1342,210,1411,3
1395,1811,351,3
651,820,814,3
573,804,1245,3
159,1592,717,3
201,300,53,1
1796,1703,945,1
25,7,1246,1
1404,1842,643,1
370,1768,996,2
297,392,1234,2
1264,1344,1200,2
937,1410,1222,1
1000,852,1547,2
340,1517,64,3
552,854,696,3
409,553,1033,1
440,290,1849,2
1320,1757,363,1
952,1591,577,1
1466,1511,1185,1
582,608,1339,1
1510,943,1189,2
201,1289,3,2
365,508,111,1
296,41,211,3
728,1684,1343,2
764,1045,795,2
1433,863,1358,3
1020,1535,690,3
1258,1116,1049,1
1783,276,1662,2
1087,380,1249,1
192,167,430,1
1454,829,927,3
323,262,805,1
693,1368,11,3
1658,1267,1776,2
953,1207,826,2
845,1537,623,2
609,349,1161,2
1185,1771,774,2
490,1374,739,3
209,1360,622,2
189,1232,609,2
412,1808,1432,3
1701,869,168,2
1427,829,1210,1
1703,1763,418,2
1397,1007,692,1
584,1101,477,3
673,480,812,3
1365,209,1247,2
303,1681,266,2
186,1698,292,2
497,1070,409,3
1826,1631,1205,2
1029,1094,678,1
1633,1056,1296,1
1667,1402,645,1
879,1202,15,2
1131,1482,1485,3
394,61,1081,2
1498,671,1414,2
955,1653,1278,2
1311,717,1187,3
1724,476,1109,2
190,865,251,2
1851,816,987,2
778,1375,543,1
872,1810,373,1
1154,1546,1212,1
92,1035,446,3
425,97,933,3
838,1362,1148,3
1831,741,1626,3
452,562,177,1
32,652,71,3
1583,1148,269,2
321,1470,1048,1
983,421,1695,3
1150,1741,852,1
1554,1173,608,3
1144,1016,1033,1
1281,125,1532,1
1811,461,1665,3
1526,344,1621,1
448,74,1618,2
854,876,675,2
1350,1266,621,2
1276,840,575,2
1385,515,1670,3
490,1558,1649,3
1344,1111,150,2
1709,600,619,2
1773,1438,1756,1
575,1206,1064,3
857,81,1394,3
1670,1235,182,2
1478,1409,169,2
605,785,780,3
735,918,1403,2
1409,49,1498,3
1754,699,153,2
618,665,1459,1
604,219,654,1
1120,887,30,2
1197,1360,1682,2
82,1582,168,1
1772,343,1634,2
1444,123,875,3
1311,1547,1753,1
828,150,373,2
764,606,109,2
1333,416,1296,2
1042,1448,1189,3
1586,28,1663,1
1584,42,1793,2
168,1422,553,3
1440,1780,1024,1
1134,1715,1824,2
886,753,1313,1
1318,430,1058,2
380,550,696,3
1134,625,1353,3
1698,550,147,3
1415,1663,686,1
379,644,87,1
911,1333,791,2
1411,1638,838,1
570,927,444,2
1516,1054,366,2
597,682,1269,1
63,405,445,3
1255,247,658,1
840,1611,1497,1
429,1437,1488,3
1030,1387,1360,1
1638,693,473,1
389,294,1483,2
246,1524,696,2
1392,507,109,1
524,243,339,1
862,1707,730,2
907,1247,1767,2
1702,808,1227,1
1612,1644,1614,3
1550,890,313,2
594,1364,738,3
1035,1130,1426,2
860,1588,854,1
191,220,975,1
137,1429,1809,1
400,104,1546,1
1190,425,1035,3
228,260,1276,2
395,1094,335,3
1747,1089,379,3
565,1629,612,2
449,1433,1599,1
870,1276,10,1
475,1032,79,2
1050,975,445,3
1190,919,124,1
1741,1804,1728,2
1842,308,73,1
1402,777,706,2
57,1308,897,2
1140,1371,746,3
1594,1202,1434,2
500,1755,1004,3
1497,1158,1352,3
1656,1756,1313,3
422,1131,610,2
535,1654,1820,1
803,1425,1822,2
1730,1581,960,3
216,589,893,3
1717,1139,1151,3
1814,103,309,2
1112,1252,349,2
1469,407,1633,2
897,1078,1800,2
933,1372,554,3
1261,1481,1164,2
1536,1793,209,3
472,1180,801,2
1319,1751,142,2
41,777,942,2
105,1256,1299,1
681,1603,1792,3
327,821,175,1
86,1416,1268,3
973,642,503,2
1123,439,495,2
583,999,128,1
630,1238,618,3
603,1481,1791,1
1567,126,899,1
1085,1552,406,3
558,1176,526,3
374,895,143,1
872,949,940,1
12,959,1445,3
75,1817,202,1
1572,302,1090,2
683,432,1808,2
1214,522,223,2
1069,404,47,3
1158,1259,81,1
140,751,1522,1
441,1727,1564,3
1232,1807,1043,2
1127,996,714,1
696,180,791,1
1283,1675,106,2
805,893,624,2
1723,1794,1466,3
1309,689,212,2
142,1120,759,1
1349,217,1039,1
1041,1561,1250,1
1285,20,306,1
414,888,960,1
995,1416,1849,2
348,1561,451,3
1276,1373,1313,2
802,18,1324,2
844,140,930,3
1748,484,1504,3
20,851,1614,1
1456,1700,660,2
1021,1348,805,1
1683,1543,1346,3
411,355,1366,1
1488,70,442,2
1398,995,1763,1
474,464,995,3
636,350,924,2
1415,1613,588,1
772,1416,1657,1
1813,327,320,1
717,168,336,2
505,295,301,3
541,990,1017,1
911,1469,903,1
166,888,1298,1
965,316,1793,3
793,781,878,2
762,1414,741,2
10,1391,722,2
1802,801,1060,1
1041,831,1326,2
1398,297,517,2
291,923,1144,2
1694,1108,915,3
454,237,1119,1
13,925,35,2
1615,1378,231,1
1576,595,708,1
855,1021,1178,2
1059,1503,911,3
838,522,1405,1
265,1494,896,1
1543,381,1485,2
987,1827,1236,3
1116,585,314,2
1498,450,489,1
344,1225,912,2
759,252,40,3
1738,1307,603,3
1789,767,1034,3
930,852,1589,3
483,1293,1313,3
1705,755,82,3
1839,843,1073,2
266,259,570,3
969,58,778,2
1395,1269,769,3
265,790,1718,2
1248,1683,990,1
1568,1414,1820,2
1555,666,744,3
871,1659,923,3
711,1006,997,1
1015,25,1495,1
707,865,966,3
287,1343,1782,2
1141,694,1230,3
1691,367,1282,1
987,235,1329,1
1349,212,1672,3
1615,806,164,1
1185,866,1248,2
545,1344,9,3
1543,1193,1421,1
586,1135,533,1
787,1575,112,2
542,1162,490,1
886,592,1760,2
1371,1107,20,2
1015,1619,1599,2
308,1535,799,3
806,1540,771,1
197,1031,17,3
237,1550,319,1
712,1437,50,2
773,1032,1416,2
1430,128,1121,1
914,440,835,1
1779,993,599,1
595,527,520,2
691,328,1542,2
44,1114,1487,1
755,1092,548,3
856,1638,490,2
608,1634,786,2
1656,1161,1465,2
1678,1074,165,2
615,1417,1244,1
241,1407,602,3
667,786,907,2
193,196,1184,2
625,780,646,2
1106,1022,1323,1
1051,340,1585,1
1520,1737,883,1
486,1458,438,3
1162,601,373,1
475,1366,461,2
943,1421,273,3
1478,70,1721,1
335,260,1535,2
1083,1207,756,2
200,1534,484,1
164,637,1172,1
1036,1048,1824,2
723,1305,581,3
378,1567,634,2
1060,1444,746,1
1748,576,482,3
1276,1589,496,3
910,1663,1162,1
1177,1539,174,3
818,1122,1269,2
1525,138,519,1
1063,137,173,3
1544,1002,1608,2
1686,284,102,1
853,130,854,1
1667,1008,358,2
22,121,92,2
1292,1740,1130,3
1635,197,512,3
1353,1552,235,2
1339,279,1221,1
12,934,1758,2
906,716,1231,1
1711,1689,1679,1
1162,70,393,3
924,26,264,2
898,1450,1180,2
251,833,1241,2
193,1736,948,1
1649,159,396,2
819,906,885,1
439,421,1778,3
133,3,418,2
1355,229,1127,1
1538,1265,1551,2
1795,1223,1844,2
437,85,1208,1
1285,1077,1464,3
264,1206,1297,2
1023,1014,897,3
542,1673,1098,3
1704,1437,168,2
599,635,132,3
638,788,657,1
906,1516,521,2
20,327,1221,1
1831,1661,823,1
983,542,855,2
450,1828,1438,3
777,303,1761,2
1378,211,1828,3
748,616,900,2
143,1291,1640,3
920,1766,1547,1
1436,506,290,1
1216,137,1432,3
1667,1220,1023,3
996,954,426,1
1345,1663,1772,2
666,785,1032,3
1776,1030,378,3
1507,1703,328,2
267,435,57,2
344,1028,1289,1
555,1710,969,2
1248,1072,1337,1
385,1178,246,3
169,506,1737,1
1452,581,1291,2
39,577,95,2
210,1461,779,2
1312,1235,1529,1
1748,911,230,1
1705,1394,206,2
92,747,309,1
26,514,604,2
1504,912,1692,3
1661,90,339,3
776,1366,1587,2
262,742,1560,1
223,1062,1249,3
1409,527,323,3
1603,779,419,3
680,1271,1582,3
231,727,1005,1
990,1278,443,2
1023,1546,1600,1
654,411,1373,2
936,1133,726,1
124,1649,460,1
686,26,1490,2
741,1178,1461,1
832,246,948,2
680,690,884,1
1649,1578,903,2
1417,1015,1354,2
1074,183,1610,1
1650,1545,1572,2
783,690,13,3
1620,933,1771,2
1245,453,1743,1
14,507,1809,1
176,106,1839,3
1418,441,613,2
55,720,937,2
1079,1143,452,2
1424,1376,1773,1
1213,500,1214,3
1386,1250,953,1
1390,1467,333,3
1462,1015,763,2
123,248,1274,1
801,740,1539,2
101,1183,1701,3
764,853,323,3
1082,524,472,2
105,1201,731,3
24,1547,105,2
1410,1634,421,1
1772,1340,1702,2
508,1087,1823,1
356,1660,100,2
363,440,219,2
702,1789,394,2
231,649,406,3
1014,383,650,1
754,1553,628,2
1447,1567,1767,1
395,63,1050,2
1795,1586,11,2
1215,356,1,3
191,132,1459,2
133,1776,1515,1
297,994,1193,3
1017,388,1086,2
1319,1364,1778,1
356,1800,64,3
907,966,1575,2
1642,1789,482,1
272,1500,1357,3
1196,916,977,1
1842,1371,459,2
487,1462,1558,2
633,685,262,3
8,100,918,3
357,40,1500,3
262,2,46,3
642,825,614,1
1633,1822,1129,2
1149,832,1489,1
1725,1069,208,1
1511,249,677,3
1675,925,1514,3
1539,1531,103,3
473,1074,1570,3
236,808,352,1
131,1160,1245,3
106,1827,1144,1
399,1770,1363,3
1674,1529,1556,3
1088,113,329,1
1563,372,559,3
1249,1150,1293,3
1723,496,118,1
1159,1842,746,1
1408,47,1636,1
1654,602,468,2
1658,878,1570,2
955,219,602,2
1055,1476,1489,3
1104,1614,1139,2
1191,127,195,2
1414,327,1701,2
1137,517,745,2
1258,471,167,3
1240,1274,512,3
93,1553,978,3
317,1589,1190,1
203,1198,1523,3
1108,680,1589,3
1587,1726,692,1
1595,326,380,1
1453,939,39,2
433,1271,840,1
380,785,1835,1
877,971,1304,1
1239,1567,972,1
268,595,250,2
1133,1730,553,3
422,1241,205,2
1445,981,216,3
428,969,713,1
1698,74,732,2
850,417,741,1
531,922,1395,3
313,1677,1625,1
1260,1078,1022,2
455,507,1513,1
195,1571,1158,3
411,745,986,3
1585,595,76,2
101,44,727,2
749,141,1569,1
966,1539,294,3
711,1211,885,2
1571,1346,632,3
1481,1625,818,2
1020,742,1490,3
565,62,1602,1
1515,1293,1250,3
168,1658,1564,1
1422,390,611,3
1792,668,273,3
1734,964,1548,3
143,1652,1046,3
140,1766,866,3
419,985,467,2
828,685,1478,1
554,1415,1683,2
499,636,2,1
899,239,1054,3
1496,98,494,1
152,1748,381,1
800,1314,1578,3
1300,1178,1847,2
586,629,1124,1
803,297,1318,2
221,229,1722,3
537,663,178,3
223,233,1203,2
1306,1797,1507,1
616,1709,358,2
1338,1716,1806,3
1635,155,1355,3
187,446,71,1
609,361,1085,2
1776,738,874,1
1176,1837,1548,1
1252,286,879,3
515,1256,38,2
1433,321,190,1
1460,191,1814,3
1077,607,1157,1
592,1014,1164,2
1472,500,744,2
355,1546,880,2
84,156,1127,2
193,1285,1018,2
21,1508,1215,2
89,1269,1837,1
1220,512,1750,1
481,73,1108,3
389,964,410,3
738,1783,334,2
1052,309,1473,2
879,1395,656,2
1022,1041,310,2
1195,1251,517,1
470,1749,817,3
204,1180,759,3
1591,881,529,2
794,885,473,1
903,1204,1698,2
467,374,1249,1
1607,1253,401,3
1010,800,946,2
1189,457,938,2
497,130,705,1
28,359,949,1
1836,844,846,3
316,538,1254,3
58,1354,290,2
763,329,1673,3
799,1367,1350,1
627,1363,79,3
1065,726,1539,2
818,388,405,1
815,1045,623,2
1025,163,858,2
161,1825,375,3
718,1064,1726,2
451,21,177,1
586,86,1453,2
1160,529,421,1
229,741,1483,3
703,276,1268,3
134,948,980,2
1074,1233,1542,3
1593,1600,1293,2
1528,552,1647,2
1047,272,446,3
1502,524,228,3
515,1593,1296,1
1833,1337,1466,3
1136,50,1429,1
1329,1574,200,3
1111,458,1825,2
1171,1369,200,1
623,1457,1091,1
1284,1350,154,2
1123,1308,180,3
1136,786,537,2
1321,737,1753,2
1493,1768,118,3
826,1037,582,2
874,1158,848,3
367,817,689,2
1578,1675,1036,3
1754,495,1733,3
910,1540,1266,3
956,1115,1205,3
1151,841,1533,3
193,1227,1709,2
662,1641,686,2
781,917,1301,1
428,265,886,1
1025,1373,430,1
223,215,949,2
128,249,1784,3
867,407,1597,1
470,623,671,2
301,412,1091,3
845,1778,157,3
1516,1637,100,1
1761,126,757,3
710,1242,1047,1
248,1526,1024,2
735,965,1672,2
1262,1693,334,1
317,1253,1773,2
328,717,1681,3
387,1286,1401,2
1822,768,943,3
1800,248,810,3
1039,1844,297,1
919,980,873,2
1847,940,1693,2
1520,1,221,2
416,1213,90,1
1556,625,1306,2
1198,850,643,3
416,559,442,1
454,1501,371,2
1424,625,657,3
36,1225,662,2
291,1500,1008,1
1485,1454,1017,3
1679,1026,1689,2
1356,925,1636,2
950,118,5,2
1556,1389,272,1
21,513,1355,1
1123,625,1677,1
1177,528,271,1
1768,182,1543,2
60,1611,1623,1
1087,490,1023,3
885,935,1058,1
1338,1508,1001,3
865,1660,1358,1
1644,548,1776,2
881,609,516,2
898,76,543,2
440,1744,1067,2
317,1307,1618,2
627,1635,1478,3
1651,762,1373,2
960,1558,398,2
1472,432,1298,1
1463,1790,1132,3
1246,1412,981,1
207,1258,1792,1
215,510,1432,2
595,119,1551,1
1384,1275,874,1
678,339,1189,1
364,1537,108,3
220,547,550,1
1130,912,1663,1
139,329,201,3
760,170,745,3
912,108,1158,3
1541,1334,1669,2
1001,993,1087,2
1088,177,1261,1
727,1606,122,3
1076,61,695,3
283,45,907,2
1410,774,1349,1
462,1575,1228,2
1650,1823,339,2
558,437,1038,3
1661,241,1313,2
792,765,1073,3
1832,681,529,1
1607,59,1681,2
839,396,1213,3
1334,1217,1728,1
520,973,1087,2
1188,1338,1268,3
506,105,1009,1
1345,164,727,3
983,832,1235,3
1766,243,1071,1
291,1392,23,3
1774,1549,100,2
381,909,1843,3
1482,614,334,3
579,781,966,2
655,270,1352,2
1389,1538,439,2
214,1113,1333,2
784,1035,1828,1
615,406,1033,2
878,1227,1424,2
1401,280,1232,2
1033,1349,475,3
1495,1147,230,1
536,1058,798,3
1464,300,96,3
2,540,1503,2
116,1234,1587,1
329,741,1170,1
1134,928,163,3
823,1024,745,3
1609,1414,815,1
1068,109,771,1
1336,698,906,1
1277,348,1475,1
1730,1463,439,3
1352,285,703,3
646,269,821,2
976,1728,301,2
1401,175,1136,2
308,975,1244,2
247,349,358,2
900,280,1473,3
1644,81,152,3
107,1785,1836,2
994,603,1192,1
1562,944,1850,1
405,457,1118,3
954,100,796,3
123,17,486,2
1106,689,1406,3
493,871,217,1
1733,1492,783,2
535,1727,394,1
1634,438,1129,1
352,376,149,2
1088,1076,1245,1
748,1556,1836,2
431,988,124,3
285,1757,1490,1
1347,302,1123,3
650,1772,352,3
554,1189,1108,3
718,1322,386,1
1200,269,790,3
1316,1830,431,3
1052,602,681,2
1670,1799,195,2
1391,622,380,2
38,1227,40,3
1065,938,452,1
165,998,1360,3
1385,1066,1099,2
1571,939,1208,2
922,1836,126,3
466,1276,1735,2
1215,1064,1571,1
1089,242,199,2
911,1720,244,2
209,60,729,3
403,92,1026,3
1147,726,20,2
168,531,631,1
487,1429,1167,1
1560,1675,1743,3
978,1119,1376,2
1118,1211,1426,1
265,818,874,1
1609,1410,1354,1
83,1300,574,3
1327,1601,520,3
1264,1837,1642,2
415,188,1238,3
1488,208,1644,3
790,1298,1124,3
175,800,647,3
104,1082,1667,2
280,151,1264,1
22,1045,256,1
1022,1173,621,2
755,1809,1214,3
328,1290,759,3
440,1295,1346,2
592,419,147,3
233,1276,140,1
1792,618,197,3
268,334,1736,1
287,853,812,2
866,1362,414,2
956,586,720,2
57,312,698,1
98,786,568,2
1686,1799,1005,3
3,1299,763,3
889,1815,142,2
1827,630,1188,2
1752,1827,1492,1
550,1783,1701,1
1578,1297,1657,1
1581,1146,1090,2
1187,121,1066,1
1081,1149,73,1
1010,348,400,2
1784,1336,155,3
1167,296,741,3
19,1747,1588,1
827,18,1213,1
1480,762,1633,3
180,1484,921,3
98,1557,347,2
1325,218,1367,3
1289,1376,625,2
680,1620,359,3
1683,1603,1178,2
1093,970,219,2
1832,1270,1568,2
83,414,177,3
475,562,1795,1
256,36,1639,2
675,841,413,2
49,1543,263,1
1324,1499,1044,3
1590,10,1288,2
53,655,1010,3
1528,124,669,3
1266,1645,1056,1
760,775,1027,1
946,713,1146,3
383,1725,278,2
654,761,963,2
1106,1677,643,1
342,54,1448,2
1532,412,838,1
768,59,1284,2
456,253,132,1
1425,350,849,1
652,1732,1373,1
364,283,812,1
692,20,255,3
1788,649,738,3
1087,451,1699,1
817,1305,1546,2
769,1101,852,1
1802,1229,1389,2
366,1006,1838,2
756,1104,517,2
546,1007,1271,1
1425,1506,1090,1
1809,824,151,3
982,408,672,1
181,350,145,2
1289,1767,904,1
1609,966,1270,2
937,1143,1273,3
1740,175,218,2
1658,1057,970,3
1053,446,724,1
1246,1119,1625,3
184,752,1733,1
1725,1481,602,1
1526,153,662,2
1423,764,251,3
347,25,1103,1
584,682,1262,3
1194,1838,1209,1
1810,593,636,1
1851,242,1817,3
988,560,496,2
1418,563,978,1
118,1376,1773,1
1393,418,55,1
1094,1057,1807,1
106,93,988,2
1096,760,1399,3
889,369,195,3
1378,1249,986,2
1747,530,989,2
737,1505,1256,2
1696,1801,830,1
1484,1154,1840,2
1340,1108,1729,1
879,709,1090,1
1789,65,240,1
683,377,978,1
677,1641,464,1
971,1296,469,1
1448,648,1597,2
1841,932,1588,3
1204,1262,354,3
1600,81,559,3
685,265,1670,1
1497,1440,305,1
1577,1184,1777,3
1000,219,1850,2
1033,1253,92,1
1091,279,1484,1
1050,515,384,2
1109,471,1353,2
430,1650,153,1
635,1605,1700,2
713,1098,1208,1
796,1011,81,3
1002,919,1847,3
1786,1784,1472,2
746,490,1118,2
371,226,701,1
1084,128,261,1
840,873,1032,1
1215,57,1687,3
533,1430,371,3
991,1176,1487,2
1228,1844,1233,1
863,1716,1795,1
1161,496,203,3
1036,586,1600,1
1099,1409,272,1
1050,918,1081,1
685,546,1818,3
136,1826,5,3
475,1511,1828,1
276,1694,455,3
1117,380,1021,1
738,647,1146,1
90,1568,1720,3
1837,1684,949,2
1083,1393,1506,1
109,1795,1355,2
189,1793,949,1
1430,221,713,3
1730,1528,834,1
1744,699,496,2
998,1304,234,2
1767,923,1179,2
251,1804,169,2
568,166,17,2
762,369,442,2
75,1610,77,2
315,1384,221,2
1460,1368,344,1
1437,503,1169,1
445,996,20,1
1221,536,641,1
373,77,881,2
495,1685,1195,3
550,2,386,1
1370,687,1583,1
982,1833,859,2
499,865,1291,2
483,1408,1109,1
1762,1180,1565,2
827,872,1823,2
1339,773,874,1
892,1017,878,1
1764,882,59,1
1784,1310,955,3
61,1256,1484,1
251,108,207,3
1090,1808,282,3
820,846,732,2
897,483,803,1
217,204,1716,2
1237,826,1372,2
1083,1145,163,2
471,409,54,2
93,1110,1075,2
1686,596,568,2
1461,454,906,3
1272,1844,387,3
1157,1088,228,2
937,521,1478,3
1369,1225,16,1
314,1504,789,3
1819,1120,627,1
1801,1612,676,3
1348,1057,1538,3
844,1629,1335,3
1091,219,373,3
730,319,514,3
1793,461,1016,3
453,66,234,1
1174,1635,1527,2
799,260,101,2
1352,1807,231,1
1229,1472,505,3
1721,1665,654,3
1770,1380,340,1
477,852,949,3
1040,1669,1601,3
1017,942,1187,1
1809,606,144,1
898,1173,1669,3
1534,691,586,3
1740,300,1281,2
1117,1660,1486,2
413,222,1534,1
1801,1403,777,1
942,271,1238,2
1221,836,1523,1
624,254,1320,1
843,356,696,2
1003,1586,633,1
1210,990,495,1
691,1749,823,1
1499,1387,1765,3
574,1306,1268,3
1267,1426,550,3
1680,333,415,3
1136,1492,964,3
791,652,700,1
1598,1614,538,1
1222,1591,993,2
1176,998,1752,1
192,1794,772,2
351,1703,1472,1
1652,1130,617,2
872,231,292,3
64,1182,1790,3
259,1442,448,3
882,1816,618,1
1305,390,639,3
667,1836,236,1
935,518,1716,1
1102,1839,628,3
919,1059,1840,3
953,214,1693,1
1368,1785,244,1
438,834,663,1
298,208,460,3
1486,736,257,2
1506,545,1326,3
33,1361,651,2
359,689,1310,1
1488,1766,118,2
695,1846,92,3
589,1678,1144,1
679,1532,1388,3
1442,1266,700,3
406,254,1132,1
1133,321,1745,3
7,1340,1357,2
355,1249,593,3
1597,55,286,2
1740,327,1765,2
1138,1540,1207,2
96,468,1532,3
1820,146,1562,1
1801,524,1274,1
1633,1733,1126,2
1684,219,417,3
401,693,518,2
51,551,1825,1
891,652,38,1
1821,1352,1757,2
1516,617,1036,1
1217,441,1533,2
627,1350,168,3
397,1714,1783,2
53,123,1659,1
1809,17,1680,3
815,1507,44,3
1472,463,793,2
993,931,1258,2
1168,1238,1470,1
329,723,1265,2
597,1332,25,1
679,1825,734,3
841,438,1765,1
73,687,64,3
1327,867,1041,3
555,859,780,1
961,934,394,2
1696,887,221,3
1316,553,1209,2
181,1826,602,2
780,1279,1580,3
1346,177,633,2
1360,463,800,2
1753,860,1393,3
1815,1667,854,1
1795,438,209,2
1672,1121,1328,3
224,667,380,2
374,1678,850,1
325,366,1044,2
1610,1149,1064,3
1787,583,999,2
38,1767,690,3
253,1164,273,1
188,1181,1509,2
958,1620,778,3
80,939,514,2
1635,235,1589,3
663,1030,286,1
818,111,62,3
1042,922,1317,1
392,1292,612,1
127,260,895,3
1831,395,381,2
487,520,1150,1
477,1362,1147,1
665,778,1057,2
266,1826,539,1
859,640,1612,1
389,1819,559,3
912,1039,1654,2
358,348,1101,2
602,1136,459,3
606,1350,605,2
340,78,1745,3
1349,1689,254,3
1190,1577,1069,1
449,770,505,3
1595,232,1665,3
1125,1520,601,1
1166,499,125,1
382,30,937,2
331,537,961,1
1438,1807,651,3
518,1408,1441,1
543,78,571,1
481,580,648,3
1572,1565,1793,1
1581,1138,336,3
1777,627,1571,1
1070,1445,1623,1
811,855,541,3
768,1435,998,2
1223,284,1741,3
1369,152,1396,1
1246,1728,92,1
1619,1572,700,2
881,1825,738,2
204,1016,839,3
675,831,1801,2
466,1545,271,1
1356,1535,1350,1
814,969,1673,3
1733,1199,952,3
1225,1437,135,2
750,1794,1363,1
29,753,1360,2
967,1668,610,2
1028,931,1339,2
1471,97,1622,2
386,958,467,1
175,485,1578,3
74,1716,1408,2
1827,720,1166,3
1807,1768,958,3
1538,1779,1114,2
1687,193,34,2
912,1226,11,3
1790,1559,119,3
109,1700,1838,3
1,1534,64,3
1097,888,1010,3
866,332,1424,3
1247,1470,996,3
490,210,1340,3
1204,1253,242,2
730,1015,678,2
703,689,51,3
1640,1106,1804,2
185,1359,1843,2
800,711,303,3
978,1674,238,2
1699,1116,55,1
58,171,1197,2
1631,1844,142,2
923,1845,1372,2
306,381,1830,1
805,339,489,3
1438,550,819,1
486,357,343,2
1171,1813,877,2
491,980,478,2
898,33,1288,3
1571,677,1831,2
842,1486,219,1
1075,1692,1066,1
672,1012,1246,1
1222,211,773,1
1726,195,1791,2
1792,1667,482,3
892,1552,915,1
600,1390,11,2
1090,700,743,3
1198,322,1812,2
1816,460,1044,1
835,1432,81,1
784,820,655,1
92,402,96,1
1468,1803,1770,3
1322,635,318,2
1189,158,408,1
695,1297,50,2
1143,143,1500,1
391,43,1330,2
1567,1208,369,3
794,815,484,1
319,54,1669,3
1282,1460,1714,2
1600,26,1526,1
1350,1196,443,2
807,933,904,2
187,1311,976,3
1438,985,813,3
1852,1146,796,3
1649,1612,869,2
1560,1643,319,1
1345,1823,315,3
921,936,226,2
1291,517,482,3
548,53,1261,1
1288,1251,1259,2
588,538,964,2
710,646,337,2
341,965,1281,3
1161,924,738,1
7,1276,224,1
1340,1728,481,2
186,174,266,3
1009,1722,1112,2
560,1443,536,2
699,1418,1209,1
937,1498,1548,3
1114,1416,1290,1
801,1655,1077,3
457,1162,898,1
1581,32,326,1
327,294,395,1
1495,478,1693,3
1745,176,11,1
476,1083,390,1
1851,54,335,1
1297,229,316,3
1394,1305,184,1
233,228,1649,3
859,162,1690,1
454,1220,320,3
1533,74,838,3
911,975,1702,3
1568,1442,275,3
1279,1025,167,3
433,1111,400,2
930,1048,708,1
192,891,1079,1
1030,1847,1027,2
30,1282,14,2
1174,1113,451,1
1345,1793,1708,2
1036,1152,622,3
210,181,234,3
65,666,794,2
901,817,25,2
1022,832,1470,1
96,310,895,2
1067,609,1528,1
1299,1732,1823,1
1152,1535,84,3
62,1416,1343,1
953,1734,1120,2
181,1130,1444,3
1668,444,324,2
1606,281,900,1
1083,1663,836,3
984,1407,686,3
1369,1440,156,1
353,99,141,1
1021,1735,286,3
382,964,932,1
97,811,1229,3
75,1779,371,1
1279,744,1051,2
1786,48,1831,1
1768,796,462,3
836,1803,463,1
1819,1616,1401,1
1415,1727,238,1
1499,1412,1212,2
900,628,1207,1
770,520,1229,3
443,1452,1002,2
692,542,1641,3
327,834,194,1
1362,1392,502,1
953,509,374,3
246,1782,782,1
1824,923,713,1
1631,1286,587,3
1238,202,175,1
31,1265,414,2
1486,151,1379,3
869,667,471,1
351,604,146,2
74,867,1349,2
1073,1784,57,1
1013,1724,1278,1
941,1324,1109,2
1800,901,260,3
1299,1153,587,3
685,752,519,2
534,1803,1170,2
887,1674,444,2
940,1226,3,3
1181,287,1320,3
2,242,389,2
1089,552,1780,3
1169,311,1103,2
347,1181,1174,1
1233,1265,1029,3
724,1391,1215,1
1816,730,1474,2
543,1212,1768,3
1678,609,550,1
569,1026,1012,2
1488,1165,466,2
679,413,1119,2
790,1775,1134,2
710,39,804,1
1751,1740,323,3
307,263,1351,3
988,596,1342,3
1253,1075,67,2
1600,165,926,2
947,451,802,3
123,1431,299,3
1022,1522,930,3
1553,607,495,2
520,1326,1174,2
1072,768,164,3
1844,1760,164,3
61,1491,36,3
255,258,761,3
568,837,819,2
695,1693,1591,1
1563,1785,904,3
1851,681,582,2
1834,1616,997,2
1520,1530,636,2
413,560,200,2
1210,705,1425,3
406,420,191,3
1659,65,1616,1
1131,1479,1106,2
773,217,400,3
1116,188,690,3
426,1257,1053,3
323,1204,763,3
1036,160,1536,2
356,1250,754,2
562,301,1262,1
1173,1725,724,1
1553,1816,645,2
1236,649,1237,3
54,1652,269,1
497,1061,220,3
445,585,1252,2
446,1204,450,3
41,161,373,2
278,19,349,2
1447,76,1817,1
152,203,1450,1
749,39,1725,2
1078,1122,1752,1
819,1778,1277,1
594,1490,1034,2
53,1812,354,1
1761,1737,1170,2
803,1059,1660,3
1011,1419,1656,2
229,147,1733,1
885,1216,184,1
757,744,1800,3
1222,319,1823,1
521,980,137,2
400,87,412,2
1568,552,268,2
976,1494,33,3
1418,1089,1007,3
1364,1625,1499,2
1590,1391,1598,2
294,99,1576,3
579,1186,1380,3
1682,103,368,1
443,519,161,1
307,1141,304,2
1411,467,1099,1
1183,1555,1564,1
1692,1807,1449,2
70,1593,1683,1
1565,147,520,2
1113,946,602,1
1034,1780,367,2
1793,405,416,1
65,492,137,3
633,551,1675,3
1022,894,960,3
1027,442,258,1
433,1666,1583,1
403,1404,718,2
295,770,1293,3
1432,282,1274,1
1151,750,1837,2
263,534,1291,2
975,743,1498,2
1508,1526,1828,3
367,928,502,1
1124,1324,571,3
783,721,1264,2
1378,1271,1573,1
1481,1627,1296,3
764,662,791,1
1101,1555,728,2
572,561,1436,2
1710,1638,633,3
1766,985,439,3
572,1366,1005,2
677,952,1689,1
671,1711,1718,1
1638,410,1139,2
1843,1399,447,1
660,1426,671,2
768,772,119,2
529,403,263,3
1143,55,57,1
1745,283,1766,2
1329,1407,997,1
1188,28,305,3
631,636,1850,1
1212,1092,1656,3
1847,1088,805,2
300,1270,461,1
1823,610,370,3
370,795,1000,1
167,1799,778,1
629,1804,968,3
1445,1350,1265,3
761,1693,1088,1
100,468,1194,1
1560,452,1133,1
1333,1747,785,2
781,848,119,2
235,297,1031,1
1411,1062,1789,1
33,622,1416,3
71,33,232,2
549,1578,1830,2
1248,1388,1762,3
1462,109,1018,3
741,1448,1191,1
303,1681,252,3
1309,1841,852,1
1705,1605,1600,3
510,921,288,1
698,948,1305,3
569,1718,329,1
1102,1670,1011,1
529,442,1732,2
1199,654,1223,3
1839,907,97,1
767,882,1208,1
318,1609,829,3
578,1369,1638,2
765,824,1844,1
833,1021,1756,2
125,896,1173,1
1519,454,1500,1
3,1001,807,1
1194,1688,646,1
387,1151,574,3
227,14,11,2
340,1559,885,3
1400,21,1102,1
1150,1282,1828,1
778,1765,1695,1
302,337,986,3
1363,1823,590,1
1550,617,112,1
693,1564,1829,3
1034,567,817,2
1555,1034,674,3
65,683,1740,3
509,1284,1015,3
1430,5,904,1
605,217,1188,1
517,786,219,3
31,803,1130,2
710,198,270,2
7,753,289,3
1002,920,377,2
115,401,294,3
1662,647,600,2
1141,1176,117,1
283,1270,1532,1
972,1646,613,2
641,387,1714,3
725,622,1576,2
191,1464,552,1
1848,1790,1117,3
1057,408,434,3
1293,401,104,1
1784,854,1484,3
1053,1508,392,3
1646,17,1323,1
1357,1101,1252,2
881,1178,200,3
842,463,1402,3
1210,1294,1001,3
157,66,773,3
1512,224,1024,3
58,789,830,1
1642,1578,888,3
611,771,21,1
325,645,686,3
878,178,1213,1
1202,104,1263,1
481,98,969,3
742,1095,854,3
416,1299,1260,1
943,627,221,1
794,302,103,3
455,1586,1778,2
424,443,1239,2
1031,520,1158,2
272,1425,1697,3
714,1625,601,3
696,135,525,3
709,518,1711,2
880,1492,422,2
1246,1549,1086,3
101,1669,1413,3
1430,391,1273,1
1535,60,341,1
759,252,634,1
1765,316,1078,1
475,1261,408,1
841,1593,361,1
1579,521,1493,3
129,1608,769,2
987,443,1307,3
372,433,1108,2
270,30,1072,2
107,1568,932,1
1576,1592,372,1
238,204,844,1
1598,1612,1718,1
1523,641,1017,3
1146,1286,324,3
1151,1242,118,2
1212,1448,1475,3
1510,600,1808,3
787,1694,294,1
1677,748,604,2
1727,1005,1765,3
28,1039,763,2
1687,774,472,1
168,1804,288,3
1299,330,1413,1
286,1591,505,2
1012,215,359,2
1579,160,765,1
288,823,785,2
772,207,998,2
1853,983,19,3
831,1303,690,3
1551,490,276,1
367,1114,1615,2
109,399,1613,1
302,440,1496,2
1562,31,1402,1
1261,27,1244,3
1044,1579,596,1
745,1263,1748,3
851,81,1197,1
1412,1795,325,3
74,622,758,1
611,1512,891,3
1273,627,639,3
1202,268,856,2
1400,1652,84,3
1101,1516,959,2
891,144,213,3
955,232,264,3
1670,1342,1618,1
371,1468,1184,3
943,580,1461,1
1086,1080,1568,3
331,548,593,3
1777,232,1279,2
500,1541,1551,2
967,780,936,1
1085,1698,315,1
16,387,1134,1
1384,1617,1402,1
1556,75,1848,2
206,30,441,1
1814,217,1809,1
1335,1610,885,3
1393,1472,1807,1
54,1262,842,2
1613,1441,1188,3
1000,1145,1730,1
1261,1564,1327,2
166,366,1244,3
93,381,321,3
257,103,1565,3
1388,146,861,1
456,1153,877,1
1615,699,137,3
1752,176,1677,1
1190,1799,314,2
1168,668,417,2
1545,1189,106,3
1712,938,1707,2
453,1084,544,1
1353,947,769,2
368,198,1568,3
1302,243,1433,1
885,1226,1719,1
989,1615,110,1
258,1501,1521,1
1397,1692,298,1
525,843,1165,1
1592,1314,583,2
6,266,1363,1
323,1136,1005,2
9,1452,131,2
417,1730,70,1
354,153,11,2
1376,1357,362,3
493,1389,1058,2
1233,1329,418,3
1379,1676,1535,1
1195,1320,1677,3
1201,1437,1414,1
147,464,870,1
1162,505,329,3
915,985,231,2
900,386,1844,2
34,559,669,3
1433,636,855,3
499,1273,879,3
84,1408,593,1
1296,1149,1327,2
1243,836,313,3
1308,1829,1657,3
1051,178,525,3
1758,722,658,1
543,701,1379,3
1582,1355,591,2
1613,1113,777,3
1664,1109,704,2
1386,1467,468,2
1835,1734,884,3
1383,577,648,3
6,264,1493,2
718,1683,31,2
1629,657,400,3
217,1633,1498,1
1491,196,840,2
1800,768,1380,2
873,1046,1257,2
1455,946,984,1
1623,1850,1006,2
1094,106,1854,2
579,143,724,1
1703,430,1812,2
1457,1492,1094,2
1421,1749,174,3
1793,1766,400,1
511,822,193,3
1812,474,1280,3
210,820,1783,3
1067,1458,1603,1
167,1420,1822,1
1495,173,1471,2
794,368,649,1
479,557,611,2
493,724,801,2
997,1289,1796,1
1605,698,695,3
1360,1662,1228,2
1733,1738,1522,3
1424,230,1317,2
1195,117,1679,2
1702,600,950,3
1681,1479,433,1
167,1114,1378,2
525,234,552,2
1568,1502,1653,3
269,212,1550,2
174,948,275,3
353,969,1237,2
476,1471,1367,2
1120,1727,985,3
320,1217,1220,3
1476,520,138,1
757,1581,1254,1
1430,270,1410,1
88,721,1499,1
398,682,258,3
1092,1577,1512,2
1629,806,95,2
1487,1172,888,2
1809,381,293,2
240,1012,1455,1
1706,379,1045,1
191,280,939,2
878,1650,291,1
588,668,425,3
631,1714,422,3
1505,3,534,3
166,88,1500,1
13,428,1005,2
1353,1003,942,2
1757,1400,197,3
1200,1435,914,1
1040,994,1208,1
1388,114,1021,3
23,1061,1097,1
670,437,1105,1
219,228,822,2
1851,1176,574,3
1770,614,790,2
502,439,1279,3
247,968,872,1
197,381,341,2
591,195,536,3
1737,870,1610,1
862,1187,338,3
846,406,167,1
1222,1731,845,3
390,1719,1489,1
1470,34,41,2
593,1758,1175,1
1598,1575,32,3
1230,168,1543,3
1149,797,1507,3
593,1213,522,2
441,1120,1623,3
199,1013,999,2
885,633,1677,3
1599,279,144,3
271,1056,188,3
504,134,1668,1
673,826,1428,2
826,1061,847,1
1401,1405,539,2
1069,1851,1545,1
920,998,828,3
1319,789,540,1
218,438,53,2
962,1781,1584,3
1713,1449,1020,3
552,608,1146,2
324,1318,1628,3
1431,402,409,1
1673,1516,854,2
1151,182,1750,1
1697,781,1400,2
217,1692,1245,3
157,487,769,2
1198,69,941,2
1259,1202,206,1
1206,1268,796,1
1362,125,817,3
1722,1603,1123,3
1148,1285,246,1
299,1262,894,1
1412,272,226,3
1714,1142,135,3
889,1040,1353,1
819,960,264,3
1365,128,1707,1
1378,602,267,2
195,1650,271,2
1083,1271,685,1
1847,1044,1329,2
1051,758,271,1
1492,1174,1599,2
116,1744,326,3
1745,1536,1594,2
1680,59,763,2
541,1387,1788,1
1547,650,1198,1
1820,899,364,1
1711,844,530,3
671,1482,275,2
1442,1350,376,1
976,397,934,3
718,3,970,1
1801,1697,1790,2
587,812,1412,2
964,1137,1552,3
1512,1495,966,2
727,1452,1260,3
1764,1160,450,2
1513,685,299,2
1177,682,1692,3
241,800,427,3
1232,1663,1100,1
59,1778,527,3
453,1440,1612,3
231,1250,1836,2
1039,877,1616,2
884,686,538,3
741,271,342,3
1303,552,428,1
1540,446,1290,1
1193,1067,1371,3
470,1167,490,3
1216,1299,210,2
1359,483,754,1
486,121,1289,3
943,945,1760,1
1438,1577,162,1
1508,1635,113,1
1276,1079,192,3
409,1775,1588,1
1697,238,1824,1
443,410,1281,2
1527,1164,284,1
781,125,591,3
140,969,1846,1
840,1530,1314,3
216,1450,776,1
1649,1628,342,1
1312,211,985,3
562,14,706,2
380,92,1817,3
30,373,365,1
1000,208,852,3
1746,664,324,1
1810,1803,1837,2
1844,1595,1453,3
26,150,845,1
1379,1063,95,2
988,1408,1562,1
171,1385,1008,2
1274,492,1763,2
462,1111,979,1
656,1646,1812,2
881,871,1109,2
57,1246,1370,1
1639,1326,632,3
1820,322,27,1
207,1453,700,1
1700,48,54,3
1706,1185,185,3
1620,272,517,1
716,624,1151,3
1218,273,812,3
1708,1427,218,3
1058,1597,1351,3
969,598,249,2
1013,1587,1074,2
1054,684,1726,1
352,28,244,3
310,761,620,1
486,1714,1009,2
834,1422,615,2
1759,1128,602,3
945,447,1271,3
146,1782,1280,2
883,1670,1578,1
714,1680,1043,1
1646,1792,614,3
1746,49,914,1
1778,589,1562,1
653,1474,1524,1
1178,1539,1102,2
479,303,1812,2
1014,739,892,2
84,912,1030,3
17,1360,948,2
1395,96,1233,1
1383,602,918,1
1225,1312,851,1
996,292,485,2
874,707,1485,2
1735,567,1670,3
1067,103,337,3
613,892,204,3
629,1791,1131,3
85,56,68,3
719,852,519,3
453,1189,532,1
1405,460,995,2
677,976,233,3
696,1678,777,1
1445,1041,48,3
1104,1535,1480,3
1500,709,1785,1
1075,1282,1275,2
1362,149,1330,1
824,185,193,3
1003,1117,1170,2
1092,1474,682,3
363,1473,344,1
1045,201,23,2
1640,1039,29,2
1514,502,1846,2
1599,1178,719,3
1838,1319,650,1
105,1347,36,1
615,635,1287,1
252,262,174,3
19,749,1383,1
986,762,1775,3
1569,1314,442,2
1438,535,1745,3
25,219,232,1
576,982,538,3
157,116,1132,2
1746,1447,173,1
597,371,38,1
811,775,175,2
189,939,1783,3
1419,1483,35,3
273,679,892,3
1485,1493,316,3
1005,495,1414,1
1548,1249,1364,3
1536,523,972,1
181,606,1705,3
535,1047,215,3
861,1592,48,3
968,1043,1274,2
521,259,1737,3
1710,1587,129,3
620,584,895,2
330,584,874,2
705,1276,1550,3
983,1754,1612,2
508,418,897,1
1834,1045,1082,3
883,1391,1209,1
624,303,1317,1
647,1703,338,2
395,102,382,1
199,726,1065,1
416,656,1373,2
504,1334,136,1
388,957,47,2
1401,987,92,1
319,1441,1131,3
1605,491,957,2
1009,1482,1390,1
386,1358,1500,1
1355,1391,1374,2
505,1090,565,1
1328,246,384,3
1331,1002,454,3
1730,525,932,3
393,403,1083,2
1624,592,1309,2
149,700,1355,3
1301,221,758,3
505,573,1622,3
593,1046,1595,2
1495,1757,287,1
893,365,148,2
841,47,1111,2
1619,1704,168,1
1393,1002,186,2
1167,928,1482,3
1351,97,549,1
1724,1753,920,2
413,1516,1378,3
940,58,278,1
275,549,359,2
1370,1792,772,1
1254,1044,1056,2
378,1340,1605,3
94,691,1710,3
848,590,833,2
125,657,819,1
1789,563,1646,2
1186,836,1372,2
1336,1624,616,2
770,781,588,2
1795,1083,1717,1
584,1421,1074,2
1347,1820,748,2
910,1288,1770,1
163,1625,712,3
1695,912,1845,3
1235,636,259,1
1777,74,1684,2
1492,1201,846,3
93,1457,814,3
974,1094,479,1
1606,244,1531,3
1466,1680,709,3
594,1275,476,3
276,978,560,1
1210,576,1368,1
15,1047,1737,3
1163,1060,1388,3
295,37,556,3
282,1589,1489,3
1248,1416,1725,1
839,139,1409,3
1315,1008,436,2
1080,1784,5,1
482,669,77,1
1257,412,584,1
134,1779,1276,3
368,1639,896,1
876,754,487,1
1664,268,1263,2
519,658,1551,2
1838,325,1768,3
1258,1765,1172,2
690,50,903,1
1792,192,142,1
999,319,450,2
1170,993,345,2
1138,289,1782,1
1718,1788,987,1
805,8,19,3
448,195,688,1
1713,620,1649,2
89,1026,304,1
1161,593,1005,2
288,260,300,3
921,1026,556,2
427,246,1606,3
1417,1018,629,1
1678,1472,1351,3
1672,310,589,1
1315,1099,70,1
1338,749,671,3
654,1617,1608,2
1180,1231,815,1
370,1170,998,2
793,912,540,2
803,815,948,2
553,1632,388,1
1602,761,916,2
1688,1113,1716,1
1404,1368,290,3
472,1440,798,1
162,379,1428,1
989,291,45,3
334,1428,771,2
1612,733,104,1
1308,1412,957,1
1844,515,503,1
45,608,598,1
1015,1452,157,2
43,927,537,1
504,1328,841,3
281,1492,379,3
1795,619,1362,2
1364,751,1604,1
1789,631,394,2
716,1103,1540,2
1576,1569,1020,1
1712,268,1024,3
173,354,1502,2
175,611,1096,1
102,781,1072,3
1821,353,1200,1
191,971,1742,1
1084,1242,1265,2
793,1294,1322,2
1452,204,937,3
1810,423,109,1
1498,524,1184,2
249,739,1533,1
1227,225,899,1
207,1439,230,3
1049,1349,1020,2
139,292,1720,3
82,12,626,1
1578,1807,518,3
873,985,348,2
925,1660,1056,2
1381,513,1380,2
1514,1373,765,3
453,981,1126,1
236,501,1381,3
419,1194,999,2
596,1508,1132,3
1515,322,1216,3
1494,1357,234,3
154,411,1760,1
832,1465,249,1
815,1067,884,2
1343,358,1416,1
1384,28,675,3
1319,941,446,3
789,916,897,3
1522,416,1036,2
899,922,671,1
189,891,1690,1
1294,646,414,1
162,1215,864,1
1509,105,393,3
1263,932,553,1
1471,215,1485,1
472,731,944,3
1077,1314,930,3
1797,1682,1502,3
1394,1501,1675,1
1084,1545,1332,1
63,1292,297,1
503,507,925,1
135,1172,676,2
183,1335,612,1
1573,1842,526,3
1086,1668,1523,1
1415,930,1788,3
430,577,418,1
227,1264,84,2
708,1569,1041,3
1225,413,236,2
454,176,1091,1
823,1156,235,3
985,405,941,3
659,1725,319,1
764,1678,1117,1
1074,387,171,2
1571,1837,1015,1
730,1777,245,3
815,247,1772,1
356,1254,883,2
263,407,1315,2
296,444,1479,3
1741,194,1183,3
1417,1164,791,3
7,225,529,2
257,995,1573,3
1818,185,821,1
516,441,700,2
1079,272,930,1
1284,410,180,1
1285,382,15,2
1015,1604,250,3
1403,1050,1428,2
1493,1651,1815,2
913,640,40,3
66,1706,505,3
700,1418,1385,3
1409,759,194,2
205,858,1088,2
1521,1418,552,1
730,1843,596,2
1623,170,654,1
428,1061,880,1
887,526,380,2
1532,312,417,3
972,1143,1271,1
1737,279,1310,3
1782,1841,1361,1
988,702,460,3
365,430,140,2
818,201,843,1
412,1023,587,2
1508,1696,49,2
872,415,149,2
783,146,93,2
1085,1706,984,1
535,1619,32,2
1601,1309,1526,1
449,1587,226,2
92,503,340,1
1718,663,459,2
946,745,1116,2
1469,269,190,1
889,1528,91,1
1822,669,733,3
748,1785,1219,2
1174,655,1097,1
259,657,911,1
1776,1142,448,1
1247,463,1723,2
1773,1548,1094,3
1644,957,1655,2
889,209,1678,3
431,1299,1671,3
802,850,1511,1
1475,1559,623,3
1759,1195,1227,1
595,1606,589,1
1204,990,641,3
185,1045,165,2
1359,1146,1030,2
1107,1361,973,1
149,519,1786,2
469,1302,437,2
213,1667,474,1
1827,1752,1278,1
1282,1611,138,1
468,1260,1513,3
1716,770,1321,3
1773,1182,777,3
1172,1621,1728,2
229,1678,1176,1
1311,484,598,2
672,406,1749,3
137,1802,558,2
353,490,547,1
472,1398,185,3
1711,216,280,2
305,466,1604,3
46,1739,233,2
357,38,1375,2
1479,1360,1213,3
1402,222,1326,3
654,1681,530,2
1489,186,653,1
1292,380,1279,1
220,903,7,3
671,1090,395,1
1205,1145,621,1
1074,909,1541,3
232,230,1293,1
520,1764,465,3
7,1571,1331,2
1359,1792,839,3
32,902,1108,1
1620,219,1194,3
1583,1324,1131,3
461,1543,767,1
149,345,1348,3
421,1143,1817,3
201,896,879,3
605,772,1514,2
1222,1346,1353,1
559,584,322,1
1345,306,1367,2
321,743,500,2
1233,923,750,2
760,754,1245,3
1820,1461,1606,3
1453,468,986,1
1115,1489,226,2
1754,1554,430,3
1850,370,66,3
746,987,1182,1
1756,1586,1594,2
1704,462,139,1
315,1609,462,2
482,658,146,1
1134,63,23,2
87,1612,1492,3
746,1314,1559,1
107,1639,1600,1
1066,1442,1307,1
1008,545,1216,3
825,770,1363,2
1481,1113,1556,1
1494,1846,1679,1
713,723,1710,2
820,972,1811,2
609,906,1174,2
1562,736,672,1
1430,1027,1438,3
531,914,583,3
48,111,658,1
40,645,459,3
653,123,47,1
1282,18,1458,1
249,649,1463,1
1064,660,1188,3
1340,522,539,1
1767,899,1514,1
1703,187,1738,1
791,135,897,2
189,427,1398,1
1507,679,784,1
640,1529,77,2
444,1594,1590,2
344,77,1848,3
405,1224,611,2
719,1498,1340,2
52,343,1159,2
1352,1296,669,1
1397,95,152,2
1204,500,548,2
1484,1741,736,2
1683,1767,1182,3
164,1253,1315,3
1681,705,1028,2
1652,210,1633,2
152,1723,915,3
1023,103,1106,2
608,1261,1557,2
1213,7,1433,2
1385,218,1180,1
996,659,1166,2
583,601,585,2
685,183,1630,1
1177,1000,1519,1
1565,80,175,3
181,689,376,1
722,1537,1265,1
1321,1099,927,3
889,522,105,1
875,316,955,2
516,107,636,1
1503,1831,1230,2
1777,167,1449,3
985,495,524,2
439,1518,307,1
1133,594,1676,2
844,729,396,3
383,1342,491,2
182,1607,1431,1
1819,1056,156,3
755,1667,1374,1
296,918,156,3
1164,1073,842,2
174,1584,879,1
90,619,732,3
1077,1347,245,3
1750,1484,1801,2
411,534,381,2
1200,1457,487,2
941,918,1378,1
1854,412,303,1
1593,1116,1261,3
203,1014,1074,2
1756,1444,1186,3
605,228,1098,1
388,720,1488,1
3,113,945,3
34,451,1823,1
128,1032,329,3
1844,1239,1850,1
798,319,1656,2
1719,881,447,2
261,465,1235,1
234,1425,972,1
693,617,521,3
56,212,1094,3
1365,1809,585,1
1243,1355,545,3
396,1623,1775,3
302,833,654,3
1654,841,1209,1
1455,522,796,2
1553,914,608,2
1399,37,1097,2
398,1573,751,2
531,726,955,2
827,694,1710,2
1265,646,425,3
332,686,1449,3
61,1174,1014,1
630,1429,423,2
1351,185,1827,2
767,313,270,2
944,1325,255,1
1733,1250,1082,1
128,190,1504,3
1588,446,1126,2
242,1320,1275,3
311,152,1041,1
969,1688,189,2
44,1746,1006,2
785,178,990,3
1512,793,1793,2
1296,1688,1415,1
1767,668,185,2
1749,63,815,2
197,849,169,1
324,26,1209,3
1470,849,893,1
435,569,1311,1
323,415,1752,1
1827,488,1686,3
1028,1052,296,1
733,1571,1677,3
1031,9,1074,1
1341,1454,1383,3
682,1340,233,3
302,1582,1660,3
479,55,111,2
1566,568,857,2
1608,1288,924,2
703,1780,359,1
585,626,758,3
546,112,1512,3
331,1048,1584,3
1315,634,256,3
484,778,1807,2
94,638,1780,3
1699,1352,1802,1
214,873,810,2
363,87,715,2
1495,832,1785,1
1787,774,781,2
1242,1592,994,2
521,33,1026,2
1694,1611,94,1
477,25,517,3
1563,1172,1452,3
1041,570,406,2
950,1833,1405,2
472,613,277,2
480,1042,418,2
597,1114,1352,1
1335,825,517,3
905,193,1822,3
763,1470,5,1
1295,1048,1707,1
626,96,1307,3
167,994,1024,3
702,510,526,3
1671,1601,1853,1
1535,120,1080,2
218,1134,481,2
854,1271,1417,3
1244,1426,829,3
883,68,40,3
1270,1227,624,2
455,901,1618,1
252,463,1577,1
1712,950,475,2
1485,18,1207,2
222,1763,546,3
1699,740,1309,1
1109,1790,1640,1
1471,115,99,2
1442,435,119,2
616,800,1383,3
1281,376,1323,3
81,1677,1052,2
530,264,619,1
1373,1513,844,1
980,1815,411,3
980,1511,218,1
1134,1791,52,1
416,406,688,2
1560,1574,513,2
80,1754,138,2
41,522,946,1
1824,1127,367,2
1456,1643,306,3
191,423,1375,1
236,1662,1563,1
697,1750,950,2
1774,402,26,3
947,1271,517,2
577,1127,824,2
1090,411,1185,1
81,304,1294,1
1514,1621,1128,1
1249,1621,589,2
1797,349,1623,2
778,1510,259,2
475,854,176,2
1090,969,1056,1
473,484,1697,1
1396,876,1038,3
1451,994,519,2
1135,153,192,2
1094,406,1068,3
802,909,24,1
1702,459,828,1
1242,532,889,3
1164,1760,1655,2
187,192,1758,1
127,518,1417,2
382,1803,589,1
921,830,259,1
779,750,845,1
862,1478,1768,2
1459,840,1165,2
728,444,1494,2
1372,1647,1062,3
32,15,1315,3
1497,415,1495,3
1409,1799,276,3
578,468,1130,1
41,1555,122,1
493,768,1361,1
556,50,401,1
7,1095,1359,3
1223,326,539,3
1197,1718,1708,1
681,1845,1067,2
1160,1618,1447,1
1499,458,1295,3
1307,396,1188,1
499,178,1318,2
49,253,1737,2
1234,365,1356,1
1599,332,1447,2
218,485,250,2
726,1296,73,3
1343,692,14,2
338,608,38,1
370,1365,1049,2
1271,1593,1444,2
1053,1048,416,3
1539,113,1507,2
406,1445,1453,2
1819,18,186,2
1282,132,894,3
396,1634,644,1
963,385,206,2
335,1504,1654,1
936,1659,1347,3
1778,787,528,2
984,1096,875,2
262,1779,90,3
1639,826,519,2
1786,1852,830,1
1453,1209,1845,2
1068,4,1455,2
343,1086,1638,1
985,1004,1727,1
1749,283,953,1
1572,562,1599,2
353,73,468,1
826,1806,1357,1
584,653,643,2
287,1151,55,3
919,975,541,2
74,759,790,3
847,1174,1138,2
230,1813,1665,2
1197,971,1285,3
1796,1166,1374,2
182,177,1221,1
1286,1088,1216,1
617,1676,993,1
1092,1398,1020,3
1358,442,1005,1
840,563,1747,1
326,782,347,3
744,234,1348,1
358,1201,1729,2
534,1814,1760,1
793,846,156,2
1850,803,964,1
1735,41,68,2
900,875,1475,3
373,1785,659,2
641,1590,1188,2
679,948,935,3
1187,502,1689,2
1099,1831,1235,1
1185,1244,957,2
492,117,1734,3
404,486,819,1
133,229,1580,1
1811,1275,754,3
1268,732,913,2
354,751,55,1
1551,1525,424,1
1738,1614,8,2
1438,817,1139,2
42,1186,46,2
789,543,1127,2
635,414,1818,3
782,1198,274,1
158,209,490,1
1043,810,990,2
217,232,902,1
201,1452,393,3
654,1555,1249,2
272,691,1632,3
1114,1244,393,1
1196,636,1589,2
1775,1216,1387,1
1683,232,905,3
1851,10,1741,1
1510,444,885,3
970,1233,119,2
1289,1128,235,1
1448,367,1242,1
606,110,1134,3
405,1495,1207,1
924,884,272,2
1248,33,1803,1
1851,308,494,3
1145,1597,138,3
547,909,741,2
1691,1589,1213,1
673,1710,1451,3
828,588,590,1
1730,1408,1367,1
572,1168,1405,2
1545,560,1522,2
287,1167,39,1
1432,146,1115,1
633,507,627,3
851,381,419,2
799,1405,1642,1
1678,89,1175,2
678,392,1553,2
311,1563,572,2
248,268,1564,2
1761,1545,1147,2
655,1217,1735,2
381,203,1634,2
1269,1028,504,1
58,1141,576,3
800,1794,246,1
56,1584,1336,1
558,1628,1061,1
1355,664,1563,2
725,1005,1204,1
126,1699,1773,2
108,241,882,2
1310,1303,668,1
1148,1606,1582,2
1578,1144,1824,3
1715,1322,176,1
607,565,616,2
1374,504,1087,1
601,1607,1073,3
644,298,376,1
401,556,1255,2
1355,719,712,3
1166,1743,1332,3
250,1771,1077,1
81,1466,1542,1
535,1454,1108,1
497,1008,583,3
1119,229,29,1
1843,55,970,1
1245,1258,1297,1
66,12,1368,1
824,1450,374,3
25,1293,788,1
1255,389,1631,2
696,1523,1745,2
481,808,1104,1
1050,862,903,2
760,220,371,1
537,1410,698,1
820,1756,1250,1
1261,608,1477,1
962,722,487,2
1679,405,1035,1
971,599,1602,1
1077,905,1207,3
1709,1334,1834,2
33,1076,1401,3
294,49,864,1
902,1573,559,1
1768,52,1344,2
1113,1272,1591,3
277,1099,1048,3
1394,1257,677,1
214,1102,141,1
997,1004,1664,3
1570,1130,303,2
1528,1305,1133,2
1519,1611,1420,3
1460,947,857,1
1425,1134,1387,1
599,639,980,3
1609,1750,1826,1
964,1527,1711,2
1764,758,351,3
1442,1382,1056,3
684,1648,637,3
287,1307,149,2
1414,1671,1593,3
926,1158,1111,3
854,780,1527,3
641,1822,973,3
391,336,1798,1
423,597,678,2
853,1476,624,2
737,818,801,3
229,1490,409,2
361,15,1688,1
1242,265,270,3
619,1436,1614,3
457,550,49,2
1509,1333,1683,2
1202,941,708,3
1707,1174,1651,2
541,1812,242,3
299,1514,1068,2
613,206,157,1
1190,1563,1528,1
933,1270,437,2
1301,923,1801,2
970,530,975,1
619,342,480,2
1243,1381,991,1
638,1603,836,3
1398,1158,688,1
7,349,397,1
1242,1365,838,2
412,499,132,2
806,1627,873,1
47,1818,1343,1
1287,1746,1028,2
1657,1256,860,1
326,1017,1167,3
578,1382,767,1
1014,98,1002,1
1395,122,665,3
1815,1237,1584,2
1008,950,1435,3
312,13,1700,1
1639,877,724,2
829,323,1832,3
673,1134,1467,2
550,1102,1617,1
205,512,1334,3
927,996,521,3
1822,994,116,2
480,768,1419,3
218,31,1119,2
228,285,1602,2
1174,341,214,1
751,797,330,3
1664,1754,1717,1
1238,1671,1510,1
660,1384,1154,1
919,1821,1548,3
1408,1556,1545,3
1810,1170,1009,2
522,1788,755,3
322,175,494,3
602,1017,1488,3
777,798,1200,1
706,1237,833,3
120,846,732,2
1547,297,1075,3
228,931,1082,2
1820,435,1755,1
1392,1788,1010,1
1633,1032,1445,1
763,9,1396,3
323,742,22,1
763,609,744,1
1037,532,120,3
1151,1365,896,3
1420,1788,1449,1
1150,1275,653,3
445,405,824,2
501,1082,497,3
434,1744,495,2
1644,426,486,2
1838,12,61,2
308,311,739,2
823,835,530,3
743,907,859,1
773,990,1086,1
1200,617,118,3
883,1685,1764,1
680,980,1639,3
137,152,1213,2
293,402,1786,3
205,1649,861,2
174,243,1287,3
1118,943,240,2
1096,1620,799,3
458,1651,98,3
965,950,514,1
1352,1781,1593,1
1675,743,936,2
306,1826,944,3
960,58,1770,1
1067,787,1665,1
233,874,969,1
1649,273,1600,1
1725,1211,910,1
1019,1399,1722,1
816,1386,277,1
1515,1661,1741,2
1258,573,1086,2
1058,486,814,1
1126,43,1508,3
1269,819,1767,2
283,1348,474,1
1348,1729,413,3
33,1800,398,1
1233,788,59,1
1179,646,1563,2
809,484,936,3
1672,718,1197,2
927,735,1665,3
1050,1604,432,2
1778,391,545,3
854,1081,1601,3
175,1375,190,3
771,1075,1393,2
485,1034,765,3
713,868,845,2
1357,602,1610,1
1607,347,707,1
1034,722,378,1
1006,1820,1752,1
172,686,837,2
601,365,943,2
1128,705,1401,1
862,208,18,3
516,460,1504,1
1356,1122,1172,1
745,474,126,3
64,433,1802,1
1281,413,1729,3
1661,1386,899,2
1046,1563,1064,1
640,252,270,3
1572,808,886,1
1063,915,377,1
988,745,1297,1
238,1847,38,3
1269,934,1066,2
769,1688,1477,3
549,182,1738,3
701,1732,1687,2
156,1368,1811,1
1414,869,1691,3
1145,543,897,2
1484,87,946,1
358,661,1230,2
1391,987,187,3
274,1505,1350,3
1415,1413,1670,2
20,772,833,3
223,1606,219,3
63,474,756,1
702,644,1136,2
739,1589,674,1
1735,1708,1169,3
199,648,1074,2
1559,72,1455,1
1765,2,1699,3
803,901,1750,1
938,115,1190,1
1175,959,781,2
1727,167,1535,2
772,1700,468,3
1770,947,121,1
791,623,928,1
1096,681,1043,3
279,1375,261,2
1272,1223,1710,1
199,1116,420,2
1250,967,416,3
988,1239,1032,2
1669,687,76,1
1836,737,1739,1
125,1221,1044,1
1010,1279,649,3
230,1305,1141,2
853,469,1474,3
1308,1122,158,1
169,343,1063,3
713,1834,1602,1
1567,1237,1559,3
1805,1223,490,1
1055,916,813,1
1334,505,989,1
362,1583,704,1
1287,779,1044,3
148,1611,1654,3
128,1300,756,1
549,803,641,1
543,1522,1212,2
308,177,1848,2
197,910,1797,2
1521,1346,251,2
1552,644,1399,1
196,267,1509,1
1705,321,1157,3
1175,1060,1205,3
1029,1580,1834,1
168,469,400,1
850,1811,1824,1
1143,1218,893,3
1080,981,1226,2
1179,1363,551,1
1271,714,1744,2
438,1453,1538,3
703,1837,370,3
826,176,754,1
1050,1383,923,3
240,960,1197,2
1145,975,779,1
1021,1107,1442,3
967,692,2,1
1689,82,497,3
585,1524,1319,1
1138,407,1084,1
1667,41,245,2
992,666,1684,2
1448,1355,433,2
641,686,643,1
1475,1158,298,1
1609,1021,1203,2
236,1649,1440,2
1100,680,18,1
187,918,1629,2
1457,1398,1584,3
1021,298,32,2
401,1194,1315,1
96,1634,1472,3
402,1303,1266,3
802,482,1638,3
1065,932,872,1
408,1238,1807,3
1780,1704,502,1
239,1475,1092,3
559,542,875,1
886,1261,94,3
266,1005,384,2
696,1095,1418,2
1319,385,1069,3
734,27,291,3
331,442,708,1
789,1424,1002,2
104,286,1481,2
900,1197,397,2
1438,546,346,1
508,1461,501,2
1333,223,1111,3
1003,386,1182,2
441,816,1077,2
1446,541,574,2
1450,71,4,2
817,1193,1279,2
296,234,1850,2
1294,161,1570,3
571,874,831,2
1240,1785,90,1
1589,113,1761,3
827,1459,1823,2
1113,1729,1732,1
941,638,1563,3
1689,146,1299,1
216,197,158,1
675,1828,84,2
1775,33,1800,3
721,1109,1602,2
682,1101,117,2
166,520,1813,3
544,1828,643,2
409,1187,991,2
500,420,911,3
772,658,1236,3
1352,1505,1825,2
36,1632,1685,2
302,786,1616,2
122,1214,1053,3
971,586,45,3
489,25,1218,3
1408,1246,1570,3
1847,1585,1248,1
1633,1229,1479,2
1295,1202,1434,2
558,1037,505,3
204,61,114,3
568,977,634,2
974,1607,859,3
738,1518,1676,3
1246,672,444,3
151,529,1001,3
1449,1572,17,3
614,254,1436,2
1166,860,1134,3
750,1287,1803,3
1658,933,1717,3
363,713,782,1
253,435,514,3
94,145,684,2
1567,670,522,2
1569,1135,1763,1
1039,1618,1093,2
314,1501,1836,3
1730,265,1499,2
112,622,1053,3
1289,1238,959,1
1185,980,753,2
940,56,1341,2
1811,471,1490,1
1475,1074,863,3
482,641,620,1
1283,1396,183,3
1772,1339,7,2
1511,163,1835,2
432,1178,1748,3
262,242,355,2
628,1554,738,2
1059,282,1711,2
860,1059,1263,3
267,1413,1409,2
1765,238,1768,2
1584,796,1719,3
680,405,399,1
1033,787,892,1
690,1690,476,2
1446,894,267,1
1415,573,1388,3
51,1380,1071,3
1417,898,1404,1
1161,73,488,1
1689,850,652,1
434,529,222,2
500,1285,953,1
740,780,770,2
1121,1850,1750,2
11,1618,67,3
1637,899,419,2
1345,159,1087,2
1774,733,581,2
1384,1173,46,1
127,400,129,3
410,55,1109,1
705,611,1000,1
12,1321,1823,1
1796,1680,1721,2
396,447,845,3
1192,1671,88,2
281,1438,1324,3
26,1103,1848,3
716,1111,1636,2
1394,860,687,2
263,1158,661,2
1416,1599,788,1
1279,462,617,2
1794,968,427,1
302,1243,1732,2
338,891,1660,1
1122,656,1383,2
1592,476,221,1
799,1282,1599,1
736,378,1621,3
1154,1391,1801,1
152,1301,606,1
1110,485,1089,3
49,256,731,1
774,880,636,2
1615,1390,1109,3
231,934,1284,1
355,584,723,3
1050,752,690,3
1270,1293,1035,2
1226,622,269,1
207,1303,727,2
515,1448,569,1
728,259,1443,3
108,1054,1391,3
443,761,1676,3
1129,476,1157,2
870,411,602,2
126,939,439,2
27,1460,89,3
1737,598,947,1
703,248,416,2
1519,375,1358,1
1527,79,306,1
651,1219,1617,2
920,1157,733,3
506,1430,717,3
1538,1622,1601,2
895,1071,175,1
52,1239,768,1
535,1636,256,1
945,372,914,3
695,1331,697,3
562,1403,1070,3
1476,676,296,2
519,70,336,3
972,572,1269,2
538,789,1841,3
662,1549,1624,2
404,1013,1745,3
975,1348,1730,2
1096,1791,675,1
1829,1012,428,1
271,1560,466,2
401,1270,1629,1
1772,1251,311,3
1640,268,1198,3
376,1764,1123,2
1662,1203,801,1
1601,821,1344,1
1501,1504,984,3
107,1338,316,1
375,994,40,2
170,359,896,1
613,350,755,3
1638,1694,417,2
346,449,1302,3
1583,1850,521,1
430,315,522,1
1096,129,842,1
1806,210,380,2
714,706,1482,2
991,1612,873,1
1468,1155,1327,2
1304,815,1213,2
1800,1764,63,3
1696,306,1730,2
146,830,1316,3
1686,684,84,2
657,1312,757,3
34,1241,790,3
516,1020,728,3
526,1057,1205,3
365,256,1668,1
1804,796,520,1
228,1710,1200,2
1375,1052,796,1
1650,1792,321,2
668,528,1764,2
266,1515,122,3
1242,1449,1124,3
339,919,654,3
266,1391,1099,1
1363,458,1137,3
395,496,1373,2
1608,424,1813,2
497,1766,384,1
413,449,1692,1
426,1567,979,2
1507,399,400,3
483,748,435,1
937,1045,1269,3
1811,1841,1113,1
597,1641,1135,3
1047,1189,1048,2
654,256,1607,2
1672,1618,1220,3
837,615,100,3
548,1586,1333,1
1829,1142,1461,1
1549,810,283,2
1710,280,1388,1
186,584,503,3
1507,1331,432,2
1742,892,574,3
1660,668,1768,1
1359,778,1824,3
1395,586,663,1
664,714,504,3
637,585,386,1
729,584,1056,1
1766,934,930,2
172,1775,229,2
174,30,27,3
400,629,1435,2
1816,245,969,3
1717,139,220,3
1456,1782,1110,2
1349,463,830,2
1457,247,1544,1
1252,1633,1090,1
1205,1199,156,2
1557,1358,1602,1
586,1337,632,3
1085,501,1826,1
221,1421,1358,2
1056,441,1673,1
1557,1402,37,2
1354,1731,1095,3
1674,1835,1335,2
791,445,1473,1
1609,687,1077,3
4,1225,1851,2
1465,1002,1766,1
369,818,76,2
974,1609,1749,3
789,1745,101,2
1141,914,1006,1
1055,1471,1583,2
195,492,1637,3
620,25,1547,3
77,119,1312,2
1351,1172,360,2
1706,642,1559,3
1615,82,280,3
1834,1563,1252,2
291,429,1279,2
711,1537,591,3
48,283,1073,1
461,525,1309,2
671,250,626,2
683,635,1725,1
613,1385,1690,2
1063,38,431,3
1010,742,1298,3
37,377,1658,3
1041,1429,1512,1
859,242,138,2
821,629,1105,2
297,79,272,1
615,191,153,1
1784,853,827,2
1723,701,1278,1
633,878,995,3
1776,1743,236,3
1188,483,1527,2
1346,1777,817,1
1063,1076,408,2
1502,383,1694,1
304,322,1653,2
1451,1024,284,3
1376,448,1055,1
1298,1029,1245,2
1411,1764,1227,1
1113,640,1361,1
1069,1592,973,3
1413,720,1101,3
1853,1505,1827,1
1383,434,101,3
1693,1190,1683,1
793,133,126,2
969,1137,1692,2
1103,1003,1268,3
142,678,171,1
1137,1678,600,1
1529,1761,964,1
672,826,1530,1
863,1325,453,3
1079,222,1547,1
89,1665,1738,2
991,1267,645,1
226,832,1797,1
1287,212,815,2
239,151,97,2
56,300,368,1
1808,1369,1441,2
65,808,184,1
247,1579,697,3
825,1331,254,2
1295,1810,252,3
102,1120,313,1
9,177,1555,1
84,1513,1845,1
722,1606,1661,2
205,1168,187,3
1725,1380,268,1
350,1209,975,2
1374,863,1497,3
192,727,718,1
664,1401,326,1
933,1467,977,3
1119,661,522,3
503,1694,653,1
1015,993,1184,3
1439,1447,1384,1
1265,1249,969,2
713,738,561,2
1141,283,342,1
1127,92,1585,2
317,1607,986,2
1283,745,1366,1
139,1101,1739,3
870,1303,76,3
980,1598,333,2
1234,1354,380,3
1153,628,1053,3
69,1573,1626,1
1231,33,124,3
1734,231,175,1
635,590,577,1
1207,1823,1582,1
165,1429,1806,2
331,1165,588,3
1590,1731,1019,3
1154,1423,134,2
671,762,1617,2
295,596,881,3
802,13,1322,2
150,618,526,3
600,89,1268,1
1499,1111,1185,1
9,695,885,1
1052,1604,975,1
524,1742,1447,2
1007,675,364,1
1757,1823,989,1
733,10,404,1
1139,667,1461,1
885,1826,452,1
544,643,819,2
136,765,719,3
1199,650,1189,2
357,610,1809,3
1638,401,1049,3
1469,1701,1844,1
143,616,1126,3
1199,165,178,1
142,504,588,1
1329,854,545,3
521,275,406,2
986,176,640,2
1177,481,286,1
1657,1180,1632,1
19,179,1013,2
790,1787,1105,2
1457,630,555,3
1466,516,1184,2
1215,1318,1577,3
91,1216,1827,1
1408,286,779,3
1785,147,1480,2
819,1691,524,2
1386,957,1732,1
1496,1768,1777,3
742,1125,770,2
1075,1610,739,1
713,1106,751,2
1150,429,575,1
43,1273,450,3
1554,341,603,3
1697,1137,1737,3
259,1368,977,3
64,838,1536,2
1284,1588,966,1
25,559,1515,2
1113,1485,1279,1
284,1560,377,1
1124,1296,1775,1
1283,1254,1513,3
1202,1744,1833,1
1379,418,686,1
1480,942,498,2
455,905,1685,3
766,194,1163,2
1450,1105,1405,1
1240,815,987,2
949,1383,121,3
1143,1471,1811,1
1321,1653,577,2
364,432,1105,3
1464,1602,670,1
991,1352,463,1
82,939,1098,1
261,609,514,1
1063,1715,1286,3
463,428,1202,3
403,1446,1090,3
1500,1084,915,2
636,1048,30,3
1530,738,1337,2
28,1769,273,3
436,156,342,2
1360,322,1431,3
14,170,1634,2
1183,1827,1742,3
530,1680,127,2
270,583,871,2
1080,1161,794,3
991,417,1752,3
1,284,1530,2
1062,1332,1171,2
1044,985,1487,2
664,1713,31,1
220,1157,36,3
1177,1447,700,3
1141,1051,1039,2
809,1108,1711,3
1492,1646,754,3
1434,308,1259,1
287,9,951,1
238,1725,1455,3
834,763,979,1
1798,801,1245,3
1217,1745,498,3
1531,24,924,3
1192,1047,157,2
211,1347,800,3
1681,101,986,2
632,854,907,2
386,213,1830,2
684,584,689,3
616,1154,594,1
1623,1405,585,3
1418,434,1504,3
443,1737,1835,1
1409,19,1550,2
672,340,1686,3
1255,418,1697,3
170,1791,1180,2
843,1760,1548,3
470,731,1730,1
683,413,504,2
498,1436,1184,2
1493,1721,699,3
1814,784,1299,2
1144,1242,19,3
1310,1656,305,1
1502,1822,448,1
1840,948,1471,3
1743,551,329,2
1245,1495,1311,1
1597,383,1542,2
1612,427,880,2
528,1012,1201,3
1515,256,1357,1
807,678,1027,3
1216,423,546,3
1063,759,728,2
770,1279,480,1
376,1495,1305,1
352,503,129,1
952,1636,521,1
1758,1206,1054,1
710,1854,1691,1
645,1376,1582,3
256,928,294,1
230,989,1170,1
65,654,1423,1
1121,1622,1534,3
293,1295,1590,2
647,200,746,3
1344,1411,1215,2
1686,1047,1141,1
927,882,1767,2
970,304,1709,1
728,86,955,2
476,1199,948,2
1780,315,1324,1
1520,320,537,3
1056,631,9,2
390,720,1604,3
632,1009,87,2
923,1617,326,2
940,558,748,2
1663,1768,254,3
655,1240,101,2
1187,1219,1656,2
929,1622,99,2
1496,423,1452,2
108,1707,286,1
1105,392,538,1
711,412,1311,3
972,1616,867,2
773,614,1299,2
784,159,193,3
242,1528,1685,1
71,343,174,1
1105,63,921,2
978,1837,81,3
1466,723,561,2
560,1386,1023,3
949,705,232,2
183,1214,840,2
933,1349,1533,3
357,391,1186,2
1620,811,1218,2
1547,245,1519,2
1290,317,1567,3
1356,1295,1367,3
840,1098,232,1
146,1150,208,1
822,1514,1068,2
1386,576,147,3
863,817,1390,1
728,946,1646,1
246,1434,1408,1
176,1669,1640,2
598,318,746,3
325,1771,301,1
199,597,281,3
770,553,1095,1
1236,1064,862,2
32,885,121,3
591,1217,1663,2
1680,61,547,1
1830,1384,1826,2
1592,789,17,3
382,1296,1208,3
653,152,131,2
731,1316,800,1
1410,639,1803,3
952,684,208,1
919,1547,646,2
1054,1049,716,3
1253,1447,725,1
1788,1088,1527,2
1214,367,1103,2
1600,1627,528,2
1499,783,1437,1
1750,528,1227,3
1225,1320,715,2
1142,417,423,2
928,1104,338,1
5,401,1391,2
921,407,1304,3
665,532,1135,1
187,982,1756,3
1084,56,1580,1
804,1289,1232,2
1440,1378,1099,1
534,324,1215,1
709,1466,1260,2
843,724,1408,2
614,839,571,2
1154,1423,10,1
178,531,941,1
601,982,1555,1
1822,33,1194,2
818,885,459,3
984,1621,328,3
1828,1038,475,2
1844,344,901,2
222,1797,1246,3
968,988,1188,2
902,828,623,1
1633,476,1156,1
918,115,999,3
1359,605,1189,3
76,202,1839,3
266,1522,351,2
1814,205,584,3
315,26,1169,2
402,1666,631,2
1356,861,552,2
1763,1180,1748,1
822,1155,1069,3
1530,683,757,2
1293,1730,1674,2
955,811,1479,2
493,733,68,2
1673,740,1126,3
1352,693,891,1
523,219,1216,1
1709,613,846,2
1533,1251,903,3
1337,135,589,1
1044,831,740,1
1427,390,1092,1
1586,1803,889,2
875,111,1320,3
281,1730,1380,3
679,643,595,1
1742,919,1550,2
1584,701,827,2
908,752,326,2
680,1099,701,1
516,271,1509,1
990,134,65,3
1245,1599,1592,2
695,735,264,2
1272,504,1587,2
914,495,1113,1
1814,149,650,1
236,1469,1107,1
1359,1222,167,1
1330,695,457,2
234,879,1412,1
195,701,603,1
1613,693,279,1
650,1840,1726,2
1432,1192,1831,1
1595,677,949,1
1762,960,1657,3
473,1413,1743,1
1729,739,678,2
957,350,810,2
1841,350,924,1
1419,1716,1229,2
1685,1479,451,1
1301,127,1550,2
819,470,1413,1
1442,1507,150,3
1594,50,1556,2
1617,1571,1421,2
274,1,959,2
1410,691,672,1
838,1517,1248,3
1188,621,212,1
720,883,1300,1
1319,1285,968,2
800,1787,548,3
1627,1556,1222,2
1577,1681,567,3
1595,656,840,3
1213,1455,1211,2
951,1555,52,1
1735,622,1020,2
1777,1773,696,3
161,45,659,1
1854,148,980,2
52,759,1759,2
114,463,944,1
1111,655,1243,1
9,793,1481,2
1069,1812,914,3
1382,1577,643,2
923,133,482,1
1388,813,1137,2
1780,854,1177,1
1435,1552,1117,2
623,91,787,1
921,1003,1136,2
544,414,596,3
1205,95,1210,3
1062,451,995,2
966,1811,1301,2
834,1570,807,3
753,251,874,3
1028,1191,882,3
1735,1560,813,3
479,1036,1307,3
485,1504,261,2
381,1822,963,1
1035,1145,215,3
446,1553,301,2
1727,643,1632,1
531,1253,334,3
166,928,192,1
1441,931,381,1
808,934,533,2
690,92,1038,3
1107,1345,377,2
94,143,898,2
578,1005,858,3
1087,50,296,2
376,336,26,3
1699,882,316,2
1348,873,372,3
1477,1682,275,2
439,1165,49,1
759,1173,1757,3
647,1439,1732,3
440,667,42,2
1381,1319,802,2
1059,166,860,2
785,1615,1006,3
322,706,606,3
1471,1414,1792,2
593,1488,19,3
597,1525,1505,1
1379,297,884,3
548,1554,188,1
920,36,216,3
299,851,725,3
587,613,1526,1
1073,1242,1045,2
283,998,65,2
285,629,1792,3
1586,337,1416,3
1720,261,1729,3
1429,138,243,1
1150,606,1167,1
1457,970,331,2
1352,1448,1322,1
1740,1645,366,3
805,1080,822,2
1260,1821,1196,1
450,238,1348,2
714,208,872,2
1484,1142,916,1
1640,546,342,3
441,8,1349,3
1260,1075,767,2
1401,377,571,2
653,582,1162,2
1447,1617,688,2
1076,1005,756,3
374,14,708,1
1532,53,1674,3
582,123,446,2
1161,899,921,1
1341,19,579,2
1068,779,1726,1
434,145,745,1
1693,920,869,1
142,358,1837,3
1810,1720,1126,3
1036,1408,1253,1
973,1089,338,1
1505,531,608,3
894,1372,1344,2
1332,60,542,3
814,1041,681,2
1718,202,430,1
926,1393,1058,3
1157,952,22,3
371,1740,742,1
260,397,849,3
1557,611,1585,2
197,1701,464,1
1543,112,1528,1
1396,1159,1786,2
43,497,1697,3
258,1414,599,2
424,1697,1502,1
860,996,1423,2
1272,800,1648,2
1043,1104,661,1
1482,487,1414,2
1495,1831,94,2
784,1306,609,2
353,1452,471,3
1028,202,139,1
1307,660,146,2
1696,54,1081,1
230,1130,714,3
503,648,1096,3
1025,138,228,3
119,1052,1070,3
31,781,508,3
1084,1202,1190,2
349,213,319,2
1682,1368,1168,2
1683,985,763,2
1540,452,646,1
57,9,1140,3
116,1702,892,1
10,147,74,3
142,970,548,3
285,1069,596,2
252,1677,1474,1
1128,997,377,3
1205,63,948,1
319,739,1311,2
277,471,767,2
1317,1621,1785,3
1293,952,1137,3
702,1175,1012,3
1800,652,1811,3
1820,84,555,3
939,1616,1251,2
555,946,125,1
584,1131,1380,2
1205,519,175,1
354,33,1823,2
902,1256,1277,1
1689,1076,1709,3
1346,398,367,3
968,1483,1610,1
1007,1779,1197,1
825,494,1309,2
639,24,394,2
1508,1458,1695,1
1836,261,1731,3
1133,457,439,3
253,1660,350,2
1077,1511,158,1
726,972,551,2
366,1273,1289,3
532,1452,111,1
48,316,138,2
57,1613,799,2
1819,752,1441,2
187,1477,1069,2
548,1274,556,2
733,1123,270,3
343,1818,335,1
420,511,732,1
867,1479,1511,2
134,1854,1305,3
388,1553,1646,3
252,230,931,1
981,696,1160,3
1153,1573,921,2
234,1618,1398,3
269,1006,331,3
1082,309,802,2
1619,405,1767,2
1287,1479,102,2
668,976,732,2
1040,104,1549,1
1676,240,796,2
485,498,1578,2
660,38,692,1
1710,1831,1468,1
1781,1272,512,3
1498,29,1364,2
1525,1078,125,3
784,774,171,2
1077,152,1561,1
643,55,484,2
393,745,920,2
1599,1511,467,3
374,1809,524,1
886,934,1780,1
220,157,1439,3
242,1387,1432,3
1067,1625,1448,2
105,569,1093,3
98,502,486,3
679,511,494,2
878,487,4,2
714,1111,1737,2
725,161,624,2
479,990,1322,3
1089,974,124,2
1289,694,1484,3
1767,1211,1448,2
1842,213,1093,1
1494,181,106,3
208,380,1713,3
730,821,103,1
1198,332,1005,3
354,76,1793,1
204,990,590,2
1668,284,533,3
175,1461,1193,3
1209,797,724,3
1168,1403,1527,2
754,1837,191,2
1485,770,1596,2
385,958,462,1
1419,1491,860,3
1601,1142,1772,1
712,745,743,3
1518,667,421,1
736,1685,1838,3
1610,1629,30,3
295,1155,1640,3
1521,1597,1434,3
1385,453,1788,1
640,1172,1492,3
1371,1201,704,3
1630,1377,645,3
412,1414,483,3
350,426,1235,2
308,442,1395,3
205,1790,1375,2
668,1307,1667,2
474,708,212,1
1465,522,72,2
271,1851,1704,3
889,31,652,3
1760,1613,731,3
1802,9,397,2
1008,1175,1006,1
1608,319,1025,2
873,354,670,1
1492,590,148,2
511,1303,698,3
428,216,1428,1
1560,315,1021,2
693,1185,523,2
1470,845,360,2
1561,675,550,1
289,1594,970,3
235,992,1358,2
1560,976,881,3
1317,1071,144,2
116,1449,101,2
1686,1358,1767,2
1700,325,1495,2
1244,1174,1097,2
775,40,1019,2
863,270,503,2
970,617,1084,1
107,1091,1258,3
1461,63,460,3
511,223,690,3
1291,1630,425,2
1834,715,1757,2
1556,916,148,2
1610,663,1054,3
1706,505,1811,2
639,1149,1745,2
1346,1828,1253,1
829,291,1111,3
126,1197,556,3
1172,874,1635,2
560,542,1767,2
1471,110,799,2
1839,441,1791,1
592,1026,37,3
737,714,68,2
87,908,1605,2
806,1662,510,3
449,781,858,2
324,1293,1356,3
1853,944,1610,1
438,1461,1402,2
491,1511,1210,1
142,881,131,2
1599,1316,635,3
791,770,964,1
673,949,1352,3
1501,1477,1166,3
1016,222,1553,3
585,716,1248,3
956,347,1367,1
337,232,730,3
312,283,1528,2
354,1780,54,1
1661,1382,1125,3
1154,51,911,2
845,1503,1551,1
1479,1315,1062,3
1468,1032,74,2
1150,1546,1616,3
588,1173,408,2
1666,209,534,2
951,1724,1246,2
1796,73,178,2
1218,126,1485,2
747,990,896,2
348,1433,112,2
1478,1747,485,1
107,1299,1193,1
606,182,876,3
85,1396,1696,2
331,376,502,3
426,1567,1800,3
1684,643,305,3
1769,1500,152,2
480,1207,749,2
850,767,484,1
556,364,1853,1
1134,1545,829,3
1787,575,109,1
983,582,1831,3
744,1376,849,1
274,309,50,2
1789,314,491,2
408,1739,881,1
1181,1264,61,3
646,306,98,1
1283,476,445,2
1366,1331,439,3
358,80,1108,3
1695,1326,643,2
1081,1369,420,2
1468,1331,241,2
493,1175,1722,1
1647,1445,920,2
4,50,1060,1
676,801,1782,2
69,753,930,3
1790,1192,434,3
143,1243,518,2
983,37,1222,3
495,577,114,2
1696,1638,776,1
1182,993,207,2
828,1835,1449,3
310,61,71,2
530,978,1415,1
1375,807,1294,3
1191,721,98,1
1076,366,1380,3
1786,728,1020,1
1501,1685,1285,2
980,1300,1174,1
1667,1505,1055,2
1710,1731,893,2
697,1223,432,1
394,1618,1602,2
18,1108,1042,2
1415,590,282,2
1838,1428,291,1
358,900,1766,1
456,344,1516,3
1121,1363,1684,2
48,1080,1725,2
1156,1388,777,3
1210,143,238,2
1694,1214,627,2
819,1404,1178,1
1657,28,1301,1
1663,1665,1666,1
706,886,1703,2
1707,53,63,3
566,1315,1299,1
1376,210,746,3
1423,1788,98,1
778,1442,1064,1
284,1470,1577,1
680,1411,1443,2
705,137,1261,1
1654,615,1287,1
1545,1519,594,2
333,684,76,2
1785,1142,1128,2
1612,678,28,2
418,1107,1446,2
1057,1495,566,1
973,382,795,3
108,1350,339,1
130,609,274,2
724,560,1790,3
19,46,1386,3
1379,608,958,2
250,1496,143,1
764,928,593,1
1390,1216,287,3
1610,1304,447,3
1809,603,1835,2
906,903,630,2
1139,464,1270,3
1829,621,480,3
1852,334,1041,2
1031,90,126,1
1525,306,330,1
1351,1791,475,3
688,971,1473,2
1805,183,311,1
1353,1097,449,2
1097,1143,1642,2
1023,1699,89,3
1429,538,1718,2
1033,1410,1286,1
154,1681,834,1
101,1120,712,1
1010,1350,219,3
584,166,752,2
1311,43,1719,1
1293,1255,1757,3
849,1058,1748,1
1106,321,998,1
1750,1496,1731,3
1165,537,702,3
1688,410,921,2
1541,359,965,1
93,463,1846,2
1535,1388,290,3
216,151,1795,2
1306,297,1435,3
681,429,741,1
19,867,1494,1
502,556,1536,2
934,1299,357,1
1315,88,597,2
1498,343,538,3
854,754,307,3
951,1003,1031,1
31,1471,909,2
1152,1191,1142,1
213,814,193,2
1775,1629,1321,3
250,1721,251,3
741,1775,673,1
983,1006,1172,3
156,511,995,3
610,1349,319,3
401,1835,570,1
813,451,579,3
475,197,728,2
415,755,1418,3
1271,1229,1605,2
775,1640,1054,2
655,458,1442,1
634,480,1191,1
260,334,1504,2
1652,341,690,3
384,841,32,2
1025,262,1148,2
1616,1734,390,2
478,26,1537,1
351,1011,655,2
894,1276,732,1
774,1214,1095,3
817,565,901,3
819,9,1400,1
155,1757,1050,3
1043,792,46,1
986,507,600,3
1346,890,1301,2
451,1825,1140,1
521,39,252,2
1181,1624,1832,2
774,1079,1833,3
79,36,413,3
1306,1730,180,2
12,1437,26,3
1108,213,1039,1
1595,581,94,2
373,427,1029,3
638,267,40,3
47,625,1342,1
1339,1783,1305,1
136,1326,82,2
103,1277,958,1
651,1787,894,3
620,1849,1134,1
650,133,1188,2
425,1698,1042,1
1570,871,1846,3
684,1043,760,2
1187,1683,1182,3
1792,565,1750,1
1288,556,274,2
1418,1592,1314,2
677,1489,1084,1
206,296,1587,1
367,1067,415,3
1268,1523,214,1
1514,1482,324,2
1588,1525,1730,2
945,1666,1373,1
434,1258,1687,2
1494,1153,116,1
502,929,1462,2
1426,1519,394,2
647,301,34,2
1342,484,1113,2
1397,1173,1404,3
1095,1704,922,2
1749,1001,1182,3
865,980,763,2
1270,1265,1175,3
571,1455,538,3
1236,1189,1390,2
48,1435,1071,3
128,1054,624,2
1365,1373,311,3
162,769,850,3
874,1388,1518,2
1108,315,1678,1
1551,1393,1337,3
449,1607,432,3
646,1325,119,1
1119,888,932,1
518,811,785,3
723,542,1301,3
1046,705,1569,2
1357,1716,1485,1
464,194,517,3
1058,539,204,2
1511,5,1480,3
1685,1438,769,3
1447,1337,432,3
728,1604,66,1
1383,1241,697,2
1071,833,505,2
670,1625,1449,1
1283,809,1522,1
140,1528,186,1
1009,948,1249,3
1647,898,93,2
948,1771,296,2
661,263,229,3
1806,287,352,3
513,1370,402,1
1691,123,260,1
1270,583,310,1
1659,1201,1816,1
822,677,234,2
1135,1607,1699,2
1740,1172,463,1
1056,1305,1678,3
161,602,519,2
287,1247,124,2
1397,1673,1351,1
111,677,988,2
206,1565,1206,2
242,944,1517,3
773,1298,1195,1
946,1668,1117,1
1399,1336,1412,1
366,697,1314,3
509,1477,973,2
639,1379,1246,1
564,1081,1528,2
1244,127,401,3
485,1456,1621,1
1174,961,232,1
292,404,1047,1
1153,1399,1348,1
56,214,216,1
622,166,781,2
285,746,1580,1
1249,923,1259,2
329,762,1793,2
1494,558,302,2
429,1492,232,1
334,1768,349,1
465,752,1101,3
358,1256,786,3
1327,617,1848,1
1844,1545,1085,1
214,1135,1568,2
1455,904,250,3
1637,1393,467,3
1058,409,1383,2
1289,1194,1467,2
184,144,352,1
4,1090,374,2
393,1035,1130,2
733,1045,464,2
1264,544,584,2
122,317,1101,2
1822,1754,121,1
287,11,568,3
680,1120,1179,3
289,1534,1191,2
849,724,1834,1
86,441,656,2
1094,459,1561,3
1068,1261,508,2
45,50,257,2
1706,1608,1278,3
121,1521,929,1
552,372,171,2
1503,1178,1225,3
1811,637,1404,3
1306,710,1028,2
921,1381,1404,3
1389,797,1463,1
1195,1429,767,1
399,260,75,3
297,406,867,2
1605,226,1621,1
750,261,711,3
880,1507,1634,2
1375,81,72,2
1550,805,1793,1
1552,1209,1138,3
794,1602,1411,3
1566,530,1069,3
1713,916,610,1
1547,1816,246,3
1654,1484,501,3
1593,787,1423,2
1173,1461,369,2
626,1493,745,3
1181,1571,998,2
626,1397,958,2
231,1226,186,2
1405,775,1643,2
1028,1776,1731,1
328,1142,663,1
1378,63,54,2
1435,915,819,1
1143,1038,695,1
334,1819,1783,1
857,258,318,3
759,1480,35,1
1570,1606,711,3
1433,105,544,1
835,1099,541,3
1051,638,1167,3
667,1750,522,1
740,1312,475,1
1028,244,965,2
1475,1282,1729,1
1356,1310,160,3
1554,1648,1513,2
1257,159,1730,1
1808,1587,264,3
864,312,1123,3
1125,146,725,2
1397,729,1086,2
1053,1715,1201,2
629,917,1342,1
66,795,1554,1
938,1515,1004,3
1699,826,657,2
720,270,1347,1
21,116,1851,2
500,1187,1167,3
779,194,778,2
632,1531,1627,3
728,1167,1197,3
759,946,1542,1
801,964,1790,2
1267,350,1436,2
83,745,1463,2
1334,1543,9,1
377,277,673,2
1633,930,1449,2
1044,483,450,2
1666,1337,96,1
273,179,1732,3
1703,600,1304,3
264,1454,831,1
222,1068,192,1
370,352,497,3
1646,892,121,3
1005,704,343,3
408,469,1737,3
1373,1293,1720,3
1824,371,796,2
1386,938,322,1
326,525,53,1
165,1575,1435,1
978,154,1727,3
1822,346,144,3
1093,669,1269,1
441,978,1763,3
1668,1048,427,3
908,360,1115,1
499,727,793,3
293,876,1396,1
1681,1362,11,1
533,231,589,2
1533,101,139,3
707,1760,1835,1
421,326,621,3
1131,427,770,3
1532,160,1053,3
841,1338,1087,2
1405,384,17,1
1177,1021,1278,2
1035,1556,880,3
511,583,1066,3
346,740,767,3
58,1075,1606,3
784,728,1780,2
1302,1209,1713,1
596,783,198,2
4,967,48,3
413,1099,1774,3
515,849,1188,3
678,608,1011,3
226,929,392,3
692,1539,901,1
33,590,1456,1
270,948,1290,3
22,490,1472,3
705,148,1736,1
1245,352,171,1
1555,1666,574,2
1297,1641,1776,3
628,1383,821,3
2,1345,1583,3
1226,1789,1191,1
690,1440,1835,2
1364,406,323,3
996,274,452,3
751,701,1434,1
1105,164,566,1
1395,447,343,3
843,321,63,1
517,1117,1830,1
584,798,1614,3
426,377,301,2
1163,1816,1440,2
1107,763,1072,3
1601,1749,919,3
1572,526,1170,3
1433,668,180,3
223,1688,331,1
1727,1139,673,1
1039,1078,365,2
1841,1817,156,1
837,1470,1225,1
99,1499,258,1
503,313,496,2
140,1221,836,2
545,1109,1075,2
1837,247,1087,1
1833,606,24,2
1768,295,308,2
1437,1129,988,3
255,1013,877,3
814,1579,1320,3
1087,978,696,3
711,1648,730,1
1582,678,1474,1
555,711,1350,2
155,1311,929,3
648,163,1546,3
1731,1132,754,2
92,193,1717,1
623,1159,379,1
573,1023,1062,1
1199,247,500,3
910,390,1383,1
421,1368,788,2
472,1509,677,2
67,314,568,2
323,438,936,2
1432,920,1356,2
880,41,1169,1
677,1126,826,2
1429,1463,1079,3
757,1049,329,1
1232,220,11,1
476,250,1385,3
911,126,63,2
501,17,108,3
591,989,1729,3
1470,749,323,2
1138,93,1825,2
1609,1290,257,3
855,319,1352,1
269,1755,1109,2
479,1762,634,1
269,125,240,2
1086,629,773,2
509,442,920,3
277,826,458,1
680,1542,1203,1
486,156,760,1
1480,1615,294,3
1044,314,1498,1
1596,317,568,3
151,1014,738,2
1458,658,1570,2
1564,3,1420,3
1234,1376,840,2
938,1751,1162,1
648,845,718,3
573,170,1407,1
181,805,1746,2
1801,1347,870,1
696,255,736,1
1355,820,881,1
1067,1319,850,2
140,1071,1758,3
1785,1622,99,1
424,1221,312,3
1404,789,874,1
505,1757,723,2
281,733,704,1
1165,656,847,3
518,355,1106,1
1114,840,1094,1
1386,1281,36,3
249,897,793,1
1479,329,719,3
169,843,1563,2
862,429,1198,2
521,1256,1257,3
1794,1766,527,2
1236,189,1615,3
1067,89,1510,1
320,708,1583,3
1161,430,346,3
1806,1791,377,1
1289,1172,159,3
789,1384,284,1
1546,587,1784,1
193,1845,1662,1
1383,230,1804,2
852,921,410,2
1712,1088,1755,3
1170,78,1843,1
959,776,371,3
1008,1233,74,3
106,1129,1559,2
448,1656,1240,3
1353,210,1787,2
1461,1330,1123,3
35,651,1730,1
52,403,409,3
1656,351,74,3
603,49,1592,2
893,1743,1528,1
723,1297,108,2
1464,585,1814,1
641,293,1613,2
1356,1777,1060,1
312,969,423,2
1583,1815,1088,3
921,1307,1208,1
49,1416,194,1
1824,1077,1329,3
192,1082,1055,2
633,1645,1564,2
216,815,852,3
550,1610,1391,3
1555,1852,1586,2
888,449,1037,2
1266,780,79,3
889,1362,904,2
711,937,636,2
174,1138,793,3
188,613,760,3
999,1411,66,3
1056,1827,1614,3
1048,1618,1282,1
449,360,1761,3
48,558,577,1
1256,1679,1176,1
1615,1760,35,2
189,132,1797,3
1028,417,597,2
1807,434,771,3
519,1004,405,1
1616,942,292,3
1052,619,1176,2
594,351,126,2
269,913,1281,3
877,483,1617,1
1003,1118,1182,2
688,1185,800,1
1355,1670,151,1
605,361,1657,3
685,1369,1783,1
1604,196,705,1
1504,27,218,2
1809,1088,1134,3
1492,1165,889,3
497,1349,783,3
199,644,625,2
128,1509,1823,1
1572,684,1483,3
39,117,138,3
1601,648,567,2
232,1134,1565,2
580,666,1276,2
1231,1498,663,3
1424,1423,158,1
615,1251,517,2
270,614,311,3
1587,148,594,2
1591,1285,1106,1
1376,277,268,1
455,28,639,3
217,1243,1219,1
362,304,1553,1
636,808,43,2
1546,1627,1045,3
4,212,906,2
660,833,1678,1
938,1448,538,2
1400,1299,1303,3
1493,1407,1839,1
1026,171,1738,3
1515,1246,1220,1
286,1566,1199,3
403,416,335,1
384,1588,1459,3
1158,1461,684,2
1257,63,862,3
407,1370,236,2
1023,462,1272,2
1039,1847,1828,3
1633,1714,1323,1
455,160,1561,3
1602,895,852,3
1203,260,895,1
1827,1063,957,1
792,1633,1075,1
570,1282,46,1
1842,1434,1029,2
845,273,1106,2
322,311,1559,1
603,1287,1608,3
323,1526,1467,3
1070,1488,1804,3
800,47,773,2
1609,83,1477,1
230,201,1458,1
931,898,825,2
333,1277,1015,2
652,890,1713,1
952,1497,1301,2
1086,1250,1684,3
915,546,1149,2
1431,386,1000,1
1492,1068,985,1
831,1099,309,2
1527,718,1141,3
917,1507,391,2
1516,1637,1421,3
106,409,1813,2
558,888,929,3
1189,1757,867,3
1482,963,1146,2
653,1682,674,1
915,154,1047,1
209,1164,553,1
411,1057,1832,1
969,790,901,1
1809,1410,157,1
573,1771,1190,1
794,737,1697,3
444,493,1221,2
853,1460,1802,2
360,1251,833,3
1440,1822,263,2
1005,227,1498,2
1464,1426,1253,2
864,66,1423,3
220,1268,1589,3
484,133,109,3
940,1515,58,2
565,575,515,1
72,674,1479,1
1622,1100,1621,2
1840,198,1742,3
457,723,1282,2
261,1275,1416,2
623,563,966,1
947,945,1522,2
556,344,1106,2
1263,1273,800,1
1296,1661,753,2
1062,1116,281,3
812,231,789,2
401,1152,1558,1
1293,1493,940,2
1404,1311,1269,3
1228,1070,965,2
1704,1027,654,2
1374,1299,1506,2
1526,1658,425,2
672,160,1676,3
1636,1402,428,2
1453,1520,806,1
1562,166,975,3
1089,1086,1422,1
986,596,977,3
680,937,1226,3
1174,826,444,3
797,807,1040,2
483,585,431,3
1357,1521,144,1
1606,1106,1518,1
152,670,902,1
329,1180,69,2
1215,535,1012,1
1483,241,102,2
608,1303,732,1
242,86,1219,1
12,243,38,1
502,1608,1312,2
360,1649,346,3
714,1377,1338,3
1812,1635,1759,3
258,1047,942,1
41,1159,1694,3
761,396,1668,1
399,1415,1249,1
1352,1572,480,1
447,1472,1270,3
987,180,808,2
679,1689,547,1
988,751,1215,1
786,522,431,1
256,782,1195,1
52,1431,557,2
57,169,390,2
1395,808,889,2
545,159,199,3
1419,316,1363,2
1136,602,1170,2
531,1228,913,3
1683,890,1031,2
683,1755,684,2
795,1276,190,2
1201,1735,1810,3
1741,738,54,3
1008,534,1254,2
862,1593,221,3
42,1711,985,2
1564,158,869,2
1543,611,1590,1
971,1029,750,1
315,1800,827,1
32,1092,234,1
1770,810,1794,1
1128,1723,355,3
1129,129,1180,2
1183,918,418,3
1376,1400,1555,1
965,898,142,2
1764,389,1171,3
1444,691,1802,3
27,1620,185,2
795,14,210,2
1347,1368,284,1
897,934,420,3
1362,172,20,3
857,1470,604,1
28,711,787,1
927,45,1683,2
1364,1014,1061,2
1544,811,1522,3
1518,1644,186,1
1500,1455,1158,2
1183,1843,932,1
1448,1355,905,3
747,371,1238,1
1620,477,1698,2
1357,225,900,1
547,1363,1196,3
1342,306,366,1
1472,1677,670,1
669,777,517,3
491,1535,1831,1
1058,1650,664,3
1675,19,828,1
1302,72,433,1
1702,683,510,3
1702,1555,681,1
382,830,584,3
349,195,338,3
1440,526,498,1
1407,55,1262,1
240,705,418,1
1438,1681,1563,2
214,1704,1763,2
1009,1140,977,3
902,704,574,3
922,566,1728,1
1510,1344,86,1
695,1159,1734,2
527,1283,1191,3
792,1554,57,2
17,1773,66,3
146,1739,1779,2
66,1407,1551,1
1115,595,344,1
1318,437,535,3
487,870,1395,3
589,863,509,3
964,1812,951,3
802,1146,1044,2
1287,258,212,1
1595,406,297,2
780,1247,1108,2
1388,87,382,3
1736,583,1497,2
648,1428,1778,3
1350,1370,73,1
908,444,978,3
670,1189,475,2
932,1689,761,2
1216,1058,515,3
935,736,659,3
1029,772,1420,1
727,937,1118,1
668,937,1755,1
1076,120,196,1
929,1500,1188,2
1192,1308,1446,3
1714,261,1358,3
1198,90,156,3
605,195,1670,2
1643,1827,589,2
1424,1752,1259,1
690,1363,508,2
1382,605,1677,2
1623,1373,115,1
1743,1314,142,1
907,682,1283,3
994,1558,808,2
1676,1082,758,2
1032,1346,600,3
1271,1147,466,3
1130,1781,1617,1
176,379,479,3
637,1124,899,1
524,111,1018,3
850,130,1670,3
188,1559,1747,1
214,1602,1775,2
1218,1759,916,1
1407,460,382,3
417,515,1764,3
101,1211,353,1
854,1680,724,3
645,865,353,1
121,1172,321,2
1753,798,354,3
1713,998,1627,2
1226,295,1518,1
97,194,764,1
176,26,148,1
1812,958,721,3
52,1089,808,2
1111,1040,540,1
105,492,986,2
1446,1039,1587,3
1653,1712,301,3
728,1319,32,3
626,138,915,3
442,883,612,3
1067,890,231,2
800,1077,838,2
984,419,1229,3
137,316,117,3
1641,109,193,1
1290,1312,416,2
1035,1724,1087,2
311,277,149,2
1522,279,1742,1
949,329,1002,2
964,205,806,1
723,268,622,2
1344,859,1520,3
1283,1630,472,2
1794,1762,995,2
1496,949,879,1
140,466,1793,2
959,1219,1714,2
963,258,999,2
1113,1423,712,3
1652,1506,612,1
149,1619,1142,2
1031,361,541,1
96,893,821,3
554,1403,1641,1
1162,205,1204,1
1245,472,1347,2
46,886,1315,1
1418,456,631,2
1454,1652,1548,3
987,1271,372,3
1840,574,17,1
1013,250,125,3
795,754,612,1
761,1723,1064,3
408,829,1710,3
688,1168,1209,2
1723,1182,1533,1
591,965,110,2
967,1770,990,2
1419,1559,547,2
47,1037,895,1
1655,17,529,2
1201,32,693,3
955,1759,1608,2
887,1048,272,1
1723,1731,254,1
1309,520,1409,2
1464,1595,1344,3
352,1616,321,2
399,824,149,1
103,1535,581,1
1540,1806,1154,1
413,1278,792,3
549,1654,498,3
809,1768,1599,2
1078,464,1753,2
136,551,1146,3
1051,124,205,2
298,1106,360,3
1621,1286,781,2
374,19,108,2
367,512,1048,1
1778,511,1247,3
1025,890,1424,1
1754,1208,533,3
49,508,1583,3
1713,1416,1246,2
1632,86,1556,1
423,1707,1754,3
1617,1589,1473,1
955,705,1116,3
908,402,1074,3
1629,549,1298,1
2,811,1220,3
1779,624,987,2
508,1260,123,1
1092,687,1322,2
77,1432,1602,2
124,629,1487,2
1023,456,1626,3
500,847,671,2
1791,1516,1284,2
760,1633,1082,2
1224,1789,295,1
840,1378,1478,1
1617,440,599,1
1632,1021,1251,2
661,230,1274,2
1305,1410,1044,1
1471,213,671,2
1249,1492,1814,1
136,1020,326,2
1712,1146,557,1
1360,906,902,2
1313,782,1265,2
49,90,575,3
556,516,50,2
1312,820,996,2
1420,1289,1720,2
1007,991,577,1
1679,881,210,1
285,224,825,1
441,989,618,3
670,168,778,2
482,648,686,3
1464,1022,1354,3
1066,738,1137,1
705,1276,1659,3
990,575,1715,1
874,1525,804,2
241,104,103,1
1536,702,1796,1
1747,847,691,1
395,1012,1826,3
361,355,275,3
1009,422,355,1
1643,325,1016,2
675,185,1493,3
681,158,970,3
199,797,364,3
1132,1217,426,1
1186,849,1172,1
1063,1645,1238,2
433,1382,270,3
1251,1427,779,1
480,1061,392,1
1604,151,1040,1
996,422,783,1
1539,1377,1557,2
1434,1014,676,1
1423,654,955,1
1552,767,1124,2
1616,30,1010,3
1692,1212,1631,2
34,61,300,1
1322,1112,362,2
553,150,1742,1
154,839,1382,1
1025,1522,1367,2
1824,1781,1090,2
547,971,25,1
331,398,1466,3
1234,1831,1500,1
1475,575,847,2
1503,1455,510,3
565,1541,294,2
129,1416,132,1
1058,612,1429,1
1281,1394,694,2
80,697,1101,2
124,484,181,2
737,266,83,3
1045,768,1717,1
349,912,790,2
261,803,478,2
900,1368,1362,1
582,1483,1220,2
1599,351,779,1
1275,1456,261,1
349,1340,361,3
1428,205,308,1
1290,604,1311,1
788,211,695,3
816,538,93,3
278,263,1611,1
1228,1085,1731,2
491,1062,712,1
194,991,467,2
1252,1027,59,2
481,461,1109,3
1739,83,726,3
1341,332,1294,3
790,15,1213,3
787,1759,178,2
38,1088,609,1
1804,168,639,3
24,1386,205,1
1266,957,602,2
134,112,1280,2
1194,1852,974,2
723,273,1438,1
962,1512,590,1
1225,553,575,2
311,1402,1587,2
253,108,1407,2
1321,1058,1254,2
864,1393,1847,1
672,1285,121,1
4,798,66,1
1154,326,1539,3
1329,695,866,2
1809,1045,1,1
918,165,916,1
1441,1195,1175,3
1191,267,1336,2
246,1658,1158,2
1606,1682,167,3
678,1121,118,2
1423,63,72,2
771,1537,682,1
770,1561,915,1
1638,1417,1771,3
63,414,794,2
945,1590,404,1
393,1509,841,1
1457,1765,718,2
250,108,1175,2
1118,1386,809,3
1749,1846,1763,2
115,1123,1555,2
1570,1489,447,3
737,710,14,2
1841,548,305,1
810,202,794,2
1083,899,997,2
172,943,1155,1
682,1820,766,1
1626,48,1436,2
1635,1074,484,3
565,851,20,3
857,1174,124,2
1711,232,1838,3
261,946,1373,3
46,637,1059,3
1501,793,467,2
825,844,6,3
520,792,1660,1
145,826,1035,2
66,1049,1732,1
422,1692,807,1
301,1619,1415,3
1329,1341,390,3
1839,252,268,1
786,388,360,1
529,695,1670,2
24,1453,428,3
586,1182,1221,1
957,80,1372,3
1628,1240,1492,3
1744,290,384,2
426,1164,1280,2
765,1662,537,1
913,517,353,1
674,104,493,1
1623,289,897,2
262,1167,4,2
1026,930,216,2
1465,85,1527,3
1506,499,476,3
1093,604,118,2
381,1410,1155,2
710,1459,1647,2
1719,1738,538,2
1242,600,473,2
769,665,666,1
770,1258,1533,3
1133,1284,1804,1
105,1454,40,3
1575,453,792,3
128,1360,580,2
1247,455,557,2
332,1788,1046,1
1301,995,731,1
804,631,893,3
1212,261,98,1
353,909,1050,3
1816,1613,1744,2
981,3,245,1
184,1848,1527,2
1572,159,1417,1
1060,1536,1430,3
465,1002,1835,3
404,1660,1689,3
1292,487,1751,1
786,1818,1693,1
111,1133,199,1
652,21,490,3
1331,1580,1468,3
96,1795,1677,2
719,1472,656,3
1738,1561,179,2
1814,1618,319,1
1649,1694,887,1
83,831,60,2
224,497,1411,2
310,551,561,2
568,1823,88,1
1471,1098,1341,3
975,86,243,1
945,712,286,3
1505,178,161,3
1526,1818,9,2
238,1798,800,3
306,1639,1666,3
715,430,1824,1
1566,749,243,2
465,438,360,3
1185,1646,683,2
1615,351,129,2
1585,347,1543,2
1823,978,1117,3
1726,1076,489,2
714,1529,1850,1
1590,256,1467,2
1257,239,1681,1
1111,1258,823,3
1494,284,251,3
119,88,1681,2
1148,1135,103,1
380,683,114,2
1584,383,530,2
1450,1084,1011,2
917,1272,1401,3
649,653,625,2
1610,697,1764,3
1763,1055,1043,2
1594,897,332,3
468,773,1034,3
1176,328,1350,1
1733,430,79,2
247,1346,545,1
1650,541,868,3
968,416,690,2
1131,695,1424,3
1071,575,1485,1
1513,1713,870,2
730,146,497,3
476,367,42,3
699,1771,343,3
399,1667,587,3
137,910,249,3
689,995,116,2
1058,1676,1014,1
911,1154,1368,3
524,461,41,1
371,1403,772,3
394,86,853,3
63,307,1369,3
1467,842,489,1
301,366,1836,1
625,834,1029,2
57,1104,681,2
651,1352,1846,2
1741,1829,568,3
111,1551,1503,1
1320,1247,538,1
419,1460,510,2
1638,346,1491,1
235,553,1264,3
1237,1623,1734,3
560,575,1689,3
40,1448,564,1
1791,35,437,3
465,930,1123,1
1039,1072,1418,2
1494,142,1496,2
916,839,1267,3
19,469,1018,2
1313,580,488,3
652,1490,115,3
1029,1463,1476,1
384,1708,352,3
209,189,1308,3
38,604,1733,1
923,501,236,3
704,673,1166,1
1574,1665,1248,1
179,488,1105,1
1476,880,1201,3
518,440,230,3
1003,6,918,3
951,1244,609,3
1077,1343,200,3
1313,1104,625,3
1211,1434,1048,2
748,844,303,1
395,1363,1025,2
862,746,515,3
1092,580,254,1
115,367,1214,3
1386,433,1255,2
1628,1036,1694,2
321,87,1154,3
5,584,1351,3
919,1299,38,2
789,1630,185,3
470,842,1667,3
283,1828,1126,1
758,814,774,2
768,1633,1433,2
1408,861,1845,1
242,1545,1187,3
403,270,624,2
602,655,1715,3
917,958,174,3
1588,1510,285,3
7,844,1750,3
1766,184,1019,3
1704,593,643,1
1081,875,1037,1
481,1246,760,1
954,1497,1353,2
620,288,738,3
868,1077,1361,3
1125,653,1576,2
305,691,185,3
1544,1216,894,1
1750,123,191,1
313,423,1804,1
60,369,1315,3
372,1049,923,2
311,752,177,3
412,693,813,1
146,1241,1022,3
1741,817,269,3
780,1079,696,3
331,1346,676,3
851,157,944,1
1404,1589,1330,2
829,1017,1606,2
368,1304,885,3
1374,634,1281,2
861,534,1800,3
640,1380,912,3
1675,73,1347,3
1647,251,1845,3
1177,808,522,2
320,201,701,2
98,607,1243,2
673,1262,945,2
685,349,45,1
126,1774,348,3
7,1660,1665,1
1450,1841,199,1
1063,399,1523,2
871,205,1850,2
363,1620,196,2
785,275,1677,3
232,1018,918,1
786,1225,799,1
1364,1483,314,2
444,699,597,3
527,268,1784,2
351,515,695,1
274,1635,1728,3
1479,380,1416,1
792,1367,858,1
1389,1671,348,3
1725,448,1087,2
463,1688,1726,2
1746,931,495,2
270,1077,1682,1
976,1223,1853,3
1409,1577,369,1
1544,1738,93,1
1543,361,1733,3
1740,915,1469,3
785,415,369,3
1802,23,1484,2
86,1171,838,3
291,878,216,2
216,1737,832,2
1246,1477,1718,1
81,382,939,3
60,1185,1353,3
399,1196,1510,2
38,45,161,2
390,1050,1144,3
426,1350,826,1
1274,687,1450,2
777,1723,625,2
417,810,1712,1
5,130,1712,2
1450,543,472,3
819,1796,397,1
935,698,979,2
260,1305,1333,3
314,625,440,2
1027,1832,1164,3
1253,1728,1756,1
734,389,964,3
144,1542,1837,3
297,1180,249,2
709,609,320,2
766,469,656,3
497,1829,819,2
1346,284,1331,2
844,1637,1534,1
1574,4,1303,2
433,579,243,1
413,868,472,3
1692,1069,239,2
1088,1485,1077,2
1421,1276,1105,3
691,853,619,2
956,1231,43,1
875,1516,1117,2
191,1167,328,2
479,863,292,2
324,1428,1571,2
1790,324,1642,2
1710,557,576,2
1463,568,1029,1
523,170,1080,3
48,234,462,3
163,1703,89,2
1011,1469,102,3
1821,863,87,2
1418,574,95,1
1313,375,187,2
1055,644,513,1
1261,1536,1487,1
1707,225,355,1
694,921,1388,3
1079,18,1077,2
759,1027,693,2
1187,529,1599,2
532,1015,943,2
672,14,1171,1
1081,688,1269,1
1243,882,1142,1
1361,1,1183,1
850,90,60,1
461,507,209,2
279,313,1068,2
1276,96,1517,3
809,701,1647,1
1302,357,606,1
1113,1447,1427,3
1461,999,1591,2
313,793,397,1
503,1099,63,1
1810,69,1829,2
1597,1286,935,2
845,1573,1442,1
1663,1675,144,1
1002,269,1000,1
405,881,694,3
945,1146,163,3
337,540,329,1
1510,1250,1182,2
1532,224,797,2
1191,338,82,1
1854,574,1722,1
292,1838,97,3
1827,169,621,1
742,202,434,2
1671,534,254,1
1242,403,681,3
1853,1340,495,2
561,832,1646,2
1423,1022,1196,1
1185,1410,640,2
1498,1007,122,2
15,390,446,2
77,218,134,2
1616,1131,1439,2
1827,1643,1479,1
1209,884,1655,1
929,111,1311,1
1253,1678,157,3
1796,162,1579,3
1706,1798,349,1
565,1290,639,2
839,1711,317,2
680,1578,214,1
678,1820,933,3
1443,626,1794,2
1611,752,1672,2
1812,1595,896,2
383,411,669,2
1118,1386,1328,1
757,1198,964,3
333,447,184,3
258,819,1795,3
649,1240,1575,3
82,274,1617,1
451,668,753,1
855,221,1608,3
1120,125,1366,2
1043,287,659,2
1831,130,1588,3
1236,1030,625,3
1001,321,1727,3
1266,958,1753,1
1024,1648,1284,1
879,992,1483,1
197,4,729,3
1008,1044,207,2
1532,697,70,2
1718,1193,731,1
1046,352,373,2
1433,1050,1236,1
1805,1654,746,1
1384,215,1732,2
1720,239,97,1
127,1777,1119,3
897,1390,1029,2
1437,870,1163,1
708,765,577,2
1,575,520,1
186,21,725,3
609,1466,1205,1
1672,149,1818,1
8,1416,1710,1
790,1421,1035,3
260,1572,263,2
1741,1430,301,1
842,556,703,1
462,1428,1768,1
1349,1173,273,2
468,1326,1549,1
176,722,1254,2
1395,1341,1216,3
842,776,1385,3
1636,1535,1447,1
825,1466,742,3
576,1710,157,3
554,1613,1180,2
636,1749,121,2
826,1739,483,1
917,1379,1567,2
1692,1702,1266,1
862,1238,717,2
890,1232,1436,2
1062,963,1186,2
583,1823,694,1
64,1573,275,3
128,1625,365,1
108,395,857,1
1059,937,1455,3
1209,1310,417,1
1448,215,51,2
962,1436,1804,1
540,897,1803,3
1245,495,1618,3
1684,1044,1387,2
591,71,1761,3
1484,942,18,1
1235,1559,484,1
1741,308,629,1
1622,559,343,2
832,370,330,3
1748,8,950,3
702,1445,1825,3
337,1628,303,1
691,380,566,1
1103,565,198,2
1444,1261,413,3
1702,1147,631,2
862,1144,1282,1
1729,374,644,2
635,290,308,1
1804,539,445,2
550,817,977,2
712,419,1503,1
997,589,885,3
1558,437,1451,3
230,395,820,1
875,1250,614,2
1730,138,1726,3
1794,893,1223,1
1788,890,597,3
1399,524,1719,2
1251,760,1510,3
1394,890,1624,2
1426,993,271,1
649,945,106,2
484,265,1645,3
1200,425,447,1
3,1514,1702,2
835,504,15,2
1565,344,662,2
146,792,334,2
1361,294,1447,1
1005,780,1382,1
355,69,1198,1
464,1025,85,2
1074,1504,950,2
432,597,1464,3
853,1821,1006,1
1720,1695,974,2
480,1293,443,1
34,1528,211,2
1131,301,1310,2
1032,935,39,3
1109,1355,1573,1
1846,22,826,2
1666,1543,1721,1
1839,434,1469,2
23,340,1340,1
793,1699,101,3
121,871,1829,3
1842,1270,1771,3
106,147,891,3
859,336,860,2
1661,1589,294,2
614,799,1326,2
742,1606,1546,1
1739,571,1073,3
90,675,719,1
882,1474,1377,2
997,1018,367,2
1674,1770,228,3
940,518,782,2
1663,428,1384,3
1693,57,1645,3
1345,1516,1257,1
884,321,66,3
265,320,1415,3
145,951,219,2
40,867,318,1
1752,1829,1424,3
1297,574,573,3
1312,359,102,3
154,790,1783,1
1451,921,675,2
735,349,1223,2
1138,972,453,2
605,771,1743,2
1688,1771,1064,3
1668,405,137,3
584,127,1344,3
1822,1377,1113,2
1783,1738,729,2
1599,345,176,2
344,1483,56,2
1021,1439,1445,3
1746,1610,1561,2
1022,1815,1423,1
1241,1036,1136,1
906,1722,1646,1
821,1421,255,2
1370,511,162,3
1492,378,1638,3
168,936,671,2
522,582,1117,3
957,586,714,3
1735,710,546,1
535,211,1149,3
420,1289,1433,3
390,907,1000,2
1244,1636,391,2
490,1393,706,3
1588,463,675,3
1519,323,855,3
1734,1396,1632,3
24,186,1142,3
1338,1100,1782,3
1377,975,1730,2
1759,158,1372,2
874,1168,1106,2
764,64,1416,3
918,1503,1420,2
1762,27,1015,1
194,584,475,3
1208,178,863,3
1394,1425,355,1
1358,1718,921,2
881,1810,1434,3
1643,665,905,2
1578,721,1083,2
1716,863,1793,1
530,1410,727,1
1357,63,1490,3
1609,1356,445,3
859,1620,1586,3
6,480,1297,2
1270,1252,925,1
1148,91,881,3
53,719,803,2
1597,695,1071,2
1713,110,64,3
1032,1587,240,3
1301,1803,1543,2
1093,901,855,2
1520,359,1135,2
480,1092,1041,1
1475,1208,1602,2
860,620,1396,2
1247,909,1196,3
1487,240,1685,2
66,1141,668,3
1696,454,876,2
1337,544,210,2
1500,279,1818,1
1397,1513,165,2
385,1214,441,2
335,1491,1800,1
1800,292,924,1
160,1620,1758,3
147,802,1157,1
612,753,531,3
321,1825,661,1
480,677,1203,2
19,1665,1664,2
1655,780,108,3
521,1276,212,1
1764,352,1488,3
31,594,1455,3
1036,748,704,2
122,1700,426,3
616,543,1113,1
580,418,991,3
1783,367,365,3
1577,1547,1,2
1400,767,1255,3
890,918,1232,3
1352,421,1515,2
458,407,1182,2
1551,691,1694,3
1850,427,1459,3
1059,1556,929,3
441,1254,1444,3
999,1026,1469,3
925,1545,209,2
491,1277,536,3
383,1004,1620,3
1603,732,1776,2
1739,1262,286,3
1079,122,982,3
62,447,1652,2
1095,548,720,1
189,628,1244,3
1783,6,1457,3
1672,818,1041,1
1101,166,185,3
1464,1628,1585,3
411,1223,108,3
1157,1060,1836,1
1785,842,1638,2
1505,1793,1788,1
751,484,1488,2
202,223,1302,2
1316,125,365,2
79,333,253,2
363,499,804,1
347,174,318,2
1585,1635,1662,1
1831,1195,806,2
828,137,662,2
1230,1114,1667,3
532,1311,1306,2
621,122,640,2
307,1551,1011,2
1169,1025,897,1
537,261,1593,3
1307,753,1339,1
1220,275,1014,2
517,59,1155,3
46,1193,462,1
387,41,670,3
932,854,1410,3
268,43,1371,3
967,1302,397,3
1772,920,839,3
622,1349,1776,3
1629,703,1485,2
1283,1398,1347,3
9,8,467,1
76,1629,1356,2
1282,14,934,1
1124,941,1791,1
363,453,1345,2
748,1127,1469,2
1785,1608,715,1
1754,190,803,2
144,421,1577,1
1485,1622,650,2
1057,571,1428,3
1508,1255,778,3
1617,273,1776,3
812,1316,471,2
991,459,132,1
285,793,1128,1
433,1767,1172,2
868,1400,461,3
1297,929,1655,1
1682,120,299,1
656,1164,1227,1
1002,1404,671,3
200,1459,1179,3
443,1852,93,1
1411,558,1650,2
669,1713,1189,3
1198,1809,684,1
178,167,1151,2
900,353,1429,2
590,500,62,2
783,1638,505,2
38,303,1526,2
409,401,430,1
1679,1695,652,1
1671,1359,435,3
1307,630,852,2
1781,1277,1718,1
62,358,867,1
217,1541,1747,3
829,1824,1087,3
782,1343,1684,1
296,1627,836,2
1482,378,326,1
836,55,913,1
1394,563,663,1
1332,930,402,2
172,651,760,2
617,1269,301,1
1588,1463,1124,3
1267,210,447,2
1787,273,1179,2
1319,367,154,1
446,598,339,2
317,13,300,3
983,1272,1157,1
637,327,1393,2
1354,1233,1608,2
180,864,501,3
603,1025,222,2
1139,695,656,2
417,296,1518,2
1189,743,29,1
246,582,1556,2
295,532,1452,1
1239,1407,1633,1
413,657,1313,3
637,1312,42,1
388,1420,229,1
657,768,585,3
1061,390,1397,3
1228,837,966,2
1769,769,1135,2
699,1176,564,3
871,1475,50,2
366,1701,750,1
1473,1656,1253,1
1577,114,1335,1
968,1665,1122,1
1302,1560,127,2
841,1042,1809,3
1503,833,894,3
1175,1298,6,1
1727,643,969,3
771,356,707,3
916,254,735,1
860,529,1664,3
1171,174,446,1
248,686,1250,3
671,492,1827,1
1053,1109,339,2
324,544,1842,3
1180,1225,87,3
19,1823,201,3
1052,222,1689,2
288,27,1717,3
1208,1108,882,2
241,98,829,3
1495,1414,1197,2
334,722,878,3
920,576,213,3
833,156,1769,3
1117,680,168,2
792,490,232,3
1079,926,1465,1
1512,1437,1688,3
1736,1477,1794,1
866,1084,383,2
254,152,1623,2
863,824,1264,3
656,455,1262,1
557,746,1503,1
131,1515,1239,3
864,562,289,3
980,488,1753,1
721,1242,428,3
1503,1572,1677,2
1371,178,1764,2
371,1364,1139,3
1091,1109,858,3
419,655,1030,1
760,1431,340,2
733,188,399,3
599,310,1225,1
1372,1236,370,3
1080,45,1299,1
437,1681,991,2
1579,1598,1730,1
653,1431,1372,2
1567,1583,252,2
910,1636,375,1
1062,1225,1832,3
1778,1658,624,2
1364,1087,1378,3
1698,903,1803,3
241,366,130,2
493,1143,1222,1
844,1845,1362,3
641,1229,578,1
86,810,764,2
881,1760,462,3
1746,1071,817,1
181,1505,503,1
1160,1244,611,2
227,1003,1022,3
256,530,687,1
1575,449,1042,1
1027,24,1426,1
1549,1452,1471,2
921,459,801,2
1420,1157,399,3
1465,1185,1687,3
1162,258,1074,2
741,328,1582,3
912,937,1232,3
1664,1844,1469,1
1152,783,1068,1
605,339,646,1
49,1116,326,2
1129,1572,13,3
650,1523,1037,2
607,203,37,1
1304,982,1797,2
136,1291,766,3
1603,1600,505,3
1233,1617,1417,3
1649,776,736,3
479,1507,1738,3
1241,346,1149,2
9,507,90,1
900,1034,490,2
1657,382,130,3
1761,1544,637,3
1633,1431,1743,1
506,927,65,2
1715,15,1432,3
875,1117,763,1
26,1758,1745,3
715,243,1461,2
1159,866,15,2
699,302,634,3
983,1777,1126,1
140,1268,1199,1
1106,902,827,1
1850,154,824,2
1267,516,1800,1
77,865,540,1
370,1265,362,2
373,1098,1358,2
175,1513,889,2
183,1353,1677,3
1690,1456,1241,1
489,466,486,1
131,982,1037,3
1399,415,1765,2
838,1054,980,3
672,1575,5,1
1637,751,1600,2
17,1648,1158,3
10,1461,286,1
395,527,381,2
201,1024,827,2
1630,224,988,1
15,1695,1528,1
264,1490,471,2
200,272,1735,1
501,1844,861,2
1083,1003,633,2
1645,1155,267,3
1684,989,722,3
148,867,989,3
1765,48,530,1
1496,990,1703,3
1466,1518,999,3
371,712,1720,2
523,1313,687,2
929,855,1341,2
1160,535,868,3
871,189,614,1
418,621,1637,1
955,219,1654,3
1383,816,1677,1
192,1143,1380,1
1540,534,1537,2
1681,523,7,1
958,766,1614,3
115,566,427,1
976,229,1601,3
442,707,432,2
945,208,853,1
192,434,178,3
373,624,1280,2
318,672,1178,1
834,131,201,3
1417,1492,1588,3
192,1260,1252,2
1608,251,481,3
843,942,477,3
1414,1784,98,2
999,1745,645,3
1417,1340,358,2
806,879,460,1
734,1087,31,3
319,779,1572,3
422,580,583,1
4,1845,734,1
1542,1413,916,1
955,545,750,2
1155,1823,458,2
1511,1060,1052,1
1315,1497,472,1
1674,136,993,3
664,1507,1099,3
464,1718,1203,2
533,752,593,2
14,1103,1538,3
1231,282,1526,2
1049,374,748,2
1237,532,1690,1
776,1740,521,1
830,1649,610,3
1853,313,554,2
1062,262,481,3
1626,260,1252,2
1670,1661,203,2
966,59,1803,2
1430,325,867,3
341,196,1468,2
465,783,841,2
209,529,1330,3
1562,789,610,1
1451,1432,961,3
327,679,738,1
496,710,700,2
1632,138,1564,1
375,1384,604,1
872,1802,1808,3
1496,409,687,3
1180,1573,1689,3
1319,309,247,1
1132,798,660,1
1162,377,1372,2
733,1021,787,1
1614,1469,1364,2
15,803,49,1
1472,561,1789,1
784,1015,884,2
1390,971,848,3
322,117,1228,1
69,1531,723,1
1607,562,1810,1
1167,1497,1449,2
628,1091,718,2
386,1005,302,1
1237,666,959,1
427,65,1571,1
614,1233,1434,2
1029,393,235,1
1443,910,531,2
34,1098,1115,1
556,1435,1776,3
1440,299,1145,2
1708,368,1427,2
1169,1665,395,3
1161,631,352,1
29,820,970,2
1202,1640,1683,3
1149,1688,1277,2
674,1656,169,3
121,1760,190,2
1815,1750,624,2
426,1673,533,1
289,729,1435,2
52,1295,267,1
59,1060,1666,3
1842,1678,1276,3
643,1152,1492,3
714,35,876,1
343,927,400,2
1106,1832,1409,3
662,965,518,2
339,268,233,2
1526,1829,1148,1
361,671,1818,2
1708,1399,1358,1
384,815,1455,3
95,570,1818,2
1046,618,670,2
857,989,789,3
787,1451,1634,2
336,1436,1232,2
1244,26,1853,2
1089,355,1477,2
912,80,1522,3
234,1439,135,1
275,94,1638,1
1636,1301,803,1
1577,1507,1148,3
706,172,693,1
1729,821,1155,2
495,1800,342,3
1531,1295,1315,1
290,1349,1841,3
1606,1749,897,3
1488,1263,50,3
161,697,1603,2
848,1287,695,3
583,1505,1409,2
1780,688,444,1
783,435,24,2
1169,221,1822,3
67,672,1173,2
940,1197,1689,2
1411,509,615,2
339,189,1594,1
754,1747,638,2
1720,260,49,1
1219,1394,1089,3
1044,23,142,3
755,1742,1278,1
1108,130,906,1
887,1296,1624,1
1753,414,1521,3
539,619,427,2
220,1501,71,2
1844,232,1774,3
1013,1668,672,1
1054,916,1372,1
408,362,1040,3
1390,1191,1388,1
1834,1605,1419,2
1284,44,491,1
1056,966,959,2
571,1059,553,1
366,314,248,3
1726,50,187,1
1098,1399,1168,1
840,1341,255,1
538,1249,642,3
69,590,1345,2
285,1097,556,1
14,1545,400,3
1843,197,1458,2
863,819,1616,1
820,612,828,1
395,696,208,1
1450,1073,666,1
1394,47,1849,1
1420,616,1368,1
1199,1538,253,1
1667,710,1180,2
1174,1316,402,2
71,507,174,2
1718,990,1052,2
1786,1446,608,2
1683,650,12,3
582,1652,580,2
1165,56,1556,2
768,639,53,3
1373,507,1321,3
655,1592,696,1
148,970,243,3
1371,1100,724,2
188,1173,1517,2
1345,770,829,3
227,1241,475,2
374,1342,1414,1
575,261,1260,2
1228,1073,1599,3
1061,945,79,2
931,1305,1017,1
1555,1462,1347,1
1654,568,1030,3
645,438,770,1
119,77,1161,3
1187,815,876,2
594,1183,443,1
17,1254,990,1
355,1789,1124,2
544,432,217,3
879,1579,887,2
649,1413,713,2
1666,1344,1326,2
682,1637,1223,3
862,1467,715,2
865,486,606,3
1232,90,1705,1
587,1497,411,3
432,1570,52,1
1796,1210,1121,1
198,585,1831,1
489,1448,679,2
1007,891,782,1
1227,1016,1050,2
1488,116,495,1
112,234,1454,1
1250,1287,1520,1
346,1325,3,1
921,570,1276,2
1049,310,719,2
1219,438,688,1
313,606,8,1
1341,294,835,3
1353,1812,1369,1
716,707,1304,1
1782,1748,1257,3
817,518,22,2
492,273,1476,2
1546,1836,1204,3
1699,1617,1664,3
1267,758,148,2
987,747,735,2
965,112,273,3
1640,1294,621,3
1806,1295,865,1
667,1441,1241,3
1774,714,1607,2
1225,206,1117,1
939,957,685,2
930,1546,1697,2
1193,510,1146,1
522,1562,246,3
283,1730,1050,1
1472,861,672,3
286,1381,1738,1
79,964,538,2
904,1801,1601,2
409,1434,519,1
1184,1547,1395,2
528,1222,1714,2
1799,1514,1000,3
1352,1714,1221,3
1154,1349,62,3
172,395,789,2
354,1668,1741,3
715,1836,1432,3
1037,623,798,1
1555,677,1589,1
827,584,1348,3
1670,271,1705,2
1681,1011,562,2
1721,219,102,2
1498,72,1770,2
654,971,740,1
339,40,785,3
1595,1774,76,3
1515,235,1050,3
307,754,191,3
762,1054,500,2
22,1769,1388,2
963,1814,53,2
287,934,1174,1
1007,688,1703,2
1814,846,649,1
1282,287,45,2
268,1549,1772,2
1369,767,1738,3
1131,876,816,1
949,1384,51,2
868,892,745,2
670,1567,1050,3
784,225,1702,2
777,133,190,2
1108,901,1718,1
661,1242,292,2
769,561,1705,1
1665,1363,1029,1
357,1583,1596,1
117,403,1543,3
780,683,309,1
1258,1225,1343,2
1411,788,11,2
441,205,1414,3
1792,181,1201,1
338,42,899,2
126,569,1537,1
537,1083,1647,3
1600,1501,5,2
1207,1003,190,2
507,1592,1660,1
1254,440,472,3
796,1460,1075,3
1306,287,1681,2
188,1075,400,3
310,1358,1815,2
146,1776,1205,2
967,252,102,3
1012,303,520,2
1580,339,1156,3
1797,1775,1786,3
1738,1657,1159,1
1818,1810,351,1
1329,1360,416,3
1662,1763,837,3
110,657,1257,1
1052,843,1339,2
832,1422,156,1
364,1110,531,3
196,758,1562,1
1061,1298,231,1
155,565,1052,2
1474,1476,1260,2
686,1723,1358,3
1134,48,1330,1
1314,575,427,1
1027,1331,1398,1
558,1547,345,3
564,958,508,2
1771,1241,334,1
1550,35,94,1
193,1569,1724,3
24,825,1089,2
1744,179,74,3
1805,85,221,1
536,1153,1453,1
1041,1050,159,1
1204,1579,244,2
659,1475,1080,2
1609,475,392,3
1461,311,1053,3
693,321,1100,3
604,728,399,2
190,1252,793,3
819,1077,224,1
460,281,1080,3
1274,1779,1095,2
1363,980,1203,3
1819,22,105,3
1414,253,1572,1
190,158,61,3
1045,1710,24,2
368,274,1770,1
1263,274,1082,1
308,801,39,1
1595,1323,1650,1
403,894,465,2
949,1683,1416,3
1072,1326,1042,1
1425,63,30,1
1124,1435,1033,3
674,572,507,2
1236,199,1404,1
1389,1332,997,3
798,1504,280,2
1145,133,1093,1
1821,1664,71,2
1022,773,1851,1
1719,1189,739,1
962,248,1264,2
924,1347,8,2
745,1704,779,1
1566,1017,1520,3
717,324,33,1
1026,1134,1845,2
1660,1591,688,2
1591,1341,566,3
157,9,1847,1
1768,399,421,1
1455,506,706,1
245,359,377,1
5,1581,1464,2
584,1168,708,3
1711,275,1472,1
478,203,265,2
1172,524,299,1
1529,389,852,1
1353,1595,128,2
1400,1435,1426,2
1607,268,1812,3
510,808,428,3
509,496,1600,1
873,998,543,1
847,1167,1770,3
196,723,194,3
1562,1360,1245,1
316,1482,1224,3
147,367,419,3
924,1238,1042,2
1631,697,433,3
216,1669,1835,1
1217,1143,156,2
445,345,1375,2
970,1550,816,3
1455,589,1026,2
968,1652,1278,2
637,1563,837,1
508,1627,287,1
264,1073,1617,3
846,182,10,2
1817,1532,594,1
1694,200,409,2
1113,725,598,2
1150,134,1185,3
1810,1563,836,2
1759,1565,1711,1
1408,798,935,3
228,726,245,3
1376,1780,1058,2
391,1184,596,2
1500,518,811,1
1058,1414,880,1
489,743,434,2
701,280,793,3
193,1149,1692,1
1305,916,319,2
1608,1592,1072,2
115,1706,748,1
360,682,1085,3
1528,1302,805,2
1489,1640,1724,2
185,135,759,3
1728,1596,435,1
1193,968,1600,1
1356,621,1448,3
210,1464,76,3
1655,387,1113,2
1527,1054,76,2
1006,1775,716,2
1404,132,127,2
1159,1792,593,1
1332,1155,522,1
714,131,241,3
1415,1740,1488,2
164,763,1143,3
171,1249,1129,2
644,72,1816,2
910,1429,1104,1
1183,882,1715,1
83,524,1238,3
934,1116,561,1
1413,1664,1630,3
131,652,36,1
1850,731,1590,2
273,921,461,2
1326,333,181,1
92,169,1065,1
1480,1151,907,2
379,220,70,1
706,124,1263,1
1339,1511,457,2
1129,1192,299,1
224,1052,363,2
163,1766,678,3
96,1720,621,2
1736,1198,805,3
1606,289,1205,3
168,107,531,2
759,832,1138,1
657,1006,1632,2
179,1647,240,3
777,545,108,2
608,1126,657,1
221,618,1377,3
455,1154,805,1
401,1102,376,1
1475,1657,243,1
1067,1662,780,1
574,825,357,3
809,1205,191,3
1447,1351,254,1
1805,1316,1590,1
1521,564,223,3
862,1079,956,1
78,629,1756,2
631,1273,262,2
1615,1308,1586,3
1448,842,1647,1
341,286,390,1
1803,157,499,3
879,523,711,3
1363,1239,1725,2
1313,460,1071,2
1245,622,1787,3
1052,604,1262,2
1074,956,288,1
1371,821,360,1
1756,867,1451,3
1055,1019,1632,1
201,590,1662,2
25,468,1361,2
783,457,880,3
194,1186,410,1
1207,1251,519,3
434,432,1410,3
524,1114,281,1
108,767,1451,2
950,707,1640,2
671,351,42,2
1011,164,1261,3
1608,493,1268,2
1514,453,952,3
954,541,1622,2
1854,558,791,3
1407,557,1840,1
1196,922,112,3
1332,1734,734,2
1007,1178,1452,1
404,1378,744,3
1046,1316,1833,3
1596,835,142,3
1196,949,149,3
928,24,285,1
1309,1682,1451,3
1197,481,1374,3
789,770,889,2
1324,1327,1742,1
1384,796,684,2
835,347,908,1
282,1154,580,3
146,1176,1433,2
1433,1429,1083,3
1068,477,802,2
176,1111,300,3
475,959,1714,1
348,776,822,1
1184,1700,475,1
381,1412,1754,2
874,1095,1613,3
784,778,662,2
392,707,58,2
272,1238,839,3
1641,297,1312,3
1141,296,966,1
16,1292,1482,1
1683,157,1404,3
1555,313,1493,2
847,1807,1376,3
1455,156,332,1
1669,1335,1169,1
1144,1446,984,3
894,748,190,1
442,1268,1505,2
1106,1121,1277,1
925,1248,958,3
252,676,1461,1
1820,85,230,1
784,1166,1567,3
205,726,1382,3
767,956,1298,2
691,596,190,2
23,1059,84,1
1068,1547,354,2
204,822,838,3
970,1215,1375,1
1652,1770,1553,2
1238,995,1794,1
224,1376,1570,3
454,1770,1227,1
150,854,1019,2
68,571,1823,3
928,1212,934,1
1397,498,1554,1
360,1053,156,2
1446,830,901,1
1403,909,1708,2
1099,1520,918,3
1264,1280,1765,2
1002,1748,1352,2
8,605,386,1
413,1704,90,1
70,1363,839,1
554,1662,594,3
1638,727,1808,2
660,287,1670,2
386,1428,1573,1
418,1461,1577,1
1589,1567,1717,1
301,1692,197,3
1507,428,79,2
225,1301,716,2
1222,825,1573,1
1591,1220,462,1
735,1824,1609,1
1033,1767,75,2
1024,1794,176,3
1561,1620,1040,2
1335,1248,752,3
1284,176,169,1
1256,891,840,1
783,1625,362,2
260,638,1655,3
190,226,957,2
1205,1824,1841,1
825,1841,160,3
1179,355,1342,2
371,700,1198,3
77,1109,1850,2
66,98,966,1
769,189,1728,3
1354,1481,239,3
630,367,200,1
409,1209,1451,2
175,1339,132,3
1426,1021,1107,1
272,295,851,2
1577,922,45,3
68,266,1043,3
198,494,36,2
1814,264,831,2
999,324,561,1
547,1710,185,2
494,1452,1648,1
1726,1725,1034,1
1368,53,651,3
574,260,1448,2
1761,941,1174,3
1335,1345,384,1
1759,1124,262,1
1201,1788,741,1
877,119,1595,1
1217,1092,701,1
1748,849,1639,2
1487,585,910,2
1683,621,1679,3
1417,604,1820,3
138,547,1345,2
472,805,1790,2
556,105,257,1
1123,781,917,1
1041,1767,1486,3
1556,291,1313,1
827,1261,440,2
1324,1530,1786,1
218,1483,447,1
504,1330,517,2
475,190,1330,2
669,1162,674,3
171,677,1319,2
1272,1512,1152,2
495,629,1044,1
728,819,1336,1
436,511,119,1
400,917,886,3
60,698,1444,2
1159,445,479,2
845,1315,179,1
694,1159,36,2
1540,828,1543,2
272,1569,1248,1
1452,578,1803,1
627,555,90,3
386,1089,1090,2
1299,237,1110,2
504,427,1573,3
1663,1529,1208,2
106,1488,1336,2
843,805,1422,3
1671,1455,511,3
737,383,411,3
1422,1308,1559,2
399,289,1611,2
722,1200,1531,1
380,1198,80,3
606,960,202,3
1708,301,1821,1
881,436,523,2
1664,545,1841,3
1317,1535,1544,1
482,607,90,2
1609,261,1830,1
360,613,1273,3
1437,1664,1267,2
1110,853,1391,1
1010,712,323,3
1231,970,1846,3
942,1486,310,2
1254,256,1562,1
1621,1815,1518,1
249,1458,1021,1
1688,106,843,1
1482,1800,1422,3
1061,1430,1626,2
217,1550,1817,3
1249,1129,1505,1
637,593,280,1
1362,878,315,1
1734,305,871,1
932,594,774,3
1399,1444,1621,2
1326,1150,1655,2
287,107,921,2
32,420,387,2
1521,340,135,3
1208,1684,66,3
1851,951,1401,1
488,847,24,1
1781,582,759,2
1366,435,28,3
385,1131,1215,2
1827,523,59,1
999,1030,264,1
569,1844,1788,1
1772,1315,89,3
943,490,1677,2
223,415,287,1
679,768,1591,2
1697,1566,156,2
970,772,1238,3
1805,79,629,2
335,1445,815,2
38,1556,798,2
1338,507,1172,3
1652,1576,749,2
1442,90,1320,1
388,1732,927,3
143,1802,18,2
471,1106,1179,1
1290,1116,1422,3
938,642,398,1
790,662,190,1
274,1561,367,2
1718,1363,1001,1
1282,1420,1238,2
48,1604,614,2
406,141,640,3
1584,934,907,3
1189,1003,109,3
1392,135,535,2
276,686,1380,3
1507,954,633,1
633,510,639,2
1099,312,1077,3
1149,665,1181,3
1085,824,1403,1
295,1188,412,3
584,1290,908,2
1429,1271,509,3
1124,180,561,2
1206,1524,820,1
1071,332,1059,1
980,167,445,2
94,311,447,3
446,875,1369,2
859,1438,1039,3
1419,88,1641,3
737,1179,1738,2
122,360,264,2
915,547,1687,1
331,1340,1798,2
1616,1208,1785,1
1190,815,344,2
1331,1830,261,1
576,611,116,1
322,743,19,3
570,336,1652,2
1843,459,953,2
256,1177,1847,1
491,29,1580,3
1153,244,422,2
1738,795,392,2
739,394,341,1
487,1471,536,3
583,674,1591,3
648,34,1169,2
871,1664,129,1
73,1429,554,1
1797,709,230,3
955,272,1206,1
1368,806,705,2
263,693,1518,2
54,126,1115,1
459,1002,214,1
1036,512,343,1
23,1652,1715,2
1780,1141,805,3
1189,720,1798,3
627,1491,1705,3
799,428,719,3
738,1125,1383,2
661,297,1456,3
759,359,1072,2
639,785,587,3
1534,181,68,1
783,793,650,3
1540,1590,1257,3
1677,1438,1363,3
1481,998,1074,2
1365,855,123,3
1201,1040,439,3
1073,1152,1384,3
815,1645,1097,2
1778,862,1707,3
237,1745,220,3
1410,617,470,1
128,329,995,3
1186,1513,1606,3
869,13,1313,2
1732,375,1128,2
1061,277,1466,2
751,590,1003,1
1510,1805,1418,2
721,1465,200,2
1387,1156,906,1
1802,1840,12,1
1369,250,1602,2
562,39,144,3
1674,537,1281,2
538,199,1490,1
1614,443,396,3
1386,1309,1569,2
983,98,468,1
278,879,682,2
269,308,63,1
15,550,382,1
1408,872,1688,3
725,1574,1140,1
975,1709,1016,3
1465,526,1030,2
930,968,1001,1
819,583,188,1
1559,273,1767,2
59,185,116,3
1285,1611,1713,1
1836,1660,812,1
1584,1770,838,2
785,441,134,1
545,1816,207,2
940,1549,1077,1
291,855,263,2
275,1232,619,1
1299,1760,782,1
955,1813,751,1
1564,1844,769,3
806,1797,623,1
426,570,810,3
916,1794,985,3
1243,257,1563,2
257,1643,1641,1
1587,293,130,2
1585,1545,718,1
1489,1213,1746,3
101,659,151,3
76,1529,982,2
1514,1718,536,1
137,49,1122,3
535,1508,1703,2
488,1078,68,3
38,1628,1478,3
1304,682,1604,3
1393,594,73,1
216,527,428,1
1504,526,922,3
1361,330,1053,3
850,1347,1327,2
116,1563,998,1
843,238,1745,2
379,736,1248,1
344,1586,387,3
711,286,1834,3
1832,426,291,1
1166,1165,1412,3
1666,957,1392,1
687,936,68,3
1777,1801,1841,3
1602,1491,405,3
1854,1183,30,3
448,1545,1835,2
1523,1146,1590,2
609,1288,1307,2
386,248,1196,3
1529,1095,1316,3
1673,574,266,1
412,865,53,2
1603,261,1429,3
301,215,662,2
1626,540,619,3
819,1110,1516,2
1030,1210,226,1
1642,1144,1684,2
929,584,1643,3
374,417,1571,1
491,883,1536,3
732,1067,1456,2
287,758,888,1
909,1829,485,3
1129,701,1662,1
493,545,1491,2
238,1792,612,1
1321,1164,1570,2
683,247,241,1
712,388,1392,1
1152,633,363,2
323,186,956,1
31,1023,1168,1
517,1666,1367,3
834,932,1676,1
895,46,1620,3
767,1748,302,1
1574,876,1355,2
502,1028,1489,2
527,146,435,2
1141,1130,1678,3
1813,1310,89,2
81,352,461,2
760,207,590,3
166,1111,612,2
1818,1478,982,2
996,1486,288,1
579,1124,1191,1
1649,559,204,1
1573,663,1368,3
1291,969,1838,3
1021,1544,156,1
1076,1090,943,1
1218,1001,1153,3
1372,112,1174,1
792,584,514,1
1431,1013,158,2
787,1118,598,3
1273,320,238,1
21,31,446,1
1562,966,1082,3
303,185,357,2
984,614,1443,3
1823,535,67,3
1069,318,667,1
280,1795,640,3
406,1223,1199,3
1608,1115,1414,2
527,813,1612,3
770,1708,15,1
636,691,1734,3
403,326,370,3
1416,132,1586,1
358,1638,1200,2
698,1512,415,3
1586,1705,1281,3
321,1095,1203,1
30,1292,979,1
330,991,963,2
229,398,837,1
1237,1157,811,3
1711,1157,1437,2
523,1497,717,2
1432,320,30,3
984,330,113,2
1793,948,1854,3
610,1593,440,2
1437,839,344,2
1144,663,1264,2
574,1562,383,1
1804,1261,1707,3
205,1066,1144,3
910,1612,78,2
1218,76,420,1
1365,940,927,3
1675,279,1335,1
1507,431,1174,1
984,394,897,1
1766,304,602,3
935,715,669,1
1226,380,134,1
1073,1724,944,3
1394,1140,1473,3
635,230,488,1
170,81,400,3
284,1793,1220,3
724,1081,1784,2
1,139,866,1
1799,34,1654,3
1376,622,210,2
1510,671,511,2
136,79,1461,1
264,1020,1211,1
60,450,1330,1
1580,239,1070,1
301,67,1693,1
261,1400,167,3
1136,1601,1797,2
736,1379,59,2
598,228,1355,2
1800,764,1242,1
666,665,161,2
166,426,1478,1
659,277,864,1
15,781,1757,1
954,835,1729,2
766,1315,1704,3
39,1803,345,2
545,608,1129,3
219,1208,1482,3
1245,682,1181,3
214,1456,479,3
623,1415,1112,2
91,1099,315,1
1031,1541,1434,3
1325,767,70,2
363,267,1301,3
870,1649,685,3
1219,419,656,3
1585,1693,659,2
626,1002,1214,2
488,1630,500,2
315,873,1097,3
281,153,607,1
665,1244,539,3
811,191,1158,3
1630,424,1578,3
1184,746,163,2
1256,1831,562,3
1750,1761,338,2
1737,754,591,3
65,1297,55,1
1269,931,1851,1
21,186,1158,3
661,426,949,2
116,1296,1020,1
227,239,602,1
233,747,825,2
106,1004,459,1
266,1409,403,1
1841,1629,1509,3
1342,928,1753,1
1057,1182,662,3
1089,1319,1154,3
1128,292,1684,2
1404,1240,884,2
128,386,503,3
149,192,789,2
1673,1771,277,3
194,1651,716,2
1023,1103,833,3
167,917,1441,1
1489,685,1156,1
880,1012,1297,2
933,1779,100,3
40,457,1063,3
918,273,1190,1
1357,233,1137,2
1343,1525,745,3
842,874,554,3
655,438,1208,1
1052,1338,1554,3
591,584,1207,3
1504,1476,777,3
1561,223,954,3
208,854,1460,1
1561,1639,1059,2
1725,1288,1026,2
1331,1545,1631,3
535,42,887,1
1224,1031,965,3
146,478,785,3
327,111,727,1
1302,627,42,1
285,736,1532,2
1137,1519,466,3
610,520,30,2
1080,65,1693,3
405,131,1483,3
1128,112,410,1
1182,831,903,1
1005,931,292,2
92,117,1585,1
885,735,923,3
1228,70,1725,3
1488,969,364,1
1785,480,1626,3
1646,1255,1675,3
87,1554,1215,1
1650,1286,111,2
809,636,1282,1
1687,463,986,3
180,813,1161,1
326,1152,1156,3
1291,94,1156,2
373,1498,129,2
1478,528,1672,1
979,1086,666,3
220,1299,1176,3
1111,82,1801,2
1030,1668,1427,3
1475,1127,465,1
1754,1673,1781,3
216,532,1540,2
1422,1574,1622,2
1258,468,1354,2
1800,1584,1288,3
797,1,1687,3
1556,1155,1683,1
238,1227,1810,3
1252,526,11,1
550,32,207,2
563,741,1085,2
537,966,341,3
184,1368,30,3
500,841,1286,2
186,1593,1018,1
1283,1683,1693,1
196,709,1294,3
1157,1000,1481,2
506,411,1175,2
1768,1717,995,3
1750,1538,293,2
691,175,1751,2
71,371,67,2
1201,1469,1552,3
27,1475,1637,1
606,1276,242,1
716,945,780,3
934,1339,88,2
746,564,1103,3
960,1476,1760,3
38,1061,862,1
1510,301,1271,3
1244,664,1676,3
761,6,459,1
1061,112,317,1
759,80,1393,1
1090,221,1071,3
193,1439,803,1
667,1085,169,3
1229,959,21,1
369,230,1758,2
971,943,1840,3
624,725,1796,1
118,1818,1822,1
1806,575,831,1
92,1297,123,2
1267,1190,787,1
1406,190,27,2
651,1680,940,2
1171,744,1328,3
561,1473,970,2
185,265,1537,2
1341,660,301,2
505,1738,502,1
1240,1404,1617,1
809,1560,1612,1
860,938,107,1
1145,1305,1055,2
648,1093,1801,2
188,1011,1200,2
27,1562,1498,1
1812,375,1578,3
1661,1087,585,2
673,30,1281,1
1782,1337,1190,3
1826,20,207,2
1133,332,858,3
1558,1147,25,3
718,1787,1509,2
1608,1674,270,2
1229,648,482,1
1428,1546,1531,3
1139,739,1378,1
1150,505,358,2
327,919,1511,1
1144,1430,337,2
370,538,1601,2
647,1504,1322,3
618,823,524,3
922,38,900,1
519,337,151,2
50,1784,428,3
200,1434,750,1
341,1809,1096,1
744,402,1167,3
883,1407,1034,3
654,1117,879,3
1014,1453,989,1
1075,1390,1845,3
1075,950,483,3
376,974,1634,1
758,1558,156,1
1526,1057,1246,2
806,785,1696,1
1036,1790,1612,1
900,312,956,3
1217,1589,1662,1
992,1368,613,2
275,436,1779,2
686,812,674,2
443,1184,1780,3
57,202,1671,2
522,575,610,2
1825,79,797,1
423,1251,1276,1
173,1363,251,2
445,1608,1078,3
811,1207,1844,3
665,841,1113,2
1343,588,861,3
1215,282,1772,2
1000,795,782,3
104,1234,219,2
1259,186,309,1
827,355,414,1
131,1077,1840,2
411,690,1751,2
211,1304,423,2
1489,1792,1007,1
222,1563,482,2
617,486,1736,2
836,666,349,3
1221,404,1085,2
685,1449,1229,3
1309,929,433,1
1287,1004,304,2
734,613,1331,1
1426,1482,515,3
1739,523,452,3
885,745,1661,3
114,692,1659,1
1265,1259,36,1
1690,400,1155,1
1422,1507,364,2
341,1076,1516,1
142,440,63,1
1288,1227,1391,2
539,1371,81,1
821,1334,555,3
669,1498,1456,2
712,730,956,3
1112,1315,1378,2
22,1388,1687,3
908,791,1245,3
897,1309,1252,3
507,1325,1312,1
1586,858,79,1
898,161,1138,3
1598,682,24,2
1427,1440,1269,1
85,1113,194,2
666,1075,206,2
418,1484,1264,2
239,960,1711,3
716,493,224,2
1673,1668,1824,2
1011,779,695,2
1682,389,10,3
803,861,488,1
1193,1850,1810,1
846,575,1200,3
184,1281,1620,2
365,49,883,1
440,560,611,1
424,1691,841,3
1660,1499,1130,1
1304,1180,1113,1
1049,338,519,2
1104,1275,1472,3
427,1205,1738,3
415,12,1394,1
353,347,1409,1
1651,1599,124,1
33,1699,1122,1
297,752,1768,1
1514,1645,1278,3
505,1033,1241,1
1251,159,504,3
1368,385,1436,3
1445,1611,1338,2
1531,885,1849,3
1833,1111,1753,3
327,1027,1522,3
555,409,100,1
1064,608,701,3
810,664,152,3
237,541,481,2
1284,979,1259,2
1281,5,730,1
1714,281,146,2
330,1694,72,3
1135,274,1098,2
301,619,222,1
114,1422,1210,3
1490,17,1830,3
1318,1238,198,2
922,1728,846,1
260,864,345,2
573,1643,362,3
973,282,857,1
257,898,373,3
178,1241,1486,2
295,170,1274,2
23,1724,386,1
545,124,725,2
1431,188,1289,1
1775,241,38,2
1323,779,780,2
1211,833,1560,3
1298,1627,1025,2
1182,424,3,3
323,1209,621,1
1456,1116,1681,3
309,1417,205,3
1652,250,1707,2
678,504,1119,3
1660,1606,923,3
712,448,280,3
264,1611,902,2
1385,1546,1140,1
767,1112,858,2
688,1528,1038,2
232,1810,1290,1
447,1634,1107,2
1127,233,1321,3
1083,680,1059,2
544,41,452,2
867,1565,501,2
638,1300,861,3
291,1637,712,3
1309,1397,1124,1
1071,592,695,2
270,35,876,2
516,924,1012,2
942,1342,1119,3
342,1296,297,1
704,561,1476,2
607,807,1766,1
384,1109,1302,1
40,717,642,2
586,58,447,1
803,344,258,3
60,817,335,2
1447,1671,570,3
479,511,680,1
1709,1015,1273,3
1081,1299,1493,1
1274,1723,1511,2
1593,568,580,2
1519,278,176,1
1344,550,812,2
34,1617,1199,3
1415,554,652,1
6,138,1400,2
572,1643,785,3
470,839,616,2
1697,1469,1622,2
407,1634,36,1
1306,1170,205,1
576,931,990,1
340,768,1790,3
1848,903,1509,2
924,1791,159,2
324,319,374,2
847,620,1515,1
580,1290,145,1
1574,728,898,1
182,673,488,3
249,709,1381,1
1598,266,1133,2
276,936,805,2
1314,112,1190,3
66,142,1778,2
1431,1211,366,2
462,590,1493,2
877,1664,1390,3
1104,1123,523,2
174,159,1331,2
1190,732,1063,1
1765,1179,1738,2
482,1152,1361,3
1763,944,13,1
149,847,1190,2
282,83,1194,3
230,1432,896,1
64,1290,325,3
771,1710,1521,1
251,332,1253,3
5,1821,424,3
1277,1717,488,1
1197,927,546,3
746,421,525,1
1803,1341,1033,1
318,84,1819,3
260,1455,40,2
1329,465,1561,3
703,375,231,3
1176,850,398,3
923,871,39,1
1331,539,1377,3
1457,959,1567,3
1627,146,1466,1
1823,463,848,2
515,495,307,1
998,255,1101,1
1831,768,373,3
1577,564,1533,2
172,1359,229,2
865,1517,1362,2
49,1368,1190,3
586,333,1735,2
1245,233,12,3
1021,712,1188,1
663,111,861,3
1088,687,56,1
1003,1629,16,2
848,1612,420,1
1629,838,1655,3
1431,848,1274,1
804,834,620,2
1487,3,383,1
1385,795,550,3
1346,453,449,1
1138,995,335,2
1732,1637,696,3
1762,191,1618,2
1220,622,94,3
994,1594,961,3
1777,827,157,1
1519,1151,756,2
560,1132,396,2
1219,1339,1188,3
208,331,1068,2
1503,1320,1472,1
1840,1098,1505,3
58,784,712,2
660,640,645,2
1445,474,12,1
1699,1144,1522,1
1383,21,219,3
3,1683,1223,3
1274,555,1241,2
896,1236,511,2
221,1674,1760,3
641,940,1010,3
508,286,1709,2
677,173,1237,1
1280,231,1385,2
511,140,1444,2
1400,1516,1081,1
1055,1182,574,2
979,72,228,1
1214,538,1427,2
1717,954,115,3
1720,903,382,1
733,184,483,2
1620,1307,752,2
964,1508,257,3
513,368,1205,2
1197,1678,667,3
679,1676,1121,3
301,305,1226,1
273,1512,1360,3
633,29,1041,3
1747,310,888,3
598,875,1495,1
714,454,1646,1
1548,13,1414,1
247,677,482,2
1471,1239,35,1
1599,1197,1764,3
1749,978,1169,3
1429,664,439,2
832,618,911,3
1406,225,1623,1
1213,705,197,1
1239,384,742,1
950,140,1108,3
1624,1663,282,3
573,716,888,1
654,1064,632,1
1247,797,1435,2
473,1634,434,1
1661,1854,1022,2
1648,326,1716,2
134,1416,301,1
757,147,307,3
1030,777,147,2
1850,1119,1025,2
1324,1763,621,1
309,758,349,3
350,411,1587,3
665,1239,1616,3
365,176,1092,2
1224,1282,1812,1
456,1140,1298,1
1597,20,1270,1
1254,523,1403,1
1575,953,716,3
233,981,212,2
824,1835,1672,2
819,516,1039,2
869,1354,1684,2
1680,50,1062,2
1776,916,731,1
158,741,52,1
1391,1408,173,3
383,779,604,2
1561,564,1215,1
1548,187,1030,1
1529,1467,310,1
1417,915,1815,1
946,1506,1346,1
1436,668,964,2
1614,1023,1164,3
1311,1697,1475,3
813,543,1082,2
1009,178,957,3
920,391,38,3
197,719,443,2
1271,1735,1720,2
1424,736,1469,2
1025,1317,438,2
852,1094,1076,2
723,1092,265,3
1320,1491,357,3
1419,190,1086,2
1452,1160,309,3
272,347,815,1
528,1267,1451,2
330,523,783,2
1531,872,782,2
993,1684,17,1
251,441,152,3
402,531,984,3
416,229,1591,3
631,190,1526,2
433,1166,1330,1
590,1408,911,2
212,80,71,1
1537,1166,1813,1
229,1389,786,1
821,1564,1208,1
1523,1291,1193,3
708,1050,704,3
459,748,567,2
1028,1557,1330,3
136,1431,1803,2
1382,217,630,3
1830,1808,846,3
954,419,872,2
1557,1440,341,1
1412,1414,8,3
1745,400,1571,1
1326,803,1560,1
151,1304,506,1
1845,1636,597,2
1689,312,837,1
1312,15,1751,2
1622,606,385,3
951,62,1817,3
1159,724,1634,2
387,1481,939,3
263,1341,1281,3
573,1676,1611,3
335,1654,1480,2
645,43,1632,1
1053,1420,1396,1
631,751,700,2
1779,1367,552,2
1593,965,662,3
1272,1420,1303,3
1709,651,502,2
840,980,1317,3
1345,255,970,1
505,5,230,2
1410,1715,791,1
14,671,870,1
1489,255,675,2
412,1818,1628,2
162,718,130,2
713,36,1433,1
1258,1106,53,2
304,1143,1314,3
1449,1520,409,1
640,1278,1427,3
1403,112,1843,2
1636,1271,1054,2
83,1800,196,2
799,1086,1585,3
465,1357,1124,2
1196,1764,1773,1
1271,468,1332,1
668,839,1210,1
192,212,65,1
1421,1247,1709,2
341,383,1605,2
1051,301,1334,2
574,1558,241,2
780,95,1753,2
546,332,62,2
642,1,1595,1
1850,762,1719,2
558,1808,1339,3
77,212,268,2
742,1501,35,3
1711,730,220,1
353,1217,846,2
157,446,1606,1
800,1431,598,2
1067,1724,685,3
1837,390,316,2
768,1637,1524,1
1810,8,922,1
877,1173,676,1
174,1848,1456,1
15,441,743,2
872,1413,919,1
1142,390,954,2
278,756,1056,1
289,240,1247,3
1032,1556,97,3
908,1565,934,2
713,1551,234,1
1140,918,1272,1
413,7,1813,2
683,161,1538,3
1396,1153,1352,2
300,1237,810,2
670,1184,445,2
1041,1045,364,3
912,1072,415,1
1014,846,957,3
66,1650,1077,2
642,431,635,3
1537,837,549,2
223,382,1329,3
279,913,698,2
1295,1060,12,3
1119,378,1013,1
1050,639,682,2
1802,1839,525,3
1474,1756,1003,1
1710,337,904,3
1158,1038,1765,1
827,1761,1425,2
361,262,176,2
6,1569,1443,2
1380,1700,1081,3
772,1275,1674,1
1187,202,992,3
950,1112,1258,2
1282,1325,766,1
1766,1674,1503,2
242,766,1402,3
369,1825,1615,3
901,419,1834,2
564,76,1541,1
996,891,907,2
811,841,1470,1
1386,1361,1299,2
1321,141,346,1
858,1677,1085,3
281,336,674,1
531,351,333,3
614,1615,113,1
1674,205,84,3
182,142,1805,3
1665,1592,1700,3
1667,1590,938,3
246,1673,378,1
1587,911,646,1
444,363,1728,3
1684,1261,527,3
1809,1346,126,2
1706,452,1358,1
1290,1790,1062,2
970,1596,1638,2
559,505,1021,1
1146,203,648,1
668,1426,1544,3
566,1084,635,3
874,1077,134,1
1708,1569,1514,1
63,577,404,3
1549,720,1043,1
769,812,262,1
1133,973,866,1
748,878,886,1
1575,1368,1749,3
767,1077,155,1
692,583,1789,3
844,258,861,1
578,1280,1620,1
147,832,1735,1
1024,1124,1331,2
752,1004,223,2
1107,791,1205,3
531,1582,486,3
975,798,223,3
857,980,657,3
1772,550,852,2
1663,1340,1066,1
1299,1353,1048,1
1022,1743,1341,3
1582,840,1096,2
1073,766,1761,2
1353,6,1558,3
1290,332,1289,3
7,688,1501,3
373,584,992,1
741,1328,1640,3
118,699,231,3
1227,1648,692,1
1509,1418,140,2
623,19,1084,3
184,941,264,3
1409,941,627,2
661,1309,933,3
486,686,1753,3
1442,438,1151,2
1045,889,1591,1
1488,1159,1709,2
847,904,199,2
677,1237,1469,2
1098,349,296,3
1489,1317,1752,1
1291,272,578,3
1717,1079,1290,1
1525,494,1830,3
697,695,680,3
1716,856,318,1
226,1213,223,1
1638,790,1639,3
1186,554,1784,2
562,1461,1372,1
1183,176,785,1
1117,1640,1040,1
1838,1751,765,1
1499,1163,1816,1
196,58,11,3
1429,858,1580,2
1351,1732,992,1
1230,1386,1609,3
124,1044,1400,2
1813,1081,195,3
1568,1145,76,2
1331,1333,1198,2
1472,238,319,3
1316,511,974,3
1105,1106,310,1
965,167,720,2
1282,525,38,1
838,458,196,1
1512,1482,687,2
1333,1389,1491,2
1124,1273,836,3
1666,1155,113,2
483,557,203,2
1427,517,335,3
653,1057,831,3
423,763,1769,1
362,463,1553,3
527,317,802,1
1050,374,1513,2
783,485,1343,2
1556,451,1848,2
376,1227,1833,1
761,657,204,1
1241,1264,1341,3
1849,541,912,1
1506,1295,1007,1
1008,958,1210,2
132,752,1061,3
1821,799,1268,1
339,1333,1782,2
647,1583,89,3
890,492,68,1
1774,1198,233,1
187,441,384,3
219,1017,1699,3
474,1013,904,3
1805,1575,749,1
691,118,559,2
1059,1392,721,2
774,520,1813,3
34,1292,154,3
1505,719,365,1
1463,190,1689,3
1524,1079,1785,2
1037,166,1240,2
1377,843,1765,3
1454,1263,1389,2
1073,773,1432,1
475,409,979,2
1683,851,1326,1
66,1717,409,2
1586,1378,1275,3
1654,650,691,1
690,1807,1209,3
304,1711,1041,3
1602,1063,790,3
1321,65,779,1
1491,1353,782,3
1283,391,1352,1
708,1734,1282,2
1269,1790,139,1
756,1575,1854,3
486,1853,593,1
1593,1242,486,2
1188,619,623,1
1318,185,977,3
659,1656,1376,1
383,702,435,3
1760,1823,545,2
1612,394,888,2
1646,1094,1758,2
945,1696,897,2
1096,1339,151,1
559,521,1830,1
433,1348,969,3
1653,1534,1296,1
874,537,1207,1
523,946,1349,1
353,1619,1734,3
642,950,812,2
1117,874,824,1
1852,1707,672,1
1149,16,1579,1
983,1813,70,1
844,386,1542,3
149,1389,1307,3
1725,845,1676,2
1654,1836,1745,3
977,9,774,1
1021,1086,1304,2
1334,1828,1736,1
1503,1153,225,2
194,384,849,3
831,1742,1010,2
1124,426,1838,2
1832,1126,790,1
1200,458,569,3
895,249,198,3
1451,1144,494,1
1140,1699,1465,2
1350,1725,633,3
713,78,1363,2
1207,517,1421,1
1824,769,1496,1
345,1052,270,1
1083,977,314,3
505,1448,1086,2
1847,292,1361,2
386,351,326,2
1589,1843,548,2
619,1551,1148,1
621,1295,1440,2
381,50,1232,1
697,1127,184,3
347,1085,506,1
1557,42,364,1
1849,233,439,3
463,1255,1580,1
335,1474,1718,1
1343,1694,770,3
277,1261,841,3
691,1232,1089,2
1487,1255,1378,2
1853,59,1360,3
1830,1277,3,2
2,500,1015,1
708,1520,556,3
889,1710,1739,3
307,944,1360,1
126,475,287,3
293,581,916,2
701,281,1505,2
362,1715,1622,2
901,121,1515,3
1374,1220,1139,3
1522,199,1431,3
900,220,1771,3
33,372,1103,1
613,834,754,3
1203,173,238,2
367,397,273,3
1596,1696,1342,1
1814,518,1151,3
665,1461,1378,3
1795,792,1511,2
901,973,1505,3
115,1417,1108,3
213,374,410,3
356,1366,1281,1
1647,900,400,3
1562,1024,1730,2
450,929,251,1
1372,1612,1408,2
99,1055,1251,2
480,1051,1585,2
1705,1118,1035,1
1089,1209,1532,2
1674,1226,1578,3
261,345,1759,2
1383,90,872,2
1495,297,1347,3
978,51,614,1
836,1613,1296,2
944,1778,1604,2
1748,1163,175,3
1084,363,1772,3
1662,942,1779,3
1787,1776,1190,2
82,1481,1513,3
16,810,898,3
248,1289,721,2
1394,1211,3,3
1342,830,1200,2
150,942,1603,1
1205,1402,577,2
632,54,715,2
1738,1642,1333,3
1662,1385,1252,2
1550,644,1169,1
1843,121,827,1
1175,1745,209,2
141,1062,184,3
1516,1,1041,2
655,600,1301,1
1844,243,467,2
545,698,1297,2
40,1690,399,1
1467,1752,680,1
1381,1416,780,2
238,1777,1825,2
1186,595,1,3
860,780,1057,3
631,779,777,2
100,542,260,2
1251,11,1662,3
1651,151,1420,2
1534,1013,1170,2
1381,1827,1834,2
1244,1825,889,3
86,182,1543,3
580,464,1791,1
1113,1647,148,1
210,221,682,2
1170,1780,51,2
1027,1315,1398,2
692,622,1366,2
918,1020,494,1
956,1817,1401,2
704,1368,564,2
608,1472,1290,1
766,1842,1544,3
128,659,547,1
319,486,215,2
696,1686,292,1
1839,84,741,3
1034,763,169,1
903,1106,279,2
1136,827,245,3
352,692,1620,2
1736,885,1219,1
763,1619,1252,2
1224,153,302,2
388,671,376,3
665,1420,208,2
850,103,1148,2
335,1422,15,2
524,1195,579,1
1584,901,157,3
1639,1761,1593,3
156,1685,1642,3
198,1628,1459,1
1125,1188,822,1
1397,624,1238,2
408,1558,1386,3
893,1642,741,3
789,605,527,1
921,876,492,2
1202,497,657,2
211,718,1560,2
1836,1081,1776,2
656,1524,536,2
169,147,1045,3
1541,1818,1713,1
1526,1460,1320,2
1188,365,408,2
1791,557,1815,1
624,415,781,2
1447,1527,1679,3
1406,1442,1312,1
1216,1799,1743,1
429,1595,1371,1
809,504,674,1
307,1713,1077,1
1630,1060,1645,2
26,782,1256,3
1374,1570,193,2
934,145,1000,1
1750,791,1737,3
1016,401,557,1
591,431,691,2
1122,1000,865,1
1146,1143,1195,2
67,411,1123,3
1810,60,1515,3
106,1527,178,1
859,1546,88,1
1792,1745,1345,3
365,810,210,1
250,1832,980,3
551,414,391,3
484,714,1668,1
1325,227,20,1
1764,543,17,3
420,1368,1172,2
584,1614,621,2
832,1150,490,2
1632,537,266,1
581,1340,652,1
1041,553,740,2
1226,1037,1698,3
1839,943,552,2
1260,904,1705,2
1521,593,1332,3
1288,598,686,1
946,222,1334,1
692,1607,538,2
1452,1835,1147,3
1526,1517,936,3
932,321,210,1
31,854,876,3
1085,1682,1195,1
859,1480,240,3
936,665,147,1
817,1313,1114,3
497,246,152,1
133,1635,174,2
1018,1099,311,3
1086,1550,386,1
845,735,82,2
578,1640,684,1
511,515,119,3
125,4,1846,1
127,766,285,3
189,984,1405,2
1114,1063,688,2
1431,3,1170,2
1671,1254,1232,1
1630,347,927,1
1745,953,1462,2
1419,563,339,3
1489,672,569,1
157,757,1531,3
881,435,372,1
156,222,382,1
109,209,953,2
547,1181,1784,1
230,866,1179,3
1675,1578,704,2
1297,421,941,1
1764,590,330,2
1751,1285,1154,1
1159,1269,228,2
679,788,665,1
1253,118,89,3
1345,488,389,1
1741,1552,544,1
128,586,500,3
246,490,703,1
1016,286,782,2
1479,328,592,1
107,834,385,1
1279,1478,544,2
1284,678,461,1
447,831,1039,2
1479,1663,691,3
253,345,1828,2
1662,851,825,3
407,217,298,3
133,1119,1668,3
512,934,1002,2
647,1192,462,2
1608,1249,69,2
1308,1705,1055,3
273,1278,1808,1
976,815,957,1
807,122,149,1
194,270,1643,3
37,772,1063,1
912,1580,657,3
1053,287,484,3
1441,1396,1511,2
236,1019,1585,2
334,1693,985,1
1456,1029,20,3
1299,972,377,2
149,987,1343,3
525,1598,768,2
697,565,1560,1
40,477,558,3
1438,570,550,2
99,1212,461,2
873,1698,1361,1
59,1188,879,3
1445,1854,548,1
231,1517,1678,2
1444,652,948,3
1713,322,1225,1
1711,1040,1510,2
725,666,1535,1
967,1563,217,1
552,1495,1036,2
781,1054,801,3
565,1236,1087,3
806,262,1030,3
1285,980,934,3
1622,579,1585,1
1729,510,1219,3
294,801,1208,2
1711,853,293,3
658,306,509,2
1738,443,339,3
1697,1795,1602,2
1226,1561,494,3
1449,433,379,3
1228,677,1474,2
389,744,366,1
1286,532,56,2
1543,259,380,3
430,551,605,3
313,404,721,1
622,1204,1586,2
927,1278,1295,3
885,56,1752,1
912,1277,1457,2
250,397,53,1
1049,1430,1587,1
1320,608,751,2
1044,150,1252,2
15,1717,160,1
1704,1813,1650,2
604,1377,1647,2
1400,1474,889,3
690,156,1393,3
755,487,551,3
556,1811,811,3
650,1433,1497,3
661,1443,423,1
1839,1654,109,2
1587,1712,303,1
708,1444,696,3
320,784,17,1
82,632,1624,2
1818,66,1297,2
132,623,1622,3
506,978,1728,3
480,511,1054,3
201,1239,561,2
661,986,974,2
649,697,305,3
1370,358,1358,3
124,1454,1623,3
1346,1770,350,3
866,458,323,3
288,1705,1503,2
1592,892,955,1
838,302,415,3
688,810,1176,3
694,1654,382,1
1442,1535,1645,2
327,444,1823,1
1279,798,1478,3
1814,185,855,3
1515,143,94,2
524,1457,52,2
480,1691,968,3
1406,1456,639,3
912,104,849,2
1505,287,558,3
1227,1525,787,2
97,1658,414,2
1316,90,1428,1
1172,1782,1277,3
26,1840,1242,1
1601,831,888,2
909,269,1846,3
1595,1021,1034,2
1147,1231,870,1
42,461,1020,3
1449,1623,274,1
500,705,473,1
397,1818,551,1
638,1523,1424,2
570,482,594,1
1555,1254,1570,2
1848,594,61,2
849,1162,1638,2
499,183,1565,2
502,112,1077,1
1444,287,1554,1
160,2,1136,3
1414,1811,381,1
912,1397,330,1
334,1438,750,1
134,2,163,1
147,175,1445,1
245,1784,1680,1
1816,1346,881,3
1679,1096,1534,1
587,501,586,2
1015,611,212,2
900,280,516,3
1280,779,995,2
1594,1607,305,3
270,823,1057,1
1737,450,1137,1
30,1849,930,1
731,1653,1212,2
1599,613,893,2
952,1645,245,3
675,1571,318,3
1330,1735,1332,2
336,603,844,3
1302,54,829,3
18,310,438,2
259,1847,865,3
962,607,695,1
1820,1095,1345,1
1618,1706,1124,3
1271,1079,869,2
269,315,160,2
1509,522,841,3
450,405,1724,3
1326,1195,1709,1
300,1736,553,2
506,742,481,2
1384,113,1258,3
753,1158,1600,1
873,1815,92,3
1050,1556,1299,1
1447,1749,1194,2
1713,1564,1621,2
53,1382,94,1
452,1640,1664,2
1660,352,1643,1
527,90,1437,1
993,864,1361,1
1112,1223,166,1
534,192,523,2
286,985,406,2
1161,11,318,3
1653,1521,1302,3
1363,1475,893,1
1311,972,415,3
1098,1669,1273,2
449,1620,1249,3
60,1700,150,2
22,1469,71,1
38,266,594,2
408,1664,167,1
1320,1113,1602,1
356,1301,1819,1
90,640,1615,3
1568,1729,111,3
1732,382,1848,2
1357,485,159,2
862,640,1255,2
851,443,1623,2
1073,306,1168,2
1343,119,1653,1
736,1497,1644,2
713,1199,1796,1
241,1256,1356,3
87,1787,673,3
1231,933,1684,2
559,1524,1770,2
643,1436,920,1
1721,1123,324,1
773,1387,1510,2
1669,374,527,1
385,1742,1265,3
985,1434,1291,1
1808,1404,893,2
174,1810,1672,1
504,1524,832,2
1496,1602,762,3
317,1799,951,1
1226,178,487,3
1617,1591,202,3
1800,1622,818,3
1646,47,20,3
239,506,1295,3
185,264,1537,2
731,199,960,1
84,600,1680,1
154,1734,1788,1
437,534,947,3
450,1395,557,1
876,299,439,1
1401,1068,665,2
1486,1658,910,2
1781,769,824,1
1601,723,22,1
1802,1734,609,1
852,1197,1479,1
1304,1271,1722,1
37,411,1611,1
1709,43,1000,3
232,1385,32,1
1164,491,1605,1
1070,977,1453,3
241,782,1391,2
325,695,1332,3
1316,1000,95,2
1737,1762,1350,2
1188,38,1498,3
1667,1505,424,2
559,1836,1564,1
343,183,1453,3
1028,478,267,3
1516,1692,77,2
620,1140,1168,3
1018,683,482,3
1459,1236,113,2
485,1547,817,2
1240,19,1843,2
1358,627,1721,3
1800,691,816,3
454,1241,1595,1
475,1834,730,2
1667,1230,295,2
1681,1396,428,1
1833,1602,1851,1
1420,1371,1608,2
21,1040,106,1
242,1341,712,3
1012,1642,1084,2
580,511,396,2
1191,16,1446,2
1852,942,1763,1
533,1372,585,1
431,1741,690,1
1408,1773,417,3
917,139,701,3
581,956,1479,2
561,246,1011,1
1080,932,1344,1
1766,20,1748,1
754,1143,1733,3
1842,426,1351,3
952,241,38,3
124,1338,462,3
309,1617,1661,1
265,602,313,1
1698,1584,816,3
165,1748,377,2
1049,182,1215,2
1069,80,772,3
1523,685,1550,2
1841,1777,1214,3
284,1816,247,2
659,1000,1432,2
1764,551,1648,1
122,57,33,2
1055,997,165,3
1834,1755,351,3
1119,394,1503,2
1096,1008,1119,1
1094,1334,874,2
964,1576,385,3
1596,157,637,3
713,1108,1554,1
994,291,429,3
374,1419,891,1
541,1042,132,1
1482,1736,468,2
11,901,1304,2
244,1011,45,1
247,10,529,2
1183,598,25,1
1377,1388,446,1
1716,573,108,3
665,223,729,1
924,486,307,3
1605,1327,433,2
585,155,98,1
45,1397,413,2
77,456,1653,2
10,1606,1408,3
411,657,1532,1
1809,1586,1220,3
688,1051,427,1
297,292,1451,2
1543,1306,1119,3
1493,121,988,3
911,768,788,1
1192,256,161,2
1669,1365,1418,3
1560,860,1466,3
829,592,1334,3
1230,1544,1002,3
271,940,600,3
800,925,790,1
215,713,590,3
789,1748,863,1
1795,1184,1522,1
1303,14,1370,2
555,844,657,1
1037,520,1474,3
1255,1641,1534,1
542,44,1692,3
515,1678,1003,2
1432,1372,1417,1
706,1109,1443,2
1020,247,1145,1
179,1013,922,1
1620,348,1781,3
1635,858,1491,2
1773,390,1367,1
342,1103,582,3
991,827,925,1
1066,1378,1527,3
1336,1758,812,3
36,496,298,3
991,157,1682,3
1187,1828,122,2
1384,1393,942,2
970,1213,640,1
102,671,1318,3
817,499,1789,2
1512,210,1632,1
415,1743,313,1
91,1009,123,3
962,377,311,2
1565,785,264,2
203,1126,728,3
684,1097,1278,1
579,1269,1224,3
804,157,1064,3
1838,1050,491,2
428,666,455,2
540,1158,695,1
10,877,26,2
746,1339,1179,1
143,1029,367,1
1088,536,1712,3
379,80,620,2
1202,1092,1184,1
611,603,74,1
1769,1616,962,1
778,1190,771,2
782,153,1247,1
1558,1714,1210,2
1380,700,1077,1
1689,1753,1061,2
1408,487,597,2
258,1720,1046,2
197,1356,1728,1
724,342,1321,3
565,1249,175,2
1302,1361,182,2
1297,541,1120,3
1538,1263,143,2
1378,285,725,3
431,421,970,1
1284,86,93,3
1503,1520,1057,1
1270,1356,945,2
323,282,716,2
8,807,1027,3
71,1417,1452,1
319,1031,1029,2
966,1676,153,2
1667,1639,412,3
252,202,223,2
1722,483,114,2
413,1157,80,3
1399,1039,142,2
684,1616,1348,2
1750,362,816,3
591,1356,1417,1
497,1007,693,1
1734,895,568,2
1075,1479,291,1
1501,657,767,1
1740,196,599,3
1416,306,966,1
1259,897,381,1
23,814,1079,2
401,580,397,1
758,334,616,2
698,821,37,2
393,1318,1664,2
414,471,927,2
1737,440,825,1
943,1180,1539,2
1400,987,1766,2
431,1648,1069,1
706,276,1715,1
971,277,1077,3
1201,126,1429,1
1605,1613,307,1
1512,1646,1560,3
935,1379,19,3
1052,50,892,2
1108,644,234,1
918,148,379,3
1542,1790,950,1
1442,604,484,3
1826,1850,897,3
1396,1682,528,3
771,1138,330,3
1216,1377,1219,2
1436,802,55,2
264,1692,1710,2
1814,276,409,1
1434,420,1116,2
1378,1263,792,2
515,1447,627,2
1059,1708,412,1
231,1842,72,1
828,1597,2,2
210,1483,866,3
1648,406,1287,1
1307,734,1233,3
1851,1238,1569,2
1512,1,587,3
999,25,1432,2
335,1485,1381,3
923,895,1576,2
280,1660,1337,2
86,365,1676,1
503,1653,1301,1
262,1728,1121,3
349,610,1034,3
273,1335,50,3
1015,64,1729,3
207,134,746,3
584,1818,1366,1
1226,1566,196,2
1378,449,450,1
798,391,554,3
1011,983,517,3
688,1064,751,2
1848,1458,730,1
992,1262,1141,3
172,1670,1049,2
1130,344,518,1
1475,291,1797,1
1022,1368,1314,3
579,1769,8,3
835,1721,866,2
620,379,261,3
498,1545,8,2
561,218,939,1
1765,185,670,2
1620,716,1018,3
1231,1414,1344,1
1592,76,489,3
230,1739,532,3
1421,1020,1541,3
389,1514,617,3
1225,19,1674,2
966,945,731,3
1555,1010,1765,1
81,299,605,2
181,957,70,3
384,59,1581,3
1687,1221,1709,1
128,406,1730,3
40,1457,354,3
1084,795,1819,3
97,1702,1560,3
1768,676,1084,3
1793,459,350,1
1019,621,226,2
727,371,57,1
163,1749,1661,3
890,114,449,2
1589,1382,1587,1
1577,863,1210,2
1731,353,1506,1
792,293,341,1
649,635,120,1
1570,744,1106,1
317,567,268,3
1643,607,1478,3
1814,863,1667,2
1392,1460,967,1
1702,1845,1403,2
1353,779,193,2
664,1520,1622,2
1380,1727,1501,2
122,1548,1791,2
1477,1761,1504,3
1304,1076,527,3
29,726,1220,1
937,1056,1492,2
1378,1054,177,3
1716,1397,1261,2
19,924,1852,1
1106,755,615,1
787,1549,1135,3
76,1369,1325,2
1272,787,1772,3
1595,1832,1046,1
1709,1782,1700,3
327,87,1268,2
1324,776,397,1
601,1083,1029,3
1051,446,1591,2
1062,161,1416,1
1008,1795,1081,1
714,1450,233,2
752,925,1226,1
971,483,831,1
1103,1534,474,1
1364,772,1317,1
291,674,103,3
419,417,1422,1
1560,851,347,1
1053,1812,180,3
1307,1140,995,2
1137,1801,1809,2
1571,1366,1376,3
1049,1492,1833,3
1741,1158,1708,2
1808,1398,1089,2
1576,1843,623,1
1512,145,1768,3
1834,1630,1264,1
1232,400,1544,3
1798,1327,285,2
831,206,1642,2
1079,1789,1185,3
1028,159,535,2
811,134,142,2
456,632,1177,3
524,685,1720,2
695,314,1406,2
271,1256,508,1
1576,1758,902,2
961,690,799,2
1844,150,503,3
671,1572,1583,3
1842,1222,766,2
1720,318,1553,2
292,1087,1402,2
905,1681,532,1
1575,258,521,2
629,796,709,1
1096,606,1070,3
182,282,819,1
1765,966,484,3
3,592,457,1
236,1622,346,1
268,1332,1239,1
1309,1556,12,3
423,1599,865,2
207,95,1357,1
187,1130,322,1
557,279,893,1
455,66,352,3
67,1650,956,3
480,14,294,2
1551,964,626,2
1428,815,873,2
902,959,1064,1
868,1112,1492,2
1020,127,1469,2
41,725,496,2
1743,1284,1119,1
1699,1561,230,1
585,1469,601,2
1402,1554,671,1
1201,569,191,1
469,1621,1449,1
738,338,901,2
1376,563,498,2
596,199,1356,3
134,1354,1780,2
426,595,609,2
141,1510,506,3
502,1102,1189,1
312,279,241,2
632,1316,1304,3
599,677,1137,1
13,4,630,1
1577,1496,1695,1
432,958,622,3
1815,1045,12,3
70,189,649,1
1738,1053,96,2
1159,1659,1518,2
1368,453,361,3
61,794,12,2
690,734,433,2
394,1389,410,2
118,12,612,2
1821,824,84,1
266,1348,819,2
1228,846,1446,2
202,1136,1368,3
1622,1434,1418,2
861,821,1785,3
379,306,1134,2
1611,1409,1312,2
210,318,1421,2
1121,1195,1685,2
1297,1356,1557,1
411,446,1336,1
1373,752,1678,1
1416,398,1470,3
1159,1727,1303,3
1672,775,1115,2
572,790,1514,1
334,893,1307,1
427,1269,608,2
1322,76,1013,2
707,899,348,2
425,1523,98,1
1717,747,1551,2
1359,1208,659,1
1135,1849,526,3
595,991,92,1
1482,338,909,2
380,1555,482,2
1847,1162,1062,3
1562,318,1177,2
411,1035,834,1
202,953,1020,3
1101,1038,564,3
597,544,599,2
1354,313,393,3
1151,53,1515,2
1071,1763,1336,1
400,219,264,2
619,1764,477,1
1614,1377,245,1
1098,624,1646,2
841,39,1638,1
1447,1631,625,1
272,502,1723,2
464,868,336,1
1785,1447,627,2
1692,1108,1096,2
847,1600,57,2
1414,884,1199,3
705,1541,1644,2
1419,1336,1591,2
1746,1184,1748,1
1039,309,175,1
742,509,1448,3
506,1820,52,2
774,525,853,1
1717,1034,281,2
61,256,883,3
970,308,38,2
544,1743,371,1
1698,1236,1,3
488,996,614,1
1695,1600,522,3
745,16,1502,3
962,878,1403,2
1261,1494,1569,1
654,1173,826,1
222,416,53,2
710,782,426,3
432,630,885,3
517,408,1582,2
425,7,174,3
1316,1603,402,3
709,501,1184,1
1142,428,1736,2
606,1643,106,2
1216,484,656,3
1363,137,1302,3
431,1051,1523,1
188,295,1604,3
826,1383,422,3
1687,389,989,2
326,167,1661,1
265,448,88,1
1666,1,1636,3
347,1474,383,1
1656,960,671,2
1503,322,1093,2
1173,1513,1354,2
1788,691,1078,3
536,494,1608,2
1197,853,554,1
1849,355,659,1
378,618,1265,3
1682,1830,379,3
1074,856,471,2
1168,938,352,2
1791,1693,1601,2
1638,1508,80,2
1191,948,1201,1
1663,977,913,2
257,1094,92,1
735,1200,134,3
56,248,255,1
1214,1692,1281,3
882,1293,1830,2
288,1127,958,3
667,1497,1511,3
558,1090,475,2
1016,721,724,1
1740,1492,628,1
1315,433,1352,3
283,286,904,2
1551,825,1353,3
727,265,222,1
1506,243,1686,1
1221,208,405,2
1158,1553,1737,1
515,755,1406,2
1416,310,1164,2
837,1231,227,2
1576,603,1737,1
63,96,327,2
1028,968,291,2
742,90,1842,2
1847,487,1279,2
810,301,1032,3
1240,780,856,2
49,1312,1368,2
56,1670,942,1
1247,1408,1726,3
1277,76,41,1
888,473,1736,2
286,966,87,1
114,1185,948,1
292,340,1771,2
369,47,647,3
211,22,888,3
939,125,379,3
501,174,841,2
1069,380,1059,1
64,1598,412,1
549,37,1015,1
1260,1236,1345,3
1500,1082,101,2
293,197,1614,1
1019,1009,892,1
1541,1383,950,1
843,1326,1309,3
324,1533,1774,1
1242,210,1379,3
1657,1829,669,1
446,21,1195,2
403,159,1119,2
505,609,761,1
130,443,1605,2
1441,1705,400,1
504,1267,1274,2
689,1430,899,1
1552,1035,1062,2
706,1552,1493,2
512,1743,1789,3
310,665,494,3
1493,125,510,2
878,1496,131,3
1650,293,859,1
717,332,297,3
927,3,211,3
298,1203,1459,3
261,837,456,3
1585,474,981,1
1763,451,31,3
801,86,1829,2
407,420,1152,3
1131,577,1285,2
555,1585,1138,3
1089,175,189,1
1377,625,806,3
723,167,1673,2
971,571,1777,2
1065,1583,72,3
280,1718,624,3
385,1619,1211,2
479,924,1146,2
1545,740,1635,3
356,1144,1122,3
1561,1212,249,3
146,21,1333,3
248,652,557,3
1714,1598,174,1
1526,1525,902,1
1367,1750,1304,2
1315,958,1326,3
950,1778,1618,3
845,465,746,3
888,1733,1288,2
1559,938,472,1
1562,81,1722,3
1257,1136,40,1
1679,718,244,1
1375,684,930,2
1749,1294,54,2
1365,171,9,2
778,448,1491,2
74,1421,718,3
1234,1833,1032,1
604,1478,1321,3
1490,1559,1587,1
447,1662,16,2
1688,243,632,1
1767,798,755,2
979,572,1479,1
722,151,992,1
707,1588,890,2
156,1520,825,2
864,542,1390,3
988,105,1249,1
297,1540,1407,1
512,110,744,3
583,509,813,1
1601,1626,1426,3
1188,1015,639,1
1538,781,1432,1
650,800,1071,3
1036,901,587,1
247,1379,759,2
1197,1495,1218,1
803,1004,1039,2
958,1204,489,2
859,818,1827,1
936,529,1829,2
1545,638,865,3
281,1639,763,3
238,1807,535,1
875,618,1019,3
1590,1131,1708,1
1117,206,98,3
830,1342,752,1
1689,1745,918,1
456,1236,1240,3
43,272,962,1
1131,287,565,1
221,412,1192,1
1264,1659,954,2
127,59,1791,1
330,1832,383,3
1378,1454,76,3
633,1382,1400,1
401,1155,1103,3
825,1574,1756,1
734,208,1787,1
1010,1795,347,1
261,301,1047,3
42,1204,1421,2
790,1761,479,2
87,611,802,2
1726,1741,1808,1
13,725,581,2
274,925,1682,3
1172,839,866,1
1740,1214,1750,2
739,598,727,3
1483,1319,260,1
1072,905,558,2
1721,1071,438,1
753,311,226,3
98,321,240,3
1382,1114,1379,3
1077,1027,1106,1
991,1298,900,1
119,197,913,2
491,794,487,3
303,39,1625,3
153,1397,1826,2
1794,1727,918,3
1125,1801,807,3
1525,766,1118,1
1706,381,702,3
1800,1220,1348,3
1146,846,968,3
370,1183,26,1
638,298,1663,2
1530,920,149,1
573,896,447,3
1403,1718,87,1
1223,899,889,3
761,1296,345,1
1533,943,506,2
144,718,993,3
1286,726,355,1
1765,815,962,3
671,889,1573,3
628,469,771,1
543,1844,1089,3
1269,42,480,3
669,677,790,2
274,311,1573,3
1380,1391,146,3
13,1688,1823,1
806,684,600,1
1452,94,702,3
974,1390,1149,3
1266,779,649,2
407,1234,369,3
318,314,451,2
688,1687,1636,3
232,1531,1803,3
1574,890,1773,3
772,442,62,3
1133,926,572,1
390,1346,1480,1
1600,957,357,2
1767,1285,1383,1
164,1729,686,2
520,1703,849,2
1601,478,1500,3
1101,969,1818,2
1166,891,1787,2
747,252,1025,1
706,449,326,2
327,684,141,1
285,584,62,2
701,1523,217,3
97,41,679,3
1075,1738,464,2
587,341,1380,3
1588,1008,881,2
1840,522,825,3
1726,748,341,2
615,265,263,1
1763,101,405,2
1470,1442,848,1
1771,353,523,3
389,1407,814,3
1453,1319,553,3
187,1062,303,1
1202,758,971,3
742,1742,1528,2
1826,983,1252,1
1730,428,190,2
1669,1058,1185,1
380,1717,1343,2
1714,286,1655,3
424,1267,599,3
1756,622,868,1
1312,32,1373,1
364,1036,271,1
499,845,1453,2
518,562,856,3
1194,1513,95,3
807,1190,1058,2
678,1759,1190,2
312,1463,1735,3
70,594,135,3
1001,961,1374,2
1830,1752,185,3
908,764,672,2
1562,332,799,3
1384,183,97,3
339,971,206,2
287,60,904,3
267,984,616,1
904,147,1351,1
961,1552,679,2
262,1564,1358,3
692,1569,1771,2
266,1813,346,3
1585,204,1681,2
1238,633,1427,3
1050,1384,315,3
744,588,68,1
912,492,1047,1
753,1686,230,1
1296,1707,552,3
930,1196,426,1
969,1180,1075,1
83,403,1853,1
120,1037,535,3
975,1699,12,2
509,1381,1049,2
354,1085,583,1
578,738,898,3
1400,135,937,2
1335,490,1840,2
1568,1445,1288,1
307,361,1058,3
229,1753,1598,3
1800,232,439,3
1643,1267,145,3
1624,110,1497,1
92,475,614,1
566,1597,1532,1
633,687,824,3
348,530,175,1
423,468,786,3
1358,1092,583,1
1278,157,1374,3
639,1751,1224,2
1241,634,126,3
1169,1799,286,1
1114,478,1081,3
1833,198,709,3
1780,909,387,1
1123,1531,1083,3
263,219,788,2
1820,435,295,3
1127,773,1118,1
650,1323,608,1
691,221,1803,1
631,463,691,2
815,652,1449,2
200,633,1003,1
1017,1426,589,1
1624,1737,396,2
491,500,1067,3
1116,1109,49,1
784,680,450,2
1099,547,1116,1
1819,302,1080,3
1190,1512,1100,2
1524,1105,1553,2
388,180,1832,1
921,941,1754,2
723,340,1703,1
1262,112,453,3
878,672,420,2
1262,889,1599,1
1793,762,211,2
830,211,1154,1
1268,543,858,1
402,1843,784,2
1394,1649,1499,2
1673,1080,463,3
159,1148,1805,3
1066,26,1167,2
810,186,423,2
24,990,1791,2
1201,760,666,2
1714,182,1582,1
1578,691,757,3
269,1368,1186,3
769,1174,1456,3
291,485,969,1
1749,267,1423,1
1791,1432,1596,2
533,1755,1469,3
1671,1748,583,1
700,782,1554,2
12,1743,1390,1
925,1005,1581,2
1852,567,7,1
1389,344,553,1
32,1136,1678,3
1044,1004,865,1
1602,899,1345,2
343,1406,1364,3
1563,1820,1168,3
1033,1501,316,3
97,796,238,2
1141,1569,1572,3
1510,415,105,1
869,1235,532,2
297,1276,165,2
1506,123,583,1
762,347,1465,1
1333,1638,811,3
514,248,361,1
1842,646,1543,2
691,869,735,3
930,1551,1618,1
506,826,746,3
831,1728,918,2
343,265,684,3
707,92,867,1
1486,1433,464,3
1532,129,249,3
312,396,1415,3
204,1074,913,3
1086,1501,1759,2
1241,472,1381,3
1845,1471,1653,1
1535,531,318,1
392,1613,122,2
1416,397,1367,3
709,1137,1626,3
1170,1699,962,1
1418,1465,542,1
792,68,413,3
258,418,60,1
1560,1458,192,3
689,1796,1190,1
665,268,329,2
901,839,984,2
1563,1443,1679,3
1804,83,1159,1
1184,260,962,2
844,523,481,3
161,1240,202,1
1104,658,1580,1
1641,954,950,1
352,1817,764,1
1319,1437,436,2
1676,1151,1310,1
498,452,519,3
1547,1722,1668,2
1801,1262,1113,3
721,915,668,2
1294,142,1486,1
1284,692,1003,2
60,1146,660,3
273,1609,948,3
1730,982,76,2
651,1791,220,3
871,180,1724,2
1381,525,693,1
790,1298,1834,2
1521,326,1312,2
111,291,892,2
598,1295,995,2
245,22,1806,3
1038,222,1043,2
1091,284,1273,2
178,183,1166,1
135,374,927,3
344,564,1051,2
621,713,1554,1
1805,1088,1835,1
1209,245,1661,2
1349,1671,792,1
1474,1097,1053,3
354,400,754,1
577,643,736,1
1289,1392,1828,1
1441,1058,83,2
497,1219,1147,2
1494,825,541,3
221,1806,485,3
428,1731,95,3
1711,1136,1776,2
1750,393,1530,3
819,1383,1431,1
1510,445,1059,3
606,114,1221,2
1153,613,15,2
622,1823,386,2
418,1593,160,2
701,1515,653,1
1251,1502,1406,2
1103,1580,1767,3
508,514,46,2
1364,1616,140,3
713,1689,457,3
1762,256,13,3
815,1845,1060,2
351,124,1566,1
177,1694,814,3
53,1524,768,2
15,258,1069,3
315,811,1562,1
237,1615,1178,3
1039,1099,686,3
1248,957,570,3
54,605,332,2
774,1640,964,2
251,309,107,2
1270,373,286,2
421,1494,1417,1
1039,82,467,3
1343,1804,753,3
1766,571,50,1
121,1179,1297,1
125,122,1520,1
489,264,1570,1
1410,851,1556,1
1431,826,1116,3
957,1611,1627,3
919,1568,906,3
1455,316,424,1
907,1453,296,2
952,1724,802,2
1783,662,1359,3
561,303,145,3
113,918,70,2
931,398,1565,3
1550,1536,694,3
694,1716,407,2
1141,1171,1097,3
1019,876,1501,3
1435,1108,838,1
178,1437,519,3
1332,1269,1084,3
1232,1028,1530,2
491,914,216,1
924,1000,1777,1
196,1212,1776,1
909,1782,753,2
1231,205,71,3
252,645,463,1
753,284,1235,3
928,765,1687,3
269,653,120,3
1756,1596,1776,1
1136,1182,1462,3
1442,1265,1131,1
11,1475,1722,2
1771,573,628,3
641,401,1724,2
202,483,873,2
1566,187,907,3
901,1355,1712,2
1002,1511,1017,3
1796,717,1709,3
540,362,234,1
184,409,500,2
139,431,561,2
273,1409,410,1
486,433,322,1
1556,542,1742,2
914,899,1122,3
440,971,458,2
428,1001,1811,1
505,466,1153,1
92,271,679,2
155,1632,156,2
760,192,125,3
669,1822,643,3
963,1491,250,1
365,1452,240,1
742,1842,440,3
898,1047,1514,3
1302,36,510,1
1244,1166,1392,2
700,980,1645,2
1098,1457,797,1
1812,779,181,2
1215,752,833,1
1168,846,816,1
271,736,1429,1
74,970,1564,1
1341,230,1307,1
1769,1232,718,1
401,279,1503,1
1679,923,1504,2
841,665,1558,3
1437,1420,208,2
1251,1481,250,3
1124,1165,7,1
621,1094,1474,1
954,1828,1815,1
1443,150,731,1
1150,1339,1606,2
92,1396,615,2
1779,712,1351,3
1787,908,1088,2
176,1453,1452,2
1289,1321,1613,2
362,1037,671,2
1588,1779,1750,1
1121,1139,1180,1
72,433,1785,3
416,1283,953,2
426,1356,327,3
1229,1453,562,1
917,77,651,3
159,182,536,2
670,1801,574,2
1696,1580,1739,2
471,1069,1665,2
174,363,1220,2
1371,832,1440,3
1542,1255,496,2
1444,1212,1131,1
1074,241,553,3
1437,181,1763,2
1516,648,438,1
1836,1626,1795,3
908,1101,111,1
1388,903,451,1
1188,239,1464,2
648,1627,1638,3
1471,533,1099,2
509,520,815,2
448,735,803,2
725,600,1174,3
803,1020,3,1
775,679,1444,1
1215,1745,190,2
1302,444,546,2
22,1627,973,3
388,1396,442,2
1537,1576,1470,3
1163,797,397,3
322,665,589,2
208,176,1432,3
1708,953,907,1
1170,244,1623,3
1439,235,184,1
844,1237,1180,2
958,689,125,1
462,348,711,3
537,130,172,2
129,1784,1592,2
1541,254,1228,2
1697,1617,253,2
964,640,55,2
1552,401,1634,3
1379,485,1656,1
619,680,1544,1
1547,708,1278,1
1306,1761,1126,1
355,997,1131,1
575,1196,879,3
1228,1805,1730,3
1582,1569,16,1
403,1454,558,1
1605,493,1462,2
546,742,1098,1
1217,109,51,3
1065,590,58,3
797,906,1452,3
1279,1340,1488,3
1790,353,55,3
878,1158,853,3
1129,45,397,3
185,20,1192,1
1771,467,325,2
1180,387,674,1
1485,216,169,3
1003,326,5,3
1297,1631,1700,1
1835,17,1268,2
414,1032,1178,1
1632,863,551,2
231,323,410,2
361,1026,1260,2
867,682,109,1
1361,52,1114,2
1546,471,730,2
727,1644,1229,1
1210,1831,1203,1
1173,1785,1521,1
1317,1618,298,3
1719,629,271,1
1195,731,128,3
1775,1164,83,2
137,1488,105,2
1071,1787,574,1
72,1267,539,1
1568,940,1465,2
808,415,459,2
1754,750,1602,3
535,1365,1844,2
1145,582,761,1
1711,1475,1840,1
23,1210,1763,3
325,1373,1426,3
1534,1492,1242,2
1050,4,1823,2
1390,1560,1035,3
925,356,685,3
1582,42,649,1
1783,851,1540,2
1397,912,169,3
1707,602,298,2
324,1255,1340,3
165,406,914,1
1445,932,1148,2
1445,1387,1581,2
1777,1297,965,3
1092,511,363,2
1512,611,536,3
1665,1538,740,2
530,268,682,3
1757,1699,906,1
1579,1513,1049,3
1024,1364,935,1
1162,598,609,1
1113,1603,769,1
1604,618,375,2
424,306,636,1
987,55,600,2
1612,168,612,2
921,175,721,2
1413,1433,938,3
1528,113,399,2
249,1075,1551,2
309,838,1621,1
1172,1282,229,1
658,105,1483,1
129,884,711,1
929,313,750,2
1681,220,276,2
1726,1407,1350,3
1164,599,1485,2
1562,683,1576,3
553,506,156,3
853,1751,765,2
1133,142,1324,2
62,1723,908,3
1338,1443,1524,1
495,827,651,3
436,1240,1589,1
452,793,392,1
1354,1387,256,1
6,1565,1282,3
1158,1442,758,3
1227,159,1766,2
1170,1055,1469,1
1046,1048,798,1
915,59,918,2
927,658,532,2
1491,167,215,3
1841,1366,1230,3
1546,724,1094,1
1820,57,1414,1
671,1249,1818,2
783,292,1335,1
1144,164,1001,1
152,478,1588,1
1643,491,1848,2
1417,1187,1424,2
870,927,435,3
1013,1009,658,1
414,1480,1354,1
771,1024,566,2
110,1831,1240,3
791,1096,136,3
1705,1500,938,3
882,1665,1600,2
1386,1672,1036,2
683,1282,1299,2
1803,1292,735,1
1250,1623,1626,3
1212,211,1621,1
1033,1786,1445,2
536,1463,1790,2
1232,1373,1742,3
447,646,717,1
1135,557,1005,1
246,1762,506,1
624,1828,653,1
1253,78,690,3
1301,202,1215,2
1435,850,599,1
774,1457,407,2
527,117,794,1
858,914,948,3
1582,502,1126,2
994,912,1640,1
492,644,983,2
1087,1531,964,1
1534,804,841,3
876,645,224,3
1129,1144,1182,2
34,1424,1704,2
805,564,1238,1
151,117,229,3
1836,1096,1293,3
1657,872,1836,1
476,1549,1027,3
1803,1016,237,2
49,543,1773,1
699,1685,1505,2
22,69,248,2
1785,301,884,3
1075,363,1734,1
1491,1475,1358,3
754,1335,1141,2
1446,479,1625,2
1820,1547,1513,1
1253,1674,298,1
618,1395,1838,1
1668,279,1147,1
1121,1544,1506,3
1295,1396,1016,2
1006,183,702,3
177,1746,1545,3
1169,774,1210,1
810,204,526,3
591,1173,947,2
924,1037,880,3
145,1040,1149,3
1238,898,1055,3
1241,1082,300,2
1529,141,1391,1
1320,266,523,1
1720,1616,1598,1
1562,780,1541,3
1084,380,98,2
1765,1514,1655,2
1685,1447,311,2
583,983,900,3
743,334,1006,2
412,1743,266,2
1785,1070,342,3
272,1218,439,2
1779,594,355,1
233,51,88,2
1605,964,1531,1
1801,564,1417,1
1417,5,1072,3
1287,474,271,3
69,1524,1120,3
302,1611,908,3
969,536,1740,2
673,1583,1212,3
287,1182,333,3
1849,1458,455,3
232,1701,820,3
1441,1202,1597,3
1265,433,823,1
941,1678,540,2
447,833,1325,1
1071,831,1715,1
1735,456,1673,1
254,1403,904,2
505,92,146,3
477,208,1161,2
756,783,470,3
533,767,663,1
543,1341,452,3
1224,173,703,2
1087,95,1331,3
1367,607,1621,2
238,1147,1255,2
1320,942,1343,2
115,1301,791,2
485,1438,1002,3
948,156,1441,2
1764,128,1599,3
482,1165,1083,1
238,1156,849,1
520,1507,1135,1
1276,1828,741,3
1841,1185,44,3
725,442,650,3
711,687,1118,1
1049,1494,1401,3
306,857,626,1
527,1363,830,1
1332,1206,1458,1
1524,734,57,1
1454,1181,988,3
1199,1695,1784,1
727,1125,876,3
1233,546,1604,1
16,983,1224,1
1065,533,431,1
1358,833,1470,1
706,1264,14,3
956,812,575,1
587,1678,97,3
693,1394,805,2
425,1083,725,3
329,1490,619,3
1590,31,1183,1
1322,349,1013,2
1355,924,590,1
614,367,209,3
1343,1275,167,1
1490,748,961,3
70,1430,46,3
1242,1407,1225,3
1285,1820,75,1
1442,1475,1089,2
616,111,572,1
1717,842,117,2
1330,1197,1744,2
1037,1238,1779,2
536,290,971,2
344,503,835,2
1827,766,1497,3
115,153,767,1
424,411,1182,1
420,1262,1185,3
1032,630,485,2
640,1135,289,1
903,484,1801,3
706,345,1545,3
503,1394,1496,1
315,1434,1765,3
189,608,725,2
1774,108,1406,1
984,1331,643,1
1335,1063,13,2
1058,35,1202,2
1367,1647,1845,2
55,1134,1390,3
1625,28,376,1
885,300,328,1
64,812,1547,3
1241,1142,86,2
905,1278,1314,1
284,1352,841,1
1550,672,674,3
683,159,420,3
202,1339,1219,1
1090,845,899,1
1016,1752,1848,1
137,1392,1382,3
1537,427,1652,2
1394,240,277,3
1450,1226,1652,1
128,1063,730,1
441,187,1210,1
1604,1082,286,3
1170,1259,486,2
1844,133,391,1
584,1154,73,2
1665,864,836,1
831,1719,172,2
865,1827,1501,1
104,790,608,1
1562,1078,1801,2
1524,1025,1065,3
1587,248,1683,1
1523,1556,1574,1
10,163,447,3
856,292,1446,3
921,305,1054,3
1310,718,1390,3
566,1408,1596,3
1119,249,995,3
914,677,1006,3
1467,1307,1757,2
1687,1749,1353,2
805,1095,492,3
1194,1791,1472,3
2,628,1574,3
434,24,218,2
1321,1752,341,3
1715,1307,256,1
307,1777,932,3
416,154,1556,1
333,740,1052,1
834,950,1645,3
758,469,1125,3
128,1469,1511,2
1185,1198,1645,1
804,1043,182,3
126,909,656,2
617,653,901,1
316,1047,1704,1
1761,869,218,3
1822,222,790,3
586,1400,19,2
1485,646,1423,2
765,220,289,3
721,1523,561,3
1380,67,434,2
1117,910,1787,2
508,933,450,2
1637,322,186,1
1635,1590,1288,1
485,1469,1529,2
1634,595,1578,3
756,1405,1116,2
1420,739,672,1
679,465,1617,2
999,1330,471,2
802,1669,267,3
148,47,1187,2
1698,1098,1093,2
356,1842,529,1
340,1660,557,2
416,252,1488,2
487,115,692,2
654,601,1826,2
75,953,507,1
276,1089,417,3
239,24,806,2
277,1675,15,3
222,469,1267,1
215,1064,150,3
178,1813,1227,2
544,1095,807,1
1467,1079,1656,2
1635,125,1462,3
1227,982,1680,1
1621,1430,1630,2
379,953,1343,3
301,728,1028,2
499,261,1179,2
456,1715,1748,3
1079,456,805,1
1252,238,1551,2
42,1537,698,1
774,1351,1140,1
177,1082,1500,3
1739,567,1096,1
775,17,184,3
693,1588,1401,3
1836,1849,587,1
1691,876,652,2
177,37,732,2
959,1484,979,2
440,1742,721,1
1648,1613,477,1
1170,1491,656,1
1454,1498,827,3
967,735,1109,3
643,390,1477,3
1676,249,1840,1
606,918,1819,2
1728,276,312,1
1071,124,1362,1
1114,535,756,2
844,294,841,3
1293,1223,1568,1
404,1149,385,3
625,40,972,1
531,650,1494,3
66,809,1751,1
160,869,1292,2
1832,1324,1826,1
135,964,131,3
1744,730,455,3
1647,971,1,3
1512,945,978,3
624,628,1234,1
275,163,1249,2
1605,967,814,2
1189,1837,1145,1
1804,52,1706,1
1743,1376,1473,3
326,1082,520,3
1401,1467,960,2
38,611,1247,3
824,1335,455,1
844,768,1667,2
135,173,158,3
128,247,839,3
1324,1852,1337,2
1289,1482,2,1
1084,1189,991,1
382,1473,490,2
745,160,743,3
1566,1628,1130,1
1528,1358,681,2
1501,1503,257,2
994,1004,437,2
128,854,395,2
786,48,770,2
1762,493,1287,2
273,1044,958,2
1706,649,186,2
1644,216,1536,2
222,399,1546,1
1351,1110,940,2
119,200,825,3
850,549,988,1
243,904,748,2
258,606,1142,2
480,970,1529,3
6,1092,1766,1
684,361,1142,1
710,248,1175,3
917,1235,1422,2
1718,1374,798,2
1700,452,1023,2
1263,1243,1105,2
1309,608,1593,2
758,570,202,3
1622,1608,1703,1
1459,1651,714,2
741,538,285,1
1253,1309,552,3
685,53,1374,2
1619,758,1304,2
1221,1490,1574,3
265,443,693,3
1041,1679,484,1
400,1597,1389,1
1528,1227,1803,1
1081,1148,136,2
1369,861,1851,1
362,1325,504,2
738,890,1677,2
553,694,1300,3
834,1055,540,1
238,489,659,2
371,682,378,1
866,1084,392,1
1291,1819,586,2
1775,1664,77,1
781,971,768,3
1227,836,1158,2
519,1381,1532,2
1784,1014,1567,1
1101,1050,217,1
1528,1673,278,1
1852,1207,304,3
1056,1639,30,2
508,997,703,3
854,1031,762,3
434,1250,107,1
131,1460,1026,2
276,1362,982,2
874,1763,1815,2
820,1662,940,3
1431,1677,143,2
1006,1576,1155,2
153,1362,1425,1
120,452,1801,1
1181,669,1534,2
1431,1362,1602,1
85,87,592,2
75,481,842,3
1197,638,1220,2
1644,669,176,2
336,534,1464,1
1360,704,788,1
1607,1468,47,2
392,604,1812,3
1231,1210,1667,2
1784,408,806,2
1038,226,1677,2
1171,1269,204,2
966,1765,169,3
137,1180,442,2
1720,1090,1815,2
815,239,1538,2
1663,795,1103,3
1774,648,151,2
1763,1600,1320,1
1161,328,202,1
1774,608,895,3
1297,1650,994,2
479,418,872,3
251,1365,1231,2
158,761,491,2
1287,983,609,2
1331,177,683,1
1083,1070,1211,2
222,1092,1136,1
340,1773,152,1
375,819,1618,3
1849,1807,371,1
235,1063,1700,2
1559,62,1596,2
194,1070,190,2
888,1138,1060,2
473,169,1486,1
918,1649,71,1
560,365,733,1
1312,336,1854,3
747,600,346,1
1126,1626,522,3
1400,1293,502,2
765,1086,229,2
1558,1237,1158,2
1518,431,1824,3
1441,1608,40,3
281,920,383,2
1841,640,1347,2
134,312,640,1
408,1414,538,3
1650,234,1346,2
617,785,1424,2
568,23,1382,2
315,247,381,1
1089,1704,644,3
1843,277,1688,2
89,1692,44,2
1779,782,186,2
1644,1791,1843,3
464,211,1295,3
525,999,1079,2
266,577,1207,2
1745,682,1502,1
410,342,531,2
914,296,1563,2
1849,1096,1026,1
961,1564,1503,3
862,898,301,1
1625,677,1056,2
1618,748,441,1
713,85,768,1
900,1163,1595,2
1582,1621,1244,1
81,69,1843,3
912,1410,1597,1
1608,1312,472,3
330,796,1314,1
1432,654,387,2
331,1287,10,1
1374,145,1385,2
152,1310,142,2
253,1652,1279,1
1199,1204,1783,1
764,320,1297,1
257,980,1661,2
14,609,1677,3
1665,784,1488,1
1607,1587,452,3
1472,950,1718,1
190,412,235,3
264,1435,1779,2
1110,801,1044,2
938,1141,410,3
650,400,552,1
318,1023,21,3
1352,1692,1632,2
1723,58,479,1
1181,1375,1705,1
115,141,1216,1
1403,1435,1176,1
927,1836,1740,1
1602,1530,519,3
648,1704,974,2
1206,1229,1640,2
452,774,781,3
538,1371,1547,3
568,684,1750,2
114,1852,785,1
286,9,99,2
1762,1722,1853,1
1550,926,1277,1
1432,118,155,1
1199,1414,632,2
277,992,633,3
1295,1270,1853,1
339,765,1758,2
1141,1802,1751,1
837,556,1452,1
1729,166,136,3
1806,1671,733,1
455,879,698,1
1503,2,286,1
540,1602,36,3
75,1483,1290,3
1568,1800,157,3
1586,393,72,3
832,1851,1147,2
1530,412,202,2
1479,1150,26,2
1610,1455,1780,2
1615,77,314,2
667,363,301,1
1549,654,595,1
1451,1573,182,3
836,1646,351,3
1838,1728,502,3
810,1375,176,3
854,1627,346,3
844,1337,1809,2
417,1605,1240,2
1160,1147,727,3
606,1,1712,2
1790,154,115,2
1314,178,1311,1
651,1484,737,2
337,791,1853,1
1160,247,376,3
1695,696,1635,2
1466,886,26,3
1496,1635,1747,3
1324,787,1754,1
306,139,510,3
227,1445,523,2
716,1722,1001,1
1203,1799,742,2
1538,1643,293,1
263,1226,1035,1
1612,456,295,1
883,184,1772,3
205,1269,850,1
1738,1163,86,2
965,948,1668,3
876,198,1530,2
1783,915,605,3
176,1749,1415,3
356,1276,621,1
637,75,1262,2
1323,42,1112,2
905,552,807,1
956,1043,1250,3
1646,606,577,1
179,1700,291,2
981,556,571,2
1681,881,1233,1
540,62,1352,1
1626,35,1826,1
488,1549,1831,1
68,1387,1664,1
442,254,343,2
1621,1842,215,3
482,1487,566,1
862,1503,1583,3
1029,507,1747,2
1186,1098,63,3
1496,1551,1151,3
1355,136,1451,2
628,625,785,3
988,104,913,1
210,952,147,3
129,1522,1525,1
868,1180,713,2
979,1222,633,3
522,1023,553,1
742,1145,1777,3
1799,735,1361,2
1582,791,1300,2
1428,150,1470,1
1186,315,1578,3
568,1338,98,2
1185,1820,1629,1
1321,191,1190,2
279,607,930,2
1389,1078,1315,2
1258,1190,227,2
1425,1183,571,2
1117,1393,339,2
466,165,463,2
928,798,1677,1
1693,1200,783,1
1850,689,732,2
1026,1344,295,3
364,282,56,1
1013,71,726,2
367,1252,1461,1
634,985,231,3
951,290,1020,2
471,363,434,3
1517,454,305,3
1715,1719,351,2
981,517,778,1
407,581,1511,3
691,465,1819,2
1715,327,220,3
1570,646,764,2
101,1636,1580,2
586,1073,434,2
138,1321,284,2
571,1572,1562,2
1040,199,1789,3
574,818,216,2
14,463,765,3
1579,705,1538,1
625,1519,20,1
1170,1524,31,2
160,1085,839,2
86,837,877,1
1129,759,710,1
2,1760,1064,1
1513,1623,817,1
1542,1226,1176,1
1292,669,1293,3
263,1021,1167,2
1321,694,670,1
1516,133,1475,2
684,1682,198,2
1673,917,818,2
1492,1477,373,1
1333,1596,109,2
200,1011,399,2
950,418,805,2
593,558,292,2
1620,343,1256,1
848,1148,744,3
1129,864,1308,2
203,1490,372,2
881,256,1012,3
504,1647,1806,3
302,1017,565,1
554,103,683,2
404,1772,1853,3
480,847,459,2
1176,1666,409,1
1301,1196,1666,3
677,880,1494,1
501,351,1587,1
269,1773,105,3
448,902,1173,2
1000,994,1445,3
937,985,972,2
1517,1455,869,1
762,1555,241,1
899,453,64,2
428,12,1047,1
1769,844,1544,2
385,59,163,2
996,971,985,3
1293,663,1513,1
1221,1613,89,1
91,1227,494,3
1300,1118,549,2
646,443,1545,1
1564,1660,1187,2
496,562,286,1
1054,37,1478,3
718,1471,1334,3
272,623,1445,3
609,868,861,2
943,544,576,2
1732,972,722,2
1097,1005,25,2
1044,1533,333,2
716,1801,1014,1
102,100,1157,3
1290,198,230,3
1371,1178,1445,3
573,718,1187,3
597,1605,1146,3
860,452,1357,2
230,1049,777,3
1760,1036,889,1
1226,1601,1320,3
1385,1295,236,2
980,1382,1451,2
522,1370,1585,1
3,1022,1132,3
169,488,309,2
373,498,432,3
1854,316,1390,3
1428,1781,1533,1
186,1766,36,1
1643,290,1303,3
926,684,76,3
174,752,1623,2
1833,1498,608,1
1786,863,1847,3
42,1058,1442,1
1347,118,1274,2
1209,589,4,3
532,1758,1210,1
1095,567,1847,2
899,908,1709,1
1645,1239,1458,3
487,1362,670,2
1211,621,172,2
1144,1263,1232,1
1107,53,562,1
930,1599,537,1
1184,532,1302,2
584,517,135,3
320,1274,410,3
620,640,1693,2
555,1594,1650,1
1365,1701,727,2
1166,1419,69,2
624,1410,438,1
1148,1596,1385,1
30,1115,1071,3
370,812,1814,2
1165,1796,1448,3
1639,626,1548,3
862,461,1402,1
527,541,1283,2
53,1216,1423,2
1262,323,338,2
668,1303,87,1
979,1036,1055,2
1065,322,282,2
788,425,1852,3
1568,1280,1180,1
1468,1073,1589,1
925,390,677,2
60,1670,792,1
685,75,670,1
1238,427,751,2
1062,1239,831,1
1480,1488,1102,2
984,1768,1319,1
1150,1349,1252,3
761,1326,664,1
611,229,320,1
981,443,1703,2
856,470,1681,2
91,1572,1696,1
908,1342,1511,2
371,157,1129,1
852,110,1453,2
1361,1176,67,3
323,156,888,2
237,1714,1425,3
739,424,127,2
105,1389,907,3
1402,1091,1195,2
1047,366,638,3
220,767,750,1
1358,502,665,2
303,260,691,1
403,312,958,2
146,534,908,3
1022,874,166,3
472,1478,344,1
1849,1100,163,3
1186,1556,422,2
453,1603,1143,1
1570,813,1170,1
882,703,1766,3
167,1844,683,3
627,503,31,2
1710,107,966,3
1549,848,227,2
870,1282,1584,3
872,1612,1752,1
1236,877,1337,3
1226,1104,827,2
310,1337,301,2
1068,31,1692,3
622,1389,630,1
1137,391,1737,3
1811,1652,1112,2
355,392,1062,2
346,361,499,1
1283,31,1575,3
341,694,1437,3
696,1151,1212,2
639,1283,1466,3
678,397,246,3
1061,46,1161,3
974,1656,1611,1
335,151,16,2
587,345,1223,3
211,1235,765,2
200,572,799,3
1601,431,1476,1
141,609,1100,1
1076,1809,1432,1
312,1269,1802,1
96,15,1263,1
1230,1549,1576,3
624,119,1132,3
397,1380,1334,2
1403,1587,645,3
244,1259,1113,3
610,1400,339,1
78,543,305,2
781,1808,726,3
1839,672,1766,1
116,982,880,1
543,886,830,3
8,1022,1379,2
876,1483,1342,3
1014,573,1458,2
151,1279,1366,2
1482,286,1735,1
870,1251,966,1
664,1077,1434,2
459,1163,146,2
1489,664,489,3
1742,1647,221,3
1000,1219,449,2
941,1256,1787,3
411,94,133,3
1156,616,850,3
1460,1555,1461,3
1023,1210,1126,3
657,1545,420,2
720,1302,812,1
1185,950,1012,3
668,308,710,1
628,857,498,3
58,694,44,2
1772,1485,683,1
1364,733,604,3
591,1661,99,3
1598,110,1094,2
1367,193,151,3
121,1784,578,2
492,595,1097,1
1147,583,1194,3
1197,1438,1337,1
578,1507,1522,2
893,1703,1311,1
1156,436,1341,3
59,359,816,1
367,1711,1768,1
1355,61,465,3
1200,1827,1462,2
1268,1507,1236,2
1674,1180,1246,1
1429,1638,282,3
1349,1778,1024,2
59,1777,406,2
476,1304,682,1
8,72,649,2
524,864,868,2
474,69,372,3
375,1851,428,3
1514,218,520,1
196,589,613,1
1471,922,1032,3
687,740,709,1
378,774,1399,1
242,1599,819,1
1242,1047,73,1
905,1340,811,2
1249,238,568,2
1786,385,1609,1
1756,1387,1472,2
1476,1776,1762,1
50,942,1739,2
230,1269,346,1
201,391,1156,3
389,1808,1214,2
1728,421,817,1
1797,1848,927,1
239,1250,1159,3
1089,678,1467,3
229,1773,1566,1
1727,262,718,1
191,182,1060,1
1687,792,1462,1
733,532,1305,3
11,404,161,2
1520,1071,652,1
85,1349,1085,2
1614,1448,1219,1
348,840,1188,3
358,503,1061,3
532,207,256,1
1499,1218,767,1
935,1066,1479,2
1838,153,107,2
1575,982,698,3
725,631,1829,1
512,290,1175,1
1226,130,272,1
1091,510,1684,2
1767,1137,623,3
525,10,62,2
917,488,1817,2
1421,253,728,2
1199,168,1760,1
470,272,572,2
836,1583,910,3
1749,964,1744,1
1741,1558,944,3
233,527,1543,3
1048,428,199,2
1287,67,340,2
1235,461,756,3
659,1084,956,2
1835,1380,686,1
329,1345,586,1
263,266,576,1
845,1391,1612,1
1204,335,355,3
712,242,274,2
15,1564,365,2
1515,1025,1675,3
1149,824,1038,3
1291,333,128,2
668,525,700,3
512,1809,85,2
1294,86,385,1
357,1059,991,2
119,543,1164,1
180,1230,750,3
550,508,8,3
1769,266,549,1
99,1823,850,3
960,430,520,2
780,1009,691,1
1498,604,754,1
1134,1356,1843,1
509,94,712,2
160,1769,121,2
1093,1704,279,1
1458,1077,1270,2
1100,94,1311,1
1628,64,1397,3
1527,11,727,2
1029,1021,372,1
342,382,110,3
169,921,1042,2
1730,249,1349,2
1375,823,1087,3
739,121,877,3
1130,122,46,3
1770,938,505,1
1406,261,1233,1
174,1481,154,3
1657,647,184,2
1756,1805,876,1
954,1064,1237,2
844,846,674,2
1051,990,681,2
982,670,1701,2
567,1772,437,3
412,129,1367,2
128,1776,1063,2
1105,1425,1626,1
1549,377,219,2
1075,93,538,1
538,41,79,2
1018,594,1355,1
1474,45,1214,1
435,1198,929,1
338,482,1322,3
1798,778,40,1
23,754,1684,1
22,277,1055,3
1677,1462,1667,3
1040,668,1002,1
1590,1062,683,2
1696,1396,262,1
352,487,671,1
645,587,43,2
537,1509,1418,2
1687,136,128,3
1683,1297,577,3
432,1320,296,3
111,769,19,1
1409,1365,409,1
1726,57,726,3
247,1245,766,2
465,595,1596,2
154,1619,633,3
523,976,44,3
681,1409,418,1
56,1317,823,1
95,1626,402,2
1839,705,1245,3
1014,405,226,2
948,707,1089,2
1158,185,1151,2
727,228,380,2
43,1018,452,3
1609,1669,1708,2
1706,947,1028,3
563,1051,26,2
807,176,207,3
180,1030,349,1
878,984,1822,1
895,1558,1680,2
1104,1770,562,2
1502,1417,514,3
1720,1385,650,2
212,1254,983,3
67,1140,258,1
4,1181,963,3
1186,815,1619,3
1140,137,1106,3
1336,157,1540,2
677,613,1082,2
906,316,1418,3
1796,1799,184,2
1250,516,636,1
1444,1673,478,2
951,1493,1411,3
844,1388,1696,2
595,253,299,1
1485,580,541,3
1073,547,1822,3
1102,1043,770,2
1489,1471,184,2
1004,1211,150,1
1350,175,1615,2
947,1534,760,1
190,1850,1782,3
1063,1388,1043,3
1126,160,572,1
1086,875,1176,2
678,623,675,2
1539,17,795,2
1826,1407,27,3
1717,1435,1666,3
907,1690,1747,3
1696,389,898,3
875,1404,1071,3
1381,256,1182,3
35,478,1692,1
416,371,748,1
1607,998,88,3
1686,1605,300,3
1061,939,1081,1
1275,108,491,2
1845,86,1317,2
309,50,361,1
1694,1846,139,3
533,1731,1052,2
557,1654,1801,2
1032,1157,1351,1
438,432,1513,1
720,1148,669,1
213,225,58,1
612,2,1469,2
1005,359,1012,3
1283,1803,1063,3
905,1368,1067,3
339,462,764,3
1264,1781,1518,3
108,1633,653,1
1507,1627,1741,2
89,534,915,3
1232,768,1477,2
1687,1051,1440,3
754,467,1193,3
1263,651,230,1
586,1081,1360,1
350,1115,1462,2
1660,1744,1566,2
408,1624,1416,3
932,1629,1207,2
1835,20,1374,3
236,854,1252,1
934,434,1487,1
1369,1231,1762,3
561,653,1553,2
309,461,924,1
1841,645,647,2
1334,63,550,3
74,1745,459,2
201,1281,1000,2
1477,1080,1268,2
119,1565,1432,2
1169,1020,359,3
1312,1516,491,1
1369,1557,859,2
996,848,1768,3
1646,857,560,2
613,636,877,2
674,1064,1218,2
1689,1727,1817,1
723,211,215,2
1682,246,708,3
171,221,1802,3
431,602,1848,2
1606,707,258,2
800,1773,1646,3
372,686,462,2
170,1349,446,1
1404,1200,586,2
1072,442,1258,3
612,1415,1455,2
15,1421,1039,1
955,927,454,1
1104,1154,884,3
85,151,1718,2
1135,1433,655,2
316,1680,265,1
812,1013,1587,1
298,406,1016,1
398,373,1442,1
1599,790,1096,2
354,1091,1103,3
839,1719,1602,2
657,1207,1597,3
630,895,215,3
640,415,468,1
948,1092,505,1
31,1405,675,2
657,476,309,3
996,548,1657,1
1698,1443,24,3
908,555,690,1
578,1353,784,2
1447,1246,698,3
1354,701,1844,3
45,202,1407,1
293,63,511,2
327,245,875,2
1854,213,1422,3
473,1488,1140,2
766,1443,702,3
542,935,164,1
152,1661,1842,1
1451,1676,113,2
1309,166,107,2
890,889,376,3
1084,1015,893,2
91,1339,187,2
966,428,220,2
460,383,822,1
1309,1542,96,3
986,253,1564,1
1111,1525,574,2
741,1090,1737,2
1592,966,274,1
662,728,36,3
345,76,1114,2
1768,475,663,3
394,1794,347,2
1558,752,196,2
1642,1437,915,3
235,857,27,1
163,929,1754,3
585,238,1793,2
1329,339,1407,3
192,959,1027,3
286,449,746,3
1252,113,1746,3
1233,362,1789,3
341,1204,137,1
1500,725,619,2
1600,1443,772,1
1578,1795,396,3
1661,397,1297,1
859,870,673,3
1059,1015,237,1
188,492,668,1
1337,526,126,2
148,588,694,3
1386,72,1153,3
531,1429,1003,3
111,1430,1146,2
830,1795,195,1
1147,452,734,1
1602,676,1531,3
1375,756,955,2
1421,1770,275,1
1702,1101,151,3
382,1006,1836,3
1603,874,1549,3
1799,1711,1635,2
1047,1285,434,2
173,793,992,1
1023,118,933,3
1829,1660,888,2
712,67,1289,2
1818,1526,1315,2
736,293,1086,3
539,1853,793,2
690,1732,238,3
535,597,50,1
527,1583,155,2
1767,941,1311,1
347,1266,1816,2
1379,8,675,1
846,1050,310,2
717,993,349,2
1262,1699,1317,1
1023,280,1620,1
1174,1506,1202,3
798,1104,1021,2
360,1002,255,2
155,1520,744,3
325,745,542,1
1454,1244,304,3
1340,1284,1160,3
559,800,148,3
1103,1079,629,3
104,1763,1617,2
516,1721,1675,3
1852,106,879,3
828,264,1134,1
1076,1077,1451,3
1673,18,1670,3
1191,1574,619,2
1575,1239,1270,2
1136,1170,1131,3
1744,575,648,3
1626,1698,1584,2
817,1621,1478,2
1418,1832,1336,3
157,1313,134,2
859,255,1339,3
1815,1356,586,2
1016,1450,368,3
1007,1458,1393,2
815,359,209,1
1680,1336,726,2
1002,1668,234,2
1032,1756,523,3
1583,1200,458,2
90,1450,1256,2
1187,899,1353,2
1625,580,661,2
1628,1045,56,1
1368,211,1754,3
1822,1086,85,3
702,676,1697,3
807,1734,1687,2
1371,608,1163,2
790,1250,972,2
771,950,1692,2
921,1813,1324,2
17,970,1672,3
1759,234,1473,2
1710,1529,759,2
1807,1284,68,2
1340,883,1548,3
1197,732,1607,2
1574,1806,1173,3
464,395,1698,2
391,1563,66,3
1270,1647,531,3
1148,1203,220,3
684,255,998,3
1144,206,1586,1
364,1223,417,1
437,1390,1482,2
1567,391,518,1
650,683,269,1
899,230,254,1
1393,1303,1207,3
316,761,1098,3
1693,1027,811,1
14,1236,1440,3
647,1165,827,1
334,227,1758,2
1082,95,384,3
76,269,1177,1
168,3,1375,1
737,661,1820,3
1503,1694,1765,2
1023,467,1762,3
1308,1268,1153,2
1185,1371,159,3
1540,276,778,1
545,888,1134,1
763,276,36,1
1511,1148,1549,2
361,1643,779,1
1109,595,155,2
1709,807,1671,1
1263,1125,1748,3
502,1312,564,2
897,1505,889,3
1822,335,667,1
686,1014,1223,2
60,1824,840,1
20,75,865,2
1560,33,1004,2
1603,1052,1347,1
174,963,729,1
671,386,1122,3
1758,141,897,1
767,1026,337,1
442,1462,510,1
1435,942,636,3
926,195,1211,2
1525,1358,58,1
26,1300,1122,1
787,1525,1075,1
519,62,1680,3
1529,1583,1350,2
1383,953,96,3
881,1454,932,2
1544,283,561,1
1644,792,1509,2
115,1806,282,2
728,13,1478,1
785,790,136,2
274,824,600,3
1523,1485,214,2
622,407,1057,1
683,769,173,2
154,1283,996,2
1843,615,884,3
861,896,194,1
1010,1491,259,3
109,821,352,3
60,584,867,1
855,158,305,2
1477,845,302,2
422,1007,6,1
621,1258,302,2
205,100,237,1
282,973,1253,1
285,1818,7,1
993,364,1533,2
1575,1799,695,1
1328,978,368,3
631,761,93,2
1564,1208,161,2
785,799,419,3
1378,260,1835,2
945,1405,1747,2
622,1026,1381,2
385,104,1507,2
1632,432,1617,1
1289,1240,893,3
868,1548,1561,3
743,1090,875,2
1701,828,247,2
1012,195,1354,2
1607,860,306,3
257,567,1200,2
34,1379,1621,1
247,1503,1443,3
1159,1383,1028,1
1332,954,1047,3
882,1187,870,1
654,640,1300,3
457,1671,944,3
1581,157,209,2
50,1143,807,2
269,386,69,3
1411,318,69,1
34,135,801,2
455,1785,91,1
862,77,1802,1
1490,208,1458,2
756,672,473,3
781,753,1634,2
692,966,726,3
182,456,443,2
1729,1287,286,3
1760,520,1596,3
954,1246,266,1
1169,337,596,1
1254,54,1032,1
566,989,822,2
1792,100,146,3
1016,1428,284,3
823,845,271,1
35,163,1284,3
1491,467,851,1
400,477,263,2
1549,69,700,3
1731,1463,1420,3
1505,61,1847,1
657,700,1753,2
372,122,229,1
32,987,161,1
1129,517,1698,1
624,1269,1080,3
1707,186,601,3
1274,1315,1485,3
1066,246,128,2
1507,108,1303,2
1791,1639,829,3
1274,1452,854,1
1533,1739,973,2
268,1801,927,1
752,666,2,1
95,844,998,2
101,945,770,2
616,1374,1474,2
1038,1323,1375,1
126,712,345,1
1602,292,1239,1
1085,698,709,1
804,1029,1485,2
1467,183,1705,3
129,790,1419,1
1401,668,1421,1
810,1150,1101,3
1663,659,860,3
742,684,1619,3
1458,1504,324,1
1532,68,1076,3
215,807,1738,1
256,64,1404,3
602,1367,1826,2
1057,1551,314,1
1663,938,1588,2
1568,1853,20,3
47,1689,561,1
1360,581,595,3
88,1165,1360,2
139,1667,37,3
1829,24,1022,3
342,225,349,1
1214,549,390,1
1828,1565,430,1
1442,633,1520,3
454,565,109,3
221,1475,521,3
1473,1491,363,1
1744,681,121,2
393,1087,216,2
1452,1358,1643,2
369,1221,1182,2
370,332,1523,2
120,1028,523,3
477,1489,564,1
539,411,793,1
82,1213,788,1
1588,1164,1032,1
331,208,781,2
798,207,100,1
186,55,386,3
595,1022,1443,2
682,72,1715,1
553,1823,884,1
368,1316,1299,1
967,1054,1108,3
461,1198,1463,3
576,427,142,1
1509,1170,1560,3
1280,1209,1612,2
1399,1822,301,3
338,1453,1634,1
1,882,368,1
1789,159,815,2
841,347,1664,2
250,1714,677,3
1029,954,52,3
1469,879,186,3
218,1654,1514,1
989,1235,21,3
1808,1043,448,2
662,406,761,3
1062,1848,1633,3
733,763,364,2
219,464,60,3
1229,1347,951,1
32,1470,725,1
286,140,834,3
718,1646,1340,1
1480,303,1048,2
178,1707,593,3
1772,1550,1074,3
1492,622,858,2
566,7,831,1
566,1027,191,1
569,1080,1307,1
368,1080,1173,3
1175,455,1767,2
497,382,1724,1
672,1352,1691,2
1198,1670,1350,2
1127,616,765,1
1733,968,209,3
1479,1567,813,3
228,657,1735,3
554,1216,705,3
1534,1359,1574,2
1575,69,206,1
1170,1189,362,3
148,1102,1117,3
1851,286,419,1
644,1359,656,2
1785,145,11,2
1631,154,1408,2
18,859,1173,1
1236,378,801,3
647,568,226,2
1123,79,706,2
1492,1690,699,1
1769,1379,86,1
1270,269,316,2
1650,1451,1414,2
1790,1450,345,1
559,1079,1584,2
1656,1585,1093,2
1325,892,460,2
929,1624,598,3
57,379,1734,1
1446,1059,1091,1
1201,269,727,2
971,1808,1831,3
506,1061,325,2
933,246,29,1
1511,678,1758,1
1782,230,1174,2
645,799,1770,3
1679,968,413,2
1103,479,1633,2
1183,899,400,1
1186,1542,525,3
1202,501,753,2
1253,147,596,2
535,1021,1810,3
328,858,1386,1
984,1523,1828,3
1261,108,1386,2
1103,1460,764,3
1817,202,185,2
1618,1723,331,3
605,1667,655,2
199,552,486,2
1770,1552,48,3
825,894,1052,1
646,1592,1330,1
151,645,1595,2
1152,158,1133,2
989,733,1223,3
845,445,1104,2
236,1242,1116,1
1136,1222,1053,1
1250,906,1580,3
47,1497,78,3
1481,1807,1259,3
1728,553,1086,2
907,1112,677,3
1377,244,1150,2
475,1344,433,2
84,631,347,3
691,318,1493,3
1233,725,306,2
370,1150,329,3
1035,1275,1552,1
1463,1781,1492,3
1583,1683,59,2
355,48,1230,3
569,1758,480,2
675,763,6,2
677,1689,631,3
1768,905,1612,3
1547,1392,789,3
941,334,1061,2
653,1191,261,2
1435,1578,7,3
421,365,1778,3
645,1066,1451,2
166,381,629,2
970,232,132,1
581,531,1454,2
1026,1683,1518,1
300,663,846,3
1001,1290,1741,3
1286,672,343,3
1530,154,103,2
1669,271,791,1
209,889,1602,2
1406,231,59,1
1527,1653,1310,2
221,984,475,1
604,1691,1053,1
974,1594,1586,1
606,1367,813,3
1305,967,615,2
1417,752,486,1
1429,550,1057,3
1663,1751,1593,2
1326,698,700,3
1561,1470,306,3
1053,688,276,3
1408,1673,860,3
1190,649,343,2
65,323,1443,1
1624,764,566,1
1301,754,494,2
376,1438,1406,2
694,464,710,1
982,1410,972,1
1738,699,644,2
484,756,1022,1
674,1341,1014,2
1037,1187,518,3
651,381,1155,1
1248,1724,1035,1
342,832,455,2
69,922,480,3
910,415,1209,3
1142,528,940,3
1743,1435,1679,1
1742,1206,794,3
1265,1156,857,1
1126,1422,1618,3
1442,1846,815,2
1596,712,328,1
38,1438,508,1
1024,432,47,2
765,1545,1751,2
1715,1753,367,3
349,616,540,3
1031,1545,15,3
832,1125,1419,1
95,1251,1449,3
195,273,1618,1
1720,386,1239,3
538,687,1289,2
1061,1444,1105,1
375,1395,1474,3
373,47,1622,2
409,1400,1793,1
1383,1039,1056,2
763,146,193,3
925,1071,1582,2
224,383,941,3
904,1410,106,3
116,947,1493,1
1675,1696,628,3
1789,1342,1541,2
642,785,1265,3
1171,255,1845,2
226,1667,169,1
94,1136,1076,1
960,1712,151,2
558,464,1468,1
731,1102,1565,2
175,526,1110,2
1395,1387,1719,3
710,1432,283,2
414,579,157,2
997,253,1338,3
462,845,68,1
296,343,860,3
928,1436,844,3
85,862,1795,3
190,1179,1737,2
647,587,348,2
1622,1358,1485,2
1063,1013,832,2
1248,1339,1433,2
1702,713,731,1
1111,44,1599,3
1806,1019,1277,3
545,1365,661,3
1029,254,1336,3
1102,1578,541,3
890,1046,1348,3
903,64,1255,1
749,497,1332,1
115,1386,644,1
1122,1083,1027,2
1183,858,1442,2
1696,1800,1677,1
1718,1347,1644,1
1467,1643,1127,1
1235,811,559,1
455,1300,1148,3
1517,95,1375,2
1582,887,1847,3
410,240,485,3
1119,234,1787,1
1348,123,777,2
1584,1381,328,1
538,207,1526,3
1644,398,1331,3
1467,1375,1722,3
753,826,1575,2
1481,807,714,1
1228,1633,4,1
1243,1742,931,1
488,426,924,2
1104,1620,223,1
1372,317,1563,3
1323,1171,338,1
363,844,1672,2
189,285,1334,2
1155,1318,1376,2
882,41,1199,3
242,563,1121,1
982,114,763,3
590,658,672,1
200,610,1414,3
1673,1308,364,3
28,1095,522,1
1835,968,914,1
1284,1397,1287,2
947,1006,1189,1
348,1078,99,3
740,1798,38,2
1103,996,1704,1
518,1650,629,3
1011,485,97,1
719,762,1696,1
1097,913,1740,3
587,1456,173,3
1838,1800,1138,1
812,858,1586,3
103,1287,1262,2
856,1332,1014,1
1212,1068,138,1
928,404,1314,2
737,1478,1023,1
1782,207,995,1
1097,550,860,2
1525,1839,1180,1
507,37,1066,2
133,334,1368,1
951,1271,1815,1
98,665,902,3
1395,1233,1818,3
1837,1085,1555,3
674,780,1284,1
589,1850,1792,2
1699,663,1191,3
1023,612,1280,2
1450,1838,1325,1
852,70,1000,3
603,210,255,3
1004,332,488,1
1247,447,1567,2
1384,61,1418,1
1342,179,1769,1
1331,98,475,1
1083,1261,1442,1
471,1661,1349,2
1328,1650,1616,3
686,857,1719,3
1652,372,154,2
1039,1714,758,3
1105,134,558,3
532,1316,1387,3
1114,1574,1347,2
1186,723,2,2
706,832,208,3
860,855,73,1
430,634,532,1
1722,434,784,1
1723,1050,1025,2
1033,164,1146,1
1608,1301,593,2
1363,452,936,3
264,1607,1041,2
546,794,504,1
653,667,1042,2
1181,361,1632,2
1157,647,1006,3
669,1113,275,3
235,1443,1310,3
1021,548,1421,3
988,83,335,2
1604,907,903,3
1771,392,1077,2
627,692,804,1
59,1814,1735,3
448,1836,65,2
1514,746,345,1
846,1738,1010,1
844,1578,1392,2
618,569,1549,3
635,448,1667,3
880,469,456,2
1593,1834,327,3
1177,67,118,3
196,798,70,2
1673,1849,689,3
883,1707,380,2
1114,506,1119,3
1635,1013,1794,3
1155,1122,30,2
55,927,1462,1
832,373,1741,1
812,1260,1242,1
850,981,1739,1
1502,836,940,1
237,206,1254,3
786,1308,1457,2
311,1055,1495,2
457,739,1314,2
1357,1281,56,1
542,1586,726,3
180,1048,733,2
1049,1305,1501,3
517,77,1635,3
1771,667,1267,1
1562,1132,1387,1
72,173,235,3
843,592,1739,2
990,1247,1541,2
749,467,1260,1
1080,311,705,2
1685,782,321,1
1446,873,1486,1
1653,390,1507,2
1215,1340,1580,1
1419,1242,688,2
324,1397,1734,1
861,1670,615,2
906,954,1478,3
113,1632,860,3
883,961,208,2
1742,668,805,3
1834,222,494,1
1591,300,1437,1
806,1244,255,1
1095,102,1267,3
5,577,1412,2
1432,1039,887,2
1085,1773,1724,1
461,54,880,2
549,283,1658,2
1413,61,38,3
697,7,919,1
583,1479,1617,1
1743,570,1153,3
1186,1325,971,2
261,586,79,1
558,1614,877,1
1437,1618,1769,2
673,73,1573,1
183,565,334,1
668,1541,1456,2
89,871,618,3
1273,603,1537,1
335,488,253,2
43,1237,1219,1
914,1835,1676,1
372,1823,679,2
1085,398,579,2
101,679,1305,3
406,1458,896,2
547,1260,729,1
1219,1036,719,2
1385,839,1495,3
713,295,890,2
402,263,1194,2
1297,253,641,3
1420,1602,1761,3
1218,244,250,2
1263,748,1707,3
826,629,1259,2
747,689,1624,2
1340,133,1405,1
5,1737,1320,1
1048,1172,910,3
1853,1339,1507,2
1580,49,384,3
1101,1254,173,3
739,1681,575,2
1751,1116,702,1
998,549,161,3
445,248,519,3
1145,202,1033,1
1181,1545,1014,2
446,607,1782,1
1800,317,1832,3
662,744,107,1
1702,330,1081,3
1515,403,393,2
1831,1277,1249,3
53,199,1591,3
359,128,916,1
1558,895,831,1
620,300,1179,3
1438,1146,634,2
278,1178,181,3
1092,660,181,1
493,447,1295,2
1609,1120,1705,3
1118,992,1426,1
1306,798,1175,3
607,1820,931,3
711,89,110,2
389,961,67,2
305,1300,969,1
1057,1516,1429,3
1216,1823,543,1
788,433,1678,1
123,1254,1350,1
1323,400,875,1
628,1285,1644,2
1830,532,802,3
861,325,1196,3
1138,869,1275,1
1130,52,681,3
449,587,245,1
1165,1201,986,1
36,825,654,2
808,35,238,3
877,223,171,2
454,705,1573,2
1508,1527,961,1
837,182,1511,3
337,1496,135,3
1311,1315,1696,2
56,1048,1382,1
9,1015,1526,2
708,441,986,2
365,1756,1280,1
347,643,439,3
1598,1768,844,3
559,497,880,1
1397,1661,173,3
953,161,1489,1
1197,588,1561,2
1113,278,64,1
410,1409,653,1
1292,406,1415,3
494,268,995,3
741,1732,1691,1
466,1146,1581,1
854,624,1679,3
1564,1627,605,2
398,819,221,2
834,725,703,3
1436,1177,1006,2
534,1526,858,1
359,1189,1499,1
660,1382,1656,2
883,1299,1560,1
789,175,1740,1
1271,754,1733,2
371,1632,343,3
1419,1702,790,2
1127,915,1686,3
1736,1079,643,2
496,1815,788,1
650,1507,1581,3
1357,959,67,2
29,601,1249,1
1262,135,59,3
907,1204,275,2
1606,60,1114,1
1547,398,1827,1
1540,914,580,3
1609,588,1390,1
1758,1848,1377,2
1447,671,817,3
1655,1436,797,3
1403,1579,294,3
928,1240,1420,1
792,423,949,1
1498,1817,1740,3
1718,1212,1626,2
355,561,1770,1
1387,1365,535,3
943,1718,1414,3
43,291,1780,1
1728,711,816,2
629,1198,553,2
431,668,393,1
227,104,543,1
466,1494,425,3
1002,497,411,3
305,396,1236,1
550,1025,1765,2
1297,631,1133,2
978,1300,168,1
808,1625,1026,3
1607,898,1129,3
254,1778,247,2
403,558,1555,3
1050,296,1672,3
916,910,1042,2
1600,1476,1392,2
1274,1248,1673,1
1044,1081,809,3
894,1253,533,3
505,1087,570,2
313,131,1789,1
1600,294,410,3
632,814,65,3
1853,1007,1306,3
794,549,1094,1
470,1036,241,2
72,290,605,3
1128,528,193,1
7,914,499,3
434,1246,362,2
202,1801,1254,2
911,629,785,2
495,768,468,3
821,631,286,1
1673,1440,1627,3
517,1279,170,3
312,1524,677,1
623,416,571,3
829,848,287,1
1340,148,759,1
566,1811,1384,2
61,1364,894,2
156,289,485,2
1190,1482,17,2
284,1443,765,2
1405,1086,551,1
1463,192,501,1
1146,526,901,3
570,1015,1652,3
388,291,94,2
129,1017,1288,3
1188,361,1108,1
1788,912,1278,1
426,1290,1199,1
426,877,71,3
1429,1454,1525,3
25,248,82,2
359,987,1073,1
1476,212,808,3
779,643,253,1
487,1753,1768,1
1189,983,611,3
1573,561,1187,2
1702,1685,1635,3
1698,977,319,2
238,1634,1675,1
1632,1409,987,1
1476,1389,153,1
687,471,515,1
716,1020,607,2
1470,1571,662,2
1611,1138,1227,3
1502,1650,319,2
969,1056,1027,2
1574,873,714,1
68,10,1774,3
848,602,883,3
1399,842,1493,2
81,484,720,1
1025,876,1351,2
1291,857,1250,3
1796,1437,1461,3
15,1430,1247,1
827,1835,36,2
663,1658,1803,2
315,1835,861,2
1547,563,341,3
582,487,623,2
606,95,549,3
135,1524,1207,3
155,818,226,1
741,684,1449,1
1198,91,1145,2
1001,1580,754,2
301,1645,279,1
1381,227,1839,2
28,1197,1033,2
688,5,1629,3
250,1167,745,1
646,776,271,2
824,1117,1087,1
715,775,1528,3
304,538,965,1
1066,1731,610,1
421,816,1137,2
1583,1514,1283,1
694,1613,1136,1
392,1405,338,3
186,955,330,2
348,44,1193,2
1373,669,416,2
1158,4,1337,3
1158,328,1709,3
104,1531,1439,3
144,515,982,1
607,324,904,3
1378,666,867,1
892,1142,1755,3
273,109,475,2
996,609,10,2
648,41,319,3
883,1419,1009,3
1051,662,775,3
1247,1430,875,3
130,185,1222,2
69,1586,1578,3
1067,716,1070,2
60,1008,491,2
829,348,1183,1
881,1010,295,3
670,315,456,2
1430,1215,142,1
1404,1531,1356,1
1064,1143,347,1
1497,544,882,3
208,1609,1115,1
29,553,606,2
450,1755,1784,2
1827,1657,354,2
1826,1493,537,2
163,480,562,2
87,842,1767,1
547,92,1378,1
891,1801,392,3
838,1166,1627,2
1718,1511,560,3
311,1759,1340,2
837,512,1574,1
945,125,1274,3
1545,1174,1526,3
76,1717,894,3
30,1150,1195,3
1171,1398,1248,3
47,759,1496,1
1108,1281,1729,2
242,1443,620,2
753,620,959,2
71,1799,473,1
1196,1403,1644,3
184,1259,400,2
993,1157,1164,1
526,1460,1810,3
1528,494,1410,3
704,1532,136,2
705,113,75,2
279,1365,791,1
571,871,265,1
1243,607,1744,1
589,1625,1130,3
974,1810,1657,3
80,938,275,1
1019,176,355,3
883,400,1620,1
528,384,515,3
1047,1709,570,2
1190,1310,1275,1
1612,1406,648,2
1219,1810,826,3
1339,1848,70,1
1120,1309,875,1
553,1592,127,2
1152,852,1537,2
723,532,1350,1
1505,600,98,1
1132,1715,1446,1
1214,147,16,2
659,1616,1695,3
656,141,327,1
1370,710,1814,3
1456,1596,812,2
1033,1048,1425,2
806,1192,1724,1
47,198,1659,2
1279,267,1780,3
1797,183,55,1
449,771,433,1
1188,1036,739,2
233,1610,939,2
359,1796,759,2
1089,576,700,2
1089,1503,223,2
1573,1794,557,1
1412,768,152,3
1485,474,124,1
1641,721,846,3
1683,1219,886,2
1521,873,152,2
869,1458,1690,1
861,645,221,2
939,1632,1642,3
1744,1194,700,1
1633,1258,680,1
261,1341,85,3
1009,597,170,1
275,1049,111,1
758,1648,1284,1
755,82,271,1
768,301,675,3
823,1254,1370,2
347,817,6,2
96,946,1830,2
1541,670,1810,3
1767,318,1086,1
811,1653,1726,1
1046,1352,1181,1
1085,64,796,3
791,1617,186,1
1547,1046,227,2
1290,1056,1779,2
988,53,784,1
195,872,1525,2
982,1328,1167,2
1026,1558,935,2
1492,845,1146,3
160,1492,961,1
671,60,1636,3
379,842,799,1
366,508,219,1
587,393,638,1
64,52,311,3
1349,63,1368,1
1524,865,238,3
1812,1137,329,3
339,795,240,2
533,1212,53,2
840,1268,615,1
467,1411,768,2
1142,1065,418,3
65,432,1848,3
101,652,261,1
851,80,561,2
476,1263,1675,1
39,610,339,1
1533,1669,372,1
1263,1650,349,2
181,1854,515,1
1777,1612,946,1
67,1324,188,2
1179,1600,794,1
71,1068,1228,2
1300,1500,6,2
967,1145,752,1
237,261,1754,3
9,1097,258,1
1827,326,1247,1
1351,833,802,2
397,427,786,2
716,377,1820,2
730,783,364,1
840,1611,825,1
73,328,9,2
102,1600,91,2
229,1777,1775,2
1454,576,605,2
46,188,439,1
1379,1205,172,3
1132,1587,166,1
891,835,488,1
154,312,1782,3
326,626,578,2
1450,336,976,1
1156,380,27,1
1267,921,633,2
440,1584,394,1
1318,1675,411,1
1663,313,735,2
1685,1590,1192,2
724,175,1013,2
427,591,282,2
1819,1201,1436,1
876,1303,248,1
1614,244,443,2
948,798,1300,1
980,1280,913,1
1139,794,1205,2
1605,498,563,1
1446,1653,696,1
1254,1054,1557,1
1100,1407,177,1
617,1475,1037,1
73,1080,1421,2
1103,888,1845,2
511,399,886,1
588,1764,1551,1
566,379,1848,2
1242,31,785,1
953,1256,1849,2
1175,344,1145,1
586,604,1335,1
1612,754,320,3
756,326,1020,2
636,1564,1392,2
827,1684,1211,2
1093,1151,1456,3
784,272,195,1
531,35,1486,2
1094,1695,1350,3
1388,418,65,1
1481,1572,682,1
1020,6,598,3
89,1829,926,2
1270,543,1641,3
1639,31,1235,1
1320,749,888,1
780,277,1640,2
175,1218,1276,1
1216,625,603,3
1815,1737,529,3
1715,45,412,1
68,1175,557,1
94,358,1510,1
73,391,1529,3
1439,874,1546,2
484,285,303,2
148,523,1578,3
675,704,242,3
1477,1298,1777,1
263,1596,1548,1
1844,1774,238,3
1244,1159,1589,1
594,829,24,3
38,158,1754,3
1626,613,22,1
255,104,1044,3
812,1747,1189,2
626,1288,801,1
991,494,1315,1
12,1245,1211,2
576,446,58,3
540,1316,669,2
1389,516,1411,2
611,1766,1703,3
1795,1644,870,3
517,620,1342,2
58,1469,356,1
348,1103,1278,3
1320,1792,51,1
1204,540,1645,2
1574,1172,824,3
396,603,1166,2
591,1223,1509,2
1459,1427,667,2
348,831,371,2
1385,450,772,1
920,1650,1548,3
883,7,1126,2
1048,289,1751,2
431,876,1600,3
1368,929,530,1
1356,1427,366,2
827,509,202,3
627,826,464,2
1255,1609,257,2
954,67,145,2
104,884,1183,3
849,1392,749,1
844,116,420,1
1725,1544,488,3
1499,1531,216,1
1610,596,786,3
971,1587,1654,3
1774,1334,1249,2
1224,985,1614,2
1854,447,680,1
1135,514,1550,3
1477,384,249,1
1381,1561,456,2
1729,1453,486,3
1597,162,1083,2
952,919,735,1
973,808,1686,3
1490,1277,700,3
1082,1479,216,3
494,1022,1194,2
245,789,120,2
698,562,1034,2
277,1042,1635,3
635,520,385,2
437,1090,1410,2
1423,194,1675,1
381,170,416,2
1736,283,1566,2
1299,1224,1345,2
175,1685,1134,2
1674,569,70,2
1189,327,1406,2
1641,716,833,3
1846,1642,1348,3
1081,297,364,2
1453,166,295,3
511,170,157,3
1171,1343,584,2
1616,1282,706,3
1707,34,123,1
325,1339,184,1
309,1373,398,2
349,306,881,2
1797,1501,875,1
1776,1427,1409,2
235,123,1042,2
885,915,1301,2
1147,80,503,3
1655,426,244,3
654,63,1084,3
1428,543,847,2
1147,503,1258,3
767,1231,224,1
467,800,1460,3
1723,1228,1232,3
374,1640,1385,2
18,350,67,1
268,1756,1221,1
1406,1388,1021,2
1725,1211,456,1
1509,1518,172,2
595,223,511,1
108,350,575,1
941,1073,1367,2
1044,1813,1627,2
848,1528,224,1
1180,1676,1185,2
1410,37,1350,1
319,299,1281,3
1148,542,82,2
1254,1828,814,1
1564,594,1119,3
858,316,632,1
1530,1701,787,1
964,866,123,1
397,1411,1495,1
41,1617,723,3
419,1593,856,3
571,809,1833,2
763,12,1521,2
659,1254,612,3
57,1009,1851,3
1058,754,635,1
5,623,1620,2
588,801,816,3
1720,28,1658,3
1579,1310,294,2
1471,489,341,3
1244,894,257,3
1543,1808,494,2
41,1689,1741,3
584,878,1467,1
873,1831,245,1
1636,486,698,3
1158,1358,739,3
1637,772,948,2
557,870,1705,1
732,721,1541,3
1305,628,1278,2
873,405,1785,2
122,315,172,3
1830,1557,1311,2
1190,77,622,3
769,781,1754,3
1795,54,1320,2
389,701,1419,1
1816,1730,486,3
793,1339,1153,1
1664,402,1623,1
1332,1510,1349,3
356,164,252,2
270,806,662,2
103,1187,1381,2
479,326,1220,1
58,1612,454,3
1073,669,1217,3
1096,770,1719,2
642,1438,1453,1
1595,742,609,3
1477,1481,1031,2
1731,1418,1047,1
1312,1152,82,1
1460,1339,624,1
195,277,982,1
1642,1423,1596,1
375,354,1516,3
1658,399,25,3
692,575,335,2
37,1325,413,3
522,1562,1290,2
1634,832,130,2
65,1649,1311,3
269,494,1221,3
230,1836,222,1
1006,1193,852,2
1206,1506,1613,1
660,145,1391,3
80,223,1543,3
638,880,374,3
1617,1435,760,3
22,1784,626,1
1132,207,1616,3
10,945,1342,2
1770,976,307,3
1354,317,1805,3
918,1687,133,1
418,1407,243,3
1482,673,627,3
499,386,972,3
1840,986,204,1
468,192,1442,2
1097,1504,1188,2
837,814,690,1
382,214,1804,1
1662,520,91,1
739,1793,1289,3
1832,438,342,1
199,1599,1032,2
924,1023,734,1
1480,1218,376,2
1111,165,148,2
837,133,602,2
414,737,102,3
1781,493,976,2
1250,1538,1781,1
978,818,528,3
1493,24,405,2
516,1791,1440,3
219,798,1230,2
1186,1055,1624,3
1063,1423,1446,1
1534,103,1209,2
748,255,611,3
767,68,560,2
751,956,1638,2
874,980,702,3
77,1678,1407,1
295,1733,337,3
325,2,506,2
1054,1769,235,2
1443,1286,718,2
356,514,1216,2
1373,59,216,1
467,837,33,3
1142,674,229,1
327,1282,1652,1
1247,1450,1032,2
586,172,474,1
1599,1457,1558,2
1248,907,909,3
205,515,559,3
1191,1074,1379,3
1386,60,1325,1
149,153,1706,1
338,103,1325,3
948,1293,1673,2
181,1609,1190,2
124,546,799,1
568,667,50,1
1496,240,323,2
1445,385,1544,3
891,1556,781,1
59,283,783,2
111,639,422,2
376,917,1381,2
878,418,2,3
836,208,1042,2
50,1070,1169,1
340,925,132,2
1484,758,1780,2
1052,1732,773,3
298,854,881,3
753,108,1712,2
1183,1065,1776,1
367,1617,284,3
456,1389,168,1
1778,1078,1245,1
1355,904,745,2
958,1660,1621,2
1700,1820,1517,1
721,1606,898,1
425,1575,729,2
1150,1500,1641,1
263,1082,577,3
823,1303,1133,2
1538,1422,764,3
1334,1568,519,2
645,894,1337,1
232,1570,906,2
380,1168,768,3
599,550,241,3
951,77,1716,2
104,207,317,1
916,119,1010,1
1245,509,1832,3
1675,1833,1423,1
468,1554,1809,2
193,491,1249,2
1319,134,1047,2
898,868,285,3
973,173,603,3
624,421,1096,3
683,867,1668,1
108,301,659,1
1772,1428,955,3
113,785,1381,2
268,1762,155,2
948,343,295,1
1821,1644,1296,1
604,1302,1542,2
28,1005,506,1
704,1255,1577,2
689,1817,1064,1
1109,1601,582,1
1181,157,272,3
637,478,1300,1
240,828,1275,1
885,315,1253,3
1192,1594,1774,1
1224,346,523,1
1518,234,703,2
197,1842,652,2
335,434,836,1
165,1027,795,3
1839,1584,1076,3
1745,1654,1470,3
33,1178,524,1
726,1329,332,1
1782,1077,213,2
57,217,207,3
957,1118,1833,3
1461,806,1553,2
623,1652,333,3
332,144,1332,1
398,1427,1799,3
320,1597,1771,2
7,1577,73,2
385,379,1415,1
457,1063,556,3
1811,1117,1661,1
1581,1162,1786,2
1684,1303,1023,3
1416,559,809,3
501,1172,1370,3
515,1558,111,1
1482,664,135,1
971,651,159,2
539,714,739,2
265,713,172,2
562,1549,235,1
940,1169,511,3
1572,189,560,3
259,1265,799,3
1387,763,64,2
1512,870,88,3
168,1740,1170,3
1053,1756,1487,3
374,789,1779,3
1193,122,551,1
1543,1378,1037,3
251,611,289,3
507,796,1444,1
532,884,414,3
548,1477,331,1
733,190,285,3
1249,164,1132,2
1841,897,864,2
1055,54,1493,1
285,1464,296,1
1327,1159,572,2
434,660,281,2
1077,1364,1361,3
1010,672,1152,2
779,1228,1377,3
1356,1287,245,1
1311,671,543,1
1090,157,716,2
684,710,643,2
426,408,629,2
100,338,558,2
1016,1409,387,1
1019,843,403,1
785,1609,197,1
1024,1485,361,2
1298,993,80,2
969,238,765,2
18,640,30,2
1085,558,1274,1
758,759,165,3
138,1766,1396,3
631,180,621,3
245,1041,304,2
786,945,1479,2
816,1848,943,1
1347,1476,236,1
414,1487,1250,2
1669,501,799,3
1719,1613,1218,1
1494,129,350,3
1274,1122,1522,2
1769,202,1478,2
1249,813,401,3
1400,737,586,2
964,506,958,1
1577,512,607,2
1740,1630,665,2
317,26,1590,2
652,1640,380,2
1628,1252,436,2
56,1772,1356,3
1662,1723,166,1
249,548,738,3
1586,1266,415,1
1528,1103,1430,2
1713,1542,428,1
1285,1401,1231,3
1443,663,1349,3
237,995,1668,1
1519,111,1491,1
1387,1491,500,3
1657,825,1697,1
785,979,1041,3
707,1202,158,1
1268,1627,67,3
273,217,477,1
605,59,314,3
79,717,913,1
558,1551,1186,2
670,178,776,2
1364,1642,193,1
823,1651,1691,1
1178,80,1103,3
1796,1704,1329,2
62,825,1839,1
1600,151,1515,3
173,811,1058,1
1435,1492,1517,2
549,1783,435,3
1388,1199,111,1
459,1334,1274,3
1413,491,717,1
1414,1036,1536,1
154,1810,1273,1
1591,1504,181,2
656,1457,795,2
199,1101,1062,1
503,294,1566,1
1234,1466,1474,2
495,267,1469,3
1051,179,132,3
146,1214,812,3
983,1661,831,3
862,705,82,1
1670,885,1601,1
40,969,218,1
776,1801,1329,2
1757,216,709,1
1293,424,660,1
1624,764,463,3
1104,1558,1013,2
879,1808,1726,1
719,63,987,3
431,505,1125,2
1252,1257,1484,1
1408,1524,1046,3
1670,1106,119,1
654,986,181,2
1796,413,1702,3
1278,426,90,1
1212,731,274,1
603,775,1545,1
1240,136,1687,2
446,599,1694,2
430,1573,198,2
33,128,1258,1
486,39,297,1
612,157,1406,1
1829,1247,1729,2
623,1615,1120,3
1508,502,779,2
1841,959,938,2
1495,1135,357,1
320,1637,450,1
865,899,1318,3
1285,249,725,2
1093,1760,454,3
1621,237,1576,3
1367,1666,975,1
1353,1359,556,3
739,486,684,3
779,4,418,1
1384,154,619,3
471,1272,801,2
487,2,1029,2
741,1527,1275,1
889,1560,551,1
631,168,1776,2
635,51,1401,3
1545,422,477,2
56,3,50,2
1566,588,1845,1
1259,174,1648,3
1416,1442,988,1
1683,125,1407,2
1317,919,703,2
1208,1225,1442,2
1753,1493,159,3
310,993,1377,1
172,881,41,1
207,95,1064,3
168,488,303,2
586,817,1436,1
79,1685,928,2
152,627,935,1
1113,1119,94,3
1329,610,1597,3
13,417,1524,1
613,1371,1510,1
103,497,1360,3
1233,1824,848,3
1756,920,1817,2
5,1231,1769,3
1615,528,1710,1
745,1064,1194,3
1670,1479,511,1
854,1208,468,1
814,1299,711,1
1801,1745,879,1
782,1373,1036,1
1688,1327,257,2
368,1581,1128,1
281,1726,249,1
1083,1009,602,3
670,610,1783,3
710,671,865,3
398,1362,1266,1
1301,925,1036,2
816,567,1140,1
508,254,117,2
1175,755,525,1
1355,748,154,3
755,1273,615,2
1200,674,1547,1
786,1499,867,2
442,1247,1604,3
703,714,233,1
1365,705,1641,3
113,1716,540,1
532,2,1073,3
362,1687,871,2
1456,443,550,1
1314,391,376,3
1011,1206,703,3
593,854,1265,3
206,174,772,1
1482,1767,121,2
399,1409,1313,1
1407,171,772,3
282,385,1147,1
470,524,778,3
810,431,607,3
277,1784,108,3
543,1561,1116,2
1766,719,1116,2
817,229,1515,2
528,1182,747,2
303,1199,284,2
1822,1695,655,1
1534,1565,1597,1
1699,1804,1137,2
367,376,438,1
750,709,1194,2
1706,1571,1168,1
872,580,1543,2
335,1467,1140,3
1352,531,1328,1
815,1579,1135,3
730,61,1683,2
1852,674,1827,1
1363,1546,1101,2
740,967,411,3
630,1381,1086,3
75,245,643,1
446,749,1165,1
1820,106,1205,2
361,569,109,2
1023,1078,495,3
489,1509,877,3
1735,939,1000,2
1518,345,1060,2
478,57,1398,3
1130,972,1717,3
1801,315,423,3
1369,389,684,1
1537,1054,638,2
681,200,557,3
368,704,36,1
1824,82,753,3
819,1206,897,1
1615,42,802,1
1199,24,1046,2
508,214,1032,3
292,487,411,2
1489,46,1655,2
665,617,14,3
1767,1762,1100,2
1306,1003,823,1
523,1369,967,3
1203,1276,73,3
196,706,1767,1
282,635,1034,1
828,1184,1772,2
87,368,880,2
1265,855,327,1
510,1018,539,1
941,642,1186,1
1476,580,197,2
606,901,1180,2
737,1239,588,2
1792,470,1428,3
133,1567,1345,1
1154,1018,476,2
1756,1714,615,2
1015,1121,980,1
1307,757,242,2
807,1754,751,3
77,1797,1741,3
141,1653,1357,1
258,1490,1454,1
882,1722,818,3
402,362,991,3
1415,1079,1530,2
863,80,911,2
1414,39,1152,2
927,913,893,1
809,1588,1522,3
812,257,879,1
1525,748,414,2
1603,785,1273,3
1463,869,1111,2
271,749,1293,2
1262,1347,1645,2
500,124,1545,3
24,1572,1721,3
312,999,135,1
649,1568,713,2
1488,739,577,3
1138,374,1523,2
636,734,1421,2
1309,1645,1393,1
615,1565,83,1
993,1093,709,3
1190,834,915,2
678,1475,51,3
924,1763,1691,1
1741,1315,56,3
706,1,754,2
1636,1836,337,1
532,700,146,3
790,1102,233,2
930,828,831,1
703,1124,1432,3
212,1015,231,2
1716,1446,1438,1
577,1663,961,2
593,309,867,2
1529,627,595,3
1753,48,1553,1
785,559,1785,2
684,12,1677,1
1628,188,1561,1
1179,1106,17,3
990,1410,1384,2
371,1154,161,2
396,323,1719,1
1412,691,997,1
1123,231,1224,2
124,1824,1844,2
1514,1831,1394,2
79,547,1761,1
125,583,1130,3
787,38,930,3
578,697,1385,1
225,1688,242,1
1083,618,1019,1
1355,1710,488,1
289,54,94,1
507,1061,1551,1
458,1721,401,2
1418,297,115,3
1321,641,1217,3
591,839,61,3
791,1374,1187,2
1573,538,1489,1
570,353,744,2
92,215,1830,1
1252,1329,678,2
1086,1730,1806,2
394,1308,112,3
1077,679,1752,1
1538,1133,600,1
1262,607,60,1
257,1826,1265,2
816,489,250,2
820,1156,1405,2
962,1353,1414,1
64,344,1112,2
69,646,550,1
1184,1554,357,2
905,862,1684,3
334,180,1436,1
908,1285,1195,1
292,17,971,2
469,424,1743,2
1193,1466,757,2
860,1268,768,3
464,34,936,2
1324,78,1205,1
1060,719,948,2
930,666,377,2
477,684,1379,2
1148,289,62,2
357,204,450,1
1223,1080,493,1
385,1551,1756,1
356,53,492,2
1043,868,504,3
106,180,1401,2
693,1342,1028,2
711,537,178,2
1245,401,691,3
126,43,746,3
298,1462,932,2
1672,307,893,3
73,309,1346,1
840,935,402,3
860,1406,317,2
1380,1588,426,1
1300,362,1263,3
876,154,1201,2
511,1491,777,1
707,1605,526,2
1143,1763,1633,1
20,1020,126,1
1515,47,1102,2
195,1443,1468,1
1755,149,453,1
209,303,579,3
1252,437,180,3
1267,989,148,1
1730,987,63,1
1709,569,1156,1
295,396,581,2
649,1747,1306,1
1474,1491,1107,3
1337,349,1743,2
951,1578,98,1
247,277,786,2
1584,65,1259,1
52,1136,1321,3
2,1153,687,2
1492,1234,1408,2
863,758,1502,2
401,455,1811,2
397,246,942,2
1708,772,611,1
1349,402,833,1
649,886,787,3
470,1722,97,3
1553,684,1124,2
1831,770,183,3
33,1850,1168,2
603,46,861,3
1818,232,1102,2
1105,305,509,3
786,1246,710,1
649,839,418,2
1359,609,674,3
1619,1764,1506,2
1703,887,327,1
1432,702,246,1
834,705,734,2
1418,722,1758,3
1189,1020,1714,1
1621,1178,1581,3
1031,978,889,3
691,836,731,3
1119,473,1471,3
99,1139,816,3
671,353,708,2
1724,903,1205,2
1807,695,1612,2
1114,17,826,3
1413,738,1556,3
1738,967,45,1
1786,1469,1090,1
386,1568,657,3
926,174,786,2
448,834,275,2
1761,109,525,2
450,580,945,2
1613,53,1372,3
429,655,1230,1
303,1534,995,2
72,606,907,3
1496,1309,800,3
738,1401,1680,2
1844,759,1254,3
1222,984,474,1
25,784,251,3
1493,576,816,3
1833,1427,1135,2
990,1179,1590,1
165,164,1151,2
1730,478,284,1
1623,503,1086,1
1298,700,690,3
1618,1527,457,2
1315,832,798,2
1288,969,1737,3
1748,122,1256,2
1355,1032,714,2
117,545,825,3
780,1382,612,1
771,74,1476,3
319,1567,1688,3
492,1186,688,2
263,1519,559,3
681,220,640,1
1787,775,839,1
245,158,1581,1
1194,1723,1323,3
155,1137,144,2
390,743,252,3
113,1125,1061,3
522,1428,151,3
867,1118,820,3
967,1442,730,1
881,1251,1238,1
1571,948,1517,1
867,1396,1057,2
591,1286,594,3
470,323,1025,1
1530,1393,1076,1
505,13,978,3
1118,602,717,3
277,1272,1842,1
823,1233,1708,2
1240,1224,1043,3
544,946,483,3
79,1503,469,3
905,717,1558,2
722,741,1128,2
1006,1070,629,2
1654,210,28,1
325,26,1743,3
1800,238,1354,3
1024,475,1707,1
490,545,1279,3
1230,131,953,3
1164,845,1804,3
670,1036,40,1
1780,1595,1419,1
1633,1201,872,2
1049,40,885,1
281,138,830,3
258,691,409,2
989,1226,1168,2
1076,554,1549,1
1233,313,1846,1
657,1724,552,3
1032,358,100,3
1221,1565,719,2
261,468,1412,3
1061,654,493,2
52,694,643,1
1145,700,223,3
49,371,186,1
222,1739,1429,2
924,608,975,2
1031,1272,1350,2
668,1489,510,2
1626,1119,1486,1
1706,1299,581,2
1587,364,216,2
1393,42,1600,3
154,984,1014,1
1853,1753,819,2
1764,1819,1447,3
1053,1479,740,1
824,1345,1766,1
619,1027,431,2
1800,1295,358,3
1079,377,1138,3
1755,478,81,2
758,1144,1805,3
187,268,1815,2
640,183,455,2
478,1369,86,3
1467,860,1785,3
476,1426,256,3
1562,478,161,1
1114,972,1535,2
180,1224,628,3
1251,1696,1643,3
366,904,551,2
633,696,547,3
334,1570,1137,2
394,569,1092,2
1382,1415,1387,2
1076,1838,1724,3
1080,423,683,2
1217,1105,357,2
361,590,1238,1
607,1350,1650,1
462,998,696,3
1813,1326,298,3
1020,1643,1644,2
1289,1480,929,3
1684,578,1710,1
679,1316,531,2
1763,1000,473,3
726,1279,1465,1
1141,1285,1787,3
745,1127,926,1
134,756,681,1
1577,1532,1146,3
1197,243,1207,3
47,832,804,2
1771,363,478,3
1570,1418,19,3
1296,384,556,2
173,1702,33,3
878,615,490,1
261,475,1804,1
851,1087,1245,2
619,1820,504,3
724,1254,963,2
106,998,125,1
409,1686,1551,1
933,1061,1389,3
259,1012,428,3
1293,1124,908,3
1291,1754,446,1
1555,1767,743,3
1067,552,982,3
1153,1651,662,3
812,343,1307,2
1169,1043,217,3
328,1541,103,2
201,1585,1658,2
1779,1257,1630,3
1122,140,708,1
1154,1804,1448,3
1327,1812,1752,1
1322,1385,150,1
184,738,710,3
251,1335,1525,3
690,604,1084,3
1162,275,975,1
826,165,570,3
251,1515,72,1
1619,1075,1678,3
120,1231,1742,1
1670,242,1484,3
227,1454,1825,1
870,1622,1816,3
565,1089,299,1
239,1295,255,1
1623,592,1621,1
1545,1679,1448,1
64,1722,1409,1
35,1024,174,2
750,1473,1209,2
333,702,895,1
398,213,89,3
824,1033,431,3
436,1561,228,1
1678,413,1215,2
1410,526,33,3
1626,657,668,1
454,142,1210,1
619,372,314,3
1722,119,668,2
639,1061,705,1
464,1473,939,1
1726,1326,1274,3
375,580,933,3
429,237,425,1
939,1610,1204,3
801,1719,883,3
943,637,1131,2
1386,1010,195,1
1473,1161,776,3
1841,1311,1745,3
300,1422,427,3
659,1806,1171,3
1835,561,62,2
1279,1802,107,3
923,969,1223,1
1745,1852,761,1
722,585,1625,1
1773,1073,895,2
1437,1228,291,1
311,1126,1838,3
1355,1031,1459,2
886,1850,1172,2
1610,757,880,2
539,1074,1052,1
1405,1091,465,1
1377,1708,53,3
382,80,1100,2
601,148,59,3
850,693,913,3
536,271,896,2
404,1788,965,3
1708,644,495,2
1067,1839,429,3
1127,1277,180,2
801,436,202,3
1827,1471,336,2
1591,939,1113,2
982,967,1798,2
1324,1833,771,1
560,828,282,1
1253,1416,1321,2
1399,1030,1716,2
1377,1523,462,2
1503,223,1575,2
1580,1293,201,3
880,1118,271,2
1469,130,1027,2
999,1614,773,3
918,37,1003,3
603,1036,1666,1
1580,1730,46,3
895,1263,1554,1
1154,1798,1198,2
1664,1038,1164,3
774,742,641,2
79,828,800,2
1810,300,181,3
230,1604,576,1
441,1282,137,3
25,779,1073,2
1596,156,805,1
405,807,1620,1
547,1121,270,2
1682,1446,771,3
593,1484,1153,3
140,93,1826,3
1509,810,1231,2
557,275,1141,1
1266,217,336,2
126,1632,899,1
372,1364,1423,1
1004,1330,1213,3
1667,347,1339,3
1789,224,1690,3
501,352,942,1
348,795,1607,1
1523,156,1825,2
1198,1617,708,2
431,198,537,3
1598,500,955,3
593,500,84,1
1648,286,843,2
1667,321,1806,3
1639,1788,1793,1
1509,836,126,1
763,401,1609,1
1488,1141,1430,2
587,1100,1033,1
495,592,1552,3
955,464,1179,2
517,1340,1688,3
973,297,398,2
504,1762,485,3
509,962,1722,2
398,619,790,2
1254,242,1144,3
147,1583,1145,1
1451,874,523,3
1152,173,852,3
182,797,699,3
38,148,117,3
581,275,1242,1
767,754,135,3
1240,342,647,1
973,585,859,2
494,847,1124,3
1437,597,1651,3
1762,1450,654,1
1197,1316,294,2
1503,1164,1410,3
1588,9,406,3
118,874,178,2
1781,1051,1549,2
1778,827,1529,2
1840,1141,10,1
1845,298,911,1
1504,1547,202,2
1445,207,1749,2
247,1420,110,2
1666,1089,1671,1
1852,965,1185,3
150,1085,1011,3
562,1239,1181,1
1304,1817,1731,1
1065,1192,1656,1
813,547,98,3
488,1183,361,3
820,56,1246,3
848,1212,19,1
10,939,1075,3
1265,127,293,2
1184,723,1563,3
1182,1388,957,1
791,1549,1141,3
537,383,709,1
1003,723,1010,2
497,138,685,2
569,875,829,3
424,847,763,1
1701,471,286,3
1455,498,1557,2
1732,554,468,2
1110,1274,1456,1
43,35,630,3
820,646,319,1
1190,950,688,1
1120,382,532,1
223,62,1184,3
1222,864,1774,2
742,20,762,3
871,1646,1505,1
1563,53,1849,3
1068,1390,79,3
1006,53,1602,3
1762,1487,1056,3
1224,1252,1707,2
553,1557,999,3
1644,1800,1414,2
326,448,1391,1
1628,139,521,1
1788,273,738,2
255,699,33,1
1245,1435,1283,3
1847,315,1704,3
1693,432,769,2
585,748,1819,1
709,87,1253,1
90,465,868,1
1541,567,1274,1
185,708,1597,2
1239,610,624,2
1849,985,1216,1
54,766,467,1
977,1339,1637,1
881,521,457,1
491,1373,811,2
384,680,730,2
1596,1563,890,1
927,772,693,2
1117,805,1434,2
1800,1213,1196,3
1142,358,1451,3
977,12,1224,2
1315,53,1092,3
1749,1050,1781,1
362,434,220,1
347,1275,1388,2
1580,1070,1665,1
741,120,1627,1
884,253,1197,2
911,880,1828,3
514,1798,1010,2
1736,1070,1535,1
1642,1545,1052,1
456,892,675,3
726,975,1519,1
4,729,48,1
268,351,1405,1
776,275,723,1
1181,1237,503,3
902,626,1369,1
1116,1368,1269,3
212,530,1611,1
889,219,1183,2
621,1576,1613,2
1141,864,1283,2
1200,512,370,2
967,63,1002,2
993,1174,600,3
1417,1815,1424,3
1597,1656,275,3
52,14,1363,3
1323,1808,556,3
1017,1413,1416,1
1022,364,1821,3
857,1506,635,2
1444,892,1068,2
1374,762,192,1
344,1714,1573,1
1600,42,897,2
202,888,1050,1
1142,1632,1418,3
1596,1606,130,3
90,1605,531,2
336,833,1022,3
113,1392,629,2
110,965,203,3
1167,1544,1242,2
493,1055,947,1
391,590,370,2
733,1013,1404,3
1575,1825,1149,3
1283,326,496,1
165,1037,174,2
1622,1845,1614,3
1106,1483,373,2
1619,1680,780,2
170,1198,739,3
609,632,1793,3
428,35,8,3
1817,1707,381,1
811,1771,1756,1
1805,808,1837,2
1025,1321,1525,3
1096,271,1302,3
775,2,869,3
226,200,782,3
220,447,1088,3
87,144,1701,2
733,1067,609,3
1751,389,806,2
611,686,947,1
1474,1157,1005,1
717,1141,367,3
1023,272,67,1
1466,805,1343,2
135,1834,694,2
1458,546,1087,2
264,624,1253,2
223,350,1071,1
1292,1303,1284,3
1304,442,316,1
460,963,1607,3
1592,1340,179,1
1237,215,704,2
765,128,309,3
845,1363,140,3
1208,1242,534,3
1642,230,964,1
799,98,993,2
642,1283,1698,1
212,419,297,3
110,17,92,2
980,611,1276,2
1345,1578,794,2
1414,216,248,2
1204,1439,1604,1
1079,213,639,1
289,1051,555,3
1516,1570,113,2
1759,594,1411,1
94,1696,1498,3
1726,857,454,1
403,1231,534,3
1821,432,1567,3
1063,17,11,2
1529,551,89,3
1819,321,1569,3
972,1226,106,3
198,49,1613,3
849,1320,183,3
1080,32,432,3
1038,1126,1694,3
1488,163,1144,1
597,889,1560,1
216,1624,1354,3
657,1207,1319,1
793,893,1031,2
1138,840,520,2
829,17,1246,1
1211,370,1609,2
647,303,1195,2
199,81,1621,2
1820,1295,353,1
1406,1293,1179,2
1383,1409,1428,1
427,520,1279,1
1022,658,917,3
358,1164,168,1
1792,554,1630,3
1192,10,817,1
838,708,990,3
1491,1679,192,3
20,245,1575,2
1137,1067,12,2
655,916,434,2
1198,959,113,3
548,1225,746,3
532,127,1054,3
365,1565,1100,1
98,463,548,3
1840,321,6,1
1833,968,1556,2
724,124,1027,3
1232,983,1144,1
1079,1233,1343,1
348,640,555,2
1212,1603,850,1
844,1605,1493,1
1669,958,400,1
684,1442,1400,2
210,563,10,1
1157,1519,738,3
996,427,1245,2
1022,660,1387,3
513,1646,916,1
855,1350,495,3
1560,1363,1483,1
585,69,1256,1
1605,433,711,3
414,53,1465,1
1202,1080,1594,1
617,326,1759,3
1631,1131,1472,1
1351,1016,1689,2
1673,1163,173,1
1601,124,121,1
995,32,259,3
1102,854,391,1
1440,1396,904,2
836,566,1269,2
126,1394,244,3
1673,479,1818,3
151,1122,1187,2
1531,274,560,3
94,1290,1791,2
199,1342,669,1
1060,227,496,3
923,1376,1114,1
1519,1749,303,3
457,1685,919,1
1462,1590,1643,2
1293,866,1634,3
1495,1437,574,3
288,685,947,3
76,68,1348,3
1387,1590,1242,1
18,1346,563,3
907,1722,732,3
782,1306,1851,2
1035,1065,774,3
664,247,130,3
554,1113,381,3
589,1683,458,3
75,315,771,3
1439,1021,1693,2
417,170,999,1
516,800,868,3
751,545,385,3
329,831,1520,3
154,597,143,2
682,1258,157,3
71,331,314,1
1106,935,674,1
709,1656,824,2
505,1016,1111,1
1215,1567,296,2
1668,1013,1244,2
1643,1844,769,1
305,1360,757,1
442,833,809,3
979,977,360,3
1446,755,980,2
515,532,912,2
608,357,1018,2
1421,713,1339,2
790,1653,1723,1
1010,688,822,2
1456,173,1347,2
1112,1254,806,3
109,872,562,2
1033,492,1463,2
1426,1523,1237,2
1334,1249,543,1
1203,1566,456,2
2,750,1730,2
1094,1677,32,3
458,541,226,2
1190,275,204,3
849,890,1765,2
1619,588,972,2
600,1178,586,3
872,441,324,1
1196,215,688,3
1806,1612,290,2
889,725,187,1
898,1566,536,2
557,744,1005,2
1023,784,842,1
762,1806,1309,3
1003,1570,586,3
148,492,954,2
1647,1527,332,2
722,1049,1484,3
1541,678,155,3
378,193,1160,3
1241,1162,444,1
150,239,78,3
817,1572,524,1
144,93,1803,1
103,1794,734,1
1734,323,507,1
1647,352,137,2
475,1258,1110,2
1181,1709,1345,3
1787,354,436,3
516,847,1503,1
310,1400,924,1
180,1499,351,2
481,846,175,2
1300,1368,1457,3
632,774,1591,2
1571,1663,1845,1
1081,1065,986,1
232,393,1663,3
392,663,950,1
1739,592,1452,3
818,1634,1051,3
1643,863,1318,2
547,951,814,3
1468,148,1175,3
219,1238,1741,3
1584,1838,224,2
839,778,1635,2
1086,251,134,3
425,358,191,1
1025,1253,373,1
191,514,217,1
1646,680,1794,3
1554,1349,1364,1
1253,1609,856,2
1419,301,1219,2
246,668,1568,1
132,481,236,3
1415,837,1689,2
650,842,960,3
1712,1802,802,3
701,1652,644,3
1642,1756,1251,3
443,1079,277,3
424,1094,1140,1
1185,1691,1583,2
338,1442,1455,3
1781,1535,713,3
125,1554,565,2
567,1580,110,1
1651,224,547,2
250,708,304,3
971,1565,1222,2
1520,1345,1304,3
51,864,277,1
1218,370,1056,2
829,1579,179,2
578,1149,389,1
1549,627,1123,1
484,961,1257,3
1095,1290,1155,2
1572,1188,1792,1
1470,566,1392,2
1123,581,912,3
694,654,1359,3
1253,1851,223,3
1295,719,276,2
247,1705,644,3
1535,752,1436,1
3,1218,1394,3
1099,240,596,2
1020,1054,489,1
132,1562,348,2
712,113,120,1
276,101,1343,2
1396,1620,818,1
1409,1511,767,3
1201,1765,1842,1
120,1702,836,3
1805,1517,1076,1
1543,1223,1565,3
1343,1146,994,2
659,154,736,3
774,1195,1392,3
247,1433,964,2
65,589,967,2
384,1246,299,1
904,313,1126,3
1174,1017,984,3
1534,1327,725,3
354,140,1448,2
328,1064,134,2
1286,1465,1786,2
1769,586,511,1
597,671,1385,1
1172,196,226,3
932,868,1066,2
1744,1787,1026,2
976,454,617,2
66,1741,185,3
1343,464,1078,3
1503,1287,530,2
550,90,390,1
233,1154,469,3
971,1495,1767,3
36,14,509,2
685,345,655,1
1149,1128,1702,1
889,732,1167,1
1500,646,1202,3
1128,1530,79,2
1188,1846,522,2
1031,1147,1262,2
132,174,1172,1
1259,986,1360,1
570,934,1599,3
1260,126,567,2
1441,1276,240,3
1679,518,1028,3
1580,892,657,3
1563,132,567,3
1010,745,135,3
380,995,1552,1
886,550,1192,2
409,625,572,1
871,1275,1528,3
822,267,1825,2
1078,638,567,1
1210,1096,1079,2
1269,917,325,3
352,1654,1140,2
1599,1717,4,3
1196,391,1344,2
414,1386,289,2
1259,728,346,1
1843,932,1531,1
53,1028,468,1
1757,530,362,1
602,538,583,3
145,1221,965,1
1670,1817,1850,3
351,1029,1702,2
1321,12,1654,1
845,417,1596,1
1675,1828,12,1
188,1231,496,3
1792,210,92,2
1172,1018,1601,3
278,1049,1584,2
412,1805,723,1
740,1814,783,2
534,82,206,1
1454,755,1064,3
1513,652,192,3
796,997,656,3
372,744,320,1
1398,533,1383,3
1701,621,1270,1
516,1552,1660,3
1483,1785,1791,2
960,600,904,1
347,1766,1211,1
191,36,280,3
148,649,1796,1
291,1194,626,1
842,1529,406,1
1077,794,662,1
451,1215,1309,3
779,1801,130,1
499,1590,824,1
744,172,267,1
836,1513,722,3
1289,213,1838,3
1360,1190,561,1
1330,542,1,1
1064,225,1647,1
463,1565,1233,3
756,1540,526,3
285,1290,1245,1
525,1153,751,1
1745,1227,378,2
736,345,1240,1
1173,812,1085,1
1297,637,424,1
1469,1224,664,2
981,977,1185,2
1184,973,1192,3
1459,191,1713,3
1083,1484,12,2
1419,1278,617,2
581,471,1506,2
1135,1313,1765,3
1609,1712,1579,1
561,72,235,2
1705,525,1628,3
1002,374,14,2
410,1370,1572,1
1548,885,964,3
823,342,1141,3
204,303,620,3
51,620,272,1
1531,1288,926,3
31,56,432,3
1420,1159,1041,1
1559,1120,524,2
548,291,62,1
631,168,743,1
388,988,599,3
66,1583,1457,3
1744,125,374,3
1292,1304,1381,3
525,1411,1544,3
945,212,785,2
335,227,1731,1
1152,1645,246,3
1569,1735,357,2
1046,1826,1481,3
765,1832,926,2
1359,604,1525,1
1159,944,762,2
1,1063,561,1
1478,1477,974,3
907,371,1774,2
1308,463,382,1
310,1023,732,2
1036,1572,1258,2
234,1630,522,2
1330,980,1289,1
609,989,684,3
667,858,332,1
764,1572,67,3
853,687,1832,1
911,1391,259,1
522,534,1722,2
1746,1509,460,2
643,865,1736,3
823,848,828,3
898,1613,693,2
382,1546,501,2
1066,103,983,2
830,1563,1020,2
1011,195,663,2
154,1621,666,1
171,111,1628,3
1512,365,1725,3
1275,736,869,3
514,1560,556,2
1273,1580,593,2
1210,659,1766,3
1807,734,711,2
976,1007,1259,3
1130,1846,1506,2
1095,1851,275,1
1506,1141,155,1
1739,1408,468,3
569,293,1563,2
667,1203,1464,1
708,705,1833,3
292,1468,14,2
892,1715,80,3
1480,834,83,1
1043,1758,1468,3
1259,1687,710,3
554,683,1117,2
1538,258,1828,3
586,1109,623,3
1706,84,1507,3
413,696,1187,2
1266,350,1407,1
354,557,1044,2
81,49,526,3
694,1833,387,3
1431,898,673,1
1691,280,411,1
376,29,1719,2
1695,1008,34,2
1275,1716,1781,1
1404,1208,766,1
724,1120,1156,2
1675,979,1525,3
318,1047,895,1
282,1792,816,2
645,1325,434,3
1693,817,453,2
949,566,1432,3
995,1671,1641,2
1340,263,672,3
1268,659,1251,1
853,63,678,2
1472,717,1618,3
483,463,1267,3
344,1333,1254,1
1117,1813,542,3
1342,1411,739,1
481,470,1137,1
580,1124,233,1
26,259,681,3
640,1501,498,1
1232,52,29,3
312,769,51,2
347,1627,305,2
347,133,590,3
1083,371,1763,1
1739,1781,1353,2
1068,310,1348,1
551,182,1533,1
1320,1727,815,3
1207,1192,1726,2
409,1223,358,1
12,1394,1010,3
1330,671,980,3
26,142,38,1
1127,1800,1471,1
1608,1778,1509,3
1339,369,1258,3
1119,500,1550,3
301,251,1043,3
1835,1537,1111,2
244,1200,660,1
660,612,778,2
76,75,548,3
1284,1801,609,3
554,1452,1605,3
551,1825,24,3
914,421,1161,3
1592,1214,6,3
1605,1312,57,3
181,1066,304,1
1533,649,1569,1
1274,700,1443,3
7,636,962,3
1844,1459,646,2
1246,1409,1784,2
1285,454,642,3
716,1206,1771,1
1096,1095,1198,1
825,735,1366,2
235,435,680,2
1246,1016,159,2
900,646,1646,1
155,1182,98,2
947,603,71,3
189,1827,1014,2
330,1021,1220,2
1278,832,1092,2
475,1244,1712,1
799,575,72,3
222,652,1070,3
1176,1759,157,3
492,519,1145,1
1717,851,29,3
937,1628,958,1
357,7,368,3
1631,1394,96,2
1345,63,1161,3
1793,374,51,2
490,786,1208,2
1486,1030,1689,3
285,773,1260,3
460,164,1689,3
1272,129,1442,2
1739,1234,1120,3
1743,1587,433,2
1853,873,1727,3
149,306,244,3
1255,1538,1277,1
127,163,308,3
1536,1342,1458,1
1669,1105,1744,2
944,11,65,2
343,1028,1737,1
1253,924,758,3
855,1097,1478,3
622,69,1031,1
1559,715,1826,1
451,1673,594,2
830,1206,1207,2
497,1481,1275,2
893,459,450,2
537,1404,958,1
944,1752,1671,1
482,467,1643,1
1016,1364,949,3
377,201,1016,1
330,1305,1588,1
1296,955,532,1
1452,1032,1641,3
1839,321,678,1
105,418,579,2
384,1380,1157,1
274,116,1766,2
773,1743,675,1
1711,1206,1753,1
1416,1492,395,1
864,388,687,2
92,80,1016,3
516,863,488,2
1066,361,1688,3
1731,825,1605,1
538,556,681,1
140,1059,1598,1
1249,233,864,2
819,1357,627,2
1254,38,539,3
1733,578,1117,2
418,540,898,1
905,175,658,2
1046,1147,486,3
1332,1208,322,3
185,184,740,3
1298,1682,267,3
624,358,883,2
1514,731,1686,2
1219,1596,1055,2
834,60,638,3
1353,1388,187,2
1398,757,1451,2
554,423,1070,3
864,1296,698,2
555,1795,650,1
709,204,846,3
788,1128,1771,3
871,906,512,3
313,1152,300,3
1707,1022,1486,2
512,895,1006,2
161,672,318,1
436,195,1365,1
69,1449,1179,1
934,1171,1414,3
1787,478,584,3
600,326,1681,3
1640,1538,1066,3
1487,318,97,2
1211,1469,1237,2
194,1103,884,2
182,1532,415,3
175,1159,1090,3
843,661,470,3
713,676,95,2
1472,1406,1700,1
502,1308,904,3
113,893,503,2
745,1272,590,2
1566,1276,365,3
1476,449,536,3
1606,1785,103,2
1788,398,893,3
1785,1733,1554,1
807,325,968,2
709,863,562,1
642,1034,471,2
602,1781,527,2
908,1663,1000,2
784,619,768,3
56,1169,1347,3
193,66,289,1
1198,1036,1123,1
1016,1765,703,3
854,1056,1567,1
890,1636,839,2
484,1459,1691,1
129,1005,636,3
94,1313,1107,3
831,800,607,3
662,1308,807,2
1612,439,487,2
1802,1665,483,2
97,362,990,2
528,322,702,1
73,1311,1359,3
1094,1080,269,3
834,621,597,1
102,1337,1255,2
882,387,983,1
218,88,969,2
240,1811,1458,3
205,856,602,3
1818,423,838,3
286,332,1538,2
835,1567,1147,1
278,861,941,3
200,896,120,3
436,380,221,1
1240,908,1767,1
278,142,725,3
1528,439,126,3
791,928,449,1
1095,1563,764,3
1012,1272,1285,3
1302,659,1577,2
256,33,1242,3
392,1819,1096,1
418,437,1558,3
1832,134,812,2
1745,1228,1308,2
1591,262,260,2
825,1445,1320,2
499,72,987,2
1570,62,518,3
350,657,1545,1
110,541,510,1
828,881,469,2
1114,1159,1366,1
882,1059,361,2
329,762,804,3
1331,557,510,3
435,448,907,3
1356,462,403,1
175,463,1695,2
124,913,1604,2
1650,657,1649,1
570,396,1428,2
623,281,1443,1
430,1545,1168,2
234,1340,694,3
773,1650,1757,1
694,1066,1279,1
237,1737,1457,3
474,723,1744,1
38,1396,110,3
16,229,1438,3
1624,1766,44,3
1368,300,100,1
684,750,1841,3
275,1325,345,3
11,960,267,2
571,745,183,1
1774,945,28,2
1799,1261,132,2
295,1080,677,3
1789,1103,1174,1
825,701,672,3
334,722,1444,3
1392,1245,538,3
61,643,187,1
629,353,94,1
357,410,234,1
1019,459,989,1
1355,1802,47,2
1748,1118,305,3
1105,1062,191,3
742,1703,185,3
833,525,89,3
1850,560,1609,1
367,1824,1357,3
243,1692,58,2
1603,756,259,2
1193,130,3,1
348,1470,484,1
280,555,1253,1
787,1355,1252,2
1745,717,893,1
936,1430,1744,2
985,763,489,1
190,1456,1068,1
486,1519,852,2
1135,518,455,2
142,1835,1697,2
1397,31,1035,3
1154,1558,131,3
1112,549,654,3
1498,972,526,3
505,406,875,1
570,143,1587,3
1784,1560,7,3
1215,1481,540,1
641,1336,1540,1
1544,1062,460,2
1700,1340,1722,1
1731,1200,1137,1
1574,1486,1570,2
1302,443,1187,2
364,555,466,3
79,1760,1227,3
805,163,364,1
1260,299,1408,2
628,1455,322,3
1089,1210,1023,1
1455,532,1224,3
863,710,666,1
1070,1004,816,1
1369,111,1488,2
1518,270,1418,1
439,1834,1409,2
1172,1083,838,2
1820,219,72,2
1819,1108,62,2
440,1139,909,3
1168,1736,63,2
823,166,1567,3
1490,1669,978,3
1066,173,74,2
1120,196,1174,3
432,1099,902,1
1694,401,728,3
1048,751,106,3
530,1311,605,3
1126,1444,1606,1
1326,1743,1551,3
864,175,122,1
547,578,173,1
708,1341,939,1
1743,1309,1727,1
317,1719,1358,2
177,487,373,3
1255,1323,1101,1
649,623,1585,2
1486,563,714,1
288,861,79,3
1418,489,1060,3
1291,805,149,2
1071,836,919,1
1558,1455,446,1
1580,878,690,1
1835,1462,1503,3
1410,558,981,1
427,1290,783,2
1316,956,1566,2
919,585,884,3
1553,787,1792,1
970,193,1287,3
690,1108,1405,1
59,654,1337,3
838,11,720,3
1365,632,1057,2
363,1696,775,3
855,1111,514,2
167,210,295,1
728,258,1562,1
1597,24,1624,3
1378,800,1379,2
1447,272,1688,1
530,1352,1654,2
1435,912,1822,1
457,1240,664,2
1685,723,142,2
1110,1228,874,2
717,292,530,3
112,1154,84,3
84,1734,1455,2
232,1324,1830,2
812,1622,1412,2
1533,1164,1760,1
542,1294,279,1
434,214,139,1
1642,1622,21,1
1681,1711,5,2
979,563,1358,3
165,1760,1262,2
814,1170,1443,2
138,496,239,3
1369,342,1647,2
784,531,815,3
676,1332,258,3
1700,1476,1254,1
761,188,522,3
303,334,1203,1
893,759,395,3
700,10,389,3
382,1379,1655,2
474,420,997,2
1719,1750,1329,2
33,177,1257,1
381,713,1436,2
1614,387,1055,3
823,552,1052,2
810,1293,1063,2
1526,1195,1132,2
158,1353,879,1
1434,1121,1166,3
1584,471,173,2
113,680,1157,2
895,826,1566,1
305,694,1600,2
292,652,1302,3
1821,713,566,3
217,881,171,2
1398,550,126,1
770,1513,534,3
223,1821,49,2
394,567,946,3
621,812,206,2
151,241,521,1
444,1146,1375,2
593,1280,1708,3
1153,319,413,2
1283,1765,764,2
1647,144,1289,2
770,1162,1552,3
725,1685,1833,2
586,1451,1827,2
1317,326,1627,1
848,1794,956,1
969,1851,793,2
591,1726,1054,3
129,527,552,3
362,631,832,1
760,78,1619,3
341,88,416,2
306,1291,1295,1
187,1195,1108,2
1487,510,1530,2
1272,202,1581,2
754,846,1173,2
18,313,1628,1
762,1485,426,1
555,1003,850,1
1424,457,380,3
1821,434,1345,1
731,1028,1366,2
68,1672,971,3
1004,851,595,1
266,181,227,2
872,335,1544,2
1055,930,1743,2
1397,1177,883,1
1807,662,160,3
1421,550,856,2
490,162,1553,1
834,1699,758,3
755,526,44,2
1345,1510,229,3
1613,837,1543,3
213,1135,809,1
1274,1225,1839,2
1370,382,798,2
1607,1750,1028,1
226,848,1760,2
1328,1462,1040,3
1206,117,932,1
1824,1076,280,3
957,246,647,2
897,1420,1824,1
975,1779,581,3
1505,346,635,2
244,1613,187,1
1629,1091,683,3
358,1079,501,2
409,8,256,2
1072,1166,1663,3
313,277,1100,3
1214,1541,438,3
783,404,1425,3
269,678,628,1
335,547,1135,1
451,679,1250,1
247,1365,222,2
98,876,1666,2
917,509,989,1
63,900,1113,1
1150,1430,1234,2
426,686,1295,1
38,350,1747,2
174,1471,929,2
1713,734,393,2
104,675,1625,3
874,884,14,3
603,39,1586,2
1832,1451,387,3
540,23,1449,3
435,1116,1153,2
393,989,351,2
1676,1660,1207,2
870,651,1673,2
1522,899,1423,3
768,1563,1424,2
320,575,780,1
1828,989,489,2
538,322,1167,3
133,305,269,3
26,1740,1433,1
648,633,172,2
259,654,101,3
1348,1820,575,2
154,1779,1333,3
360,1466,114,2
1771,1456,406,1
1296,1224,824,2
600,1748,1691,3
858,558,1287,3
1574,1783,534,1
89,342,1234,2
1749,1582,843,1
703,1507,1272,2
80,1427,952,1
708,1403,1178,3
980,910,1197,2
30,879,693,1
527,511,1184,1
215,547,1333,2
1731,374,677,2
357,1206,318,1
1484,907,300,2
1705,1591,250,2
499,1276,1013,2
1087,507,1297,3
1251,645,1439,1
1438,1308,265,2
268,1144,140,3
298,242,1142,3
1837,439,330,2
1329,1685,1138,3
763,1123,152,1
1382,431,1188,2
1241,1709,790,1
1286,1216,460,1
902,314,453,3
131,980,1305,3
1336,606,1595,3
1461,722,1261,2
511,268,1653,2
1029,881,1552,3
1391,1510,688,1
1224,36,593,2
328,1145,1560,1
801,1289,1218,3
1179,408,875,2
618,1420,198,3
1139,129,1058,2
587,560,1337,1
617,1085,1568,3
1355,1351,324,1
479,995,1826,1
74,513,638,2
1271,1272,1498,3
242,73,530,1
964,794,973,1
792,714,722,1
393,1071,35,2
414,91,314,3
1527,156,970,1
341,1205,1716,2
126,1562,1438,2
1310,1817,652,3
824,1329,982,1
117,520,898,1
992,1177,1619,1
1620,797,596,3
1360,1306,1720,1
1601,547,702,1
108,655,974,1
1025,1510,948,1
170,349,1789,1
1025,1622,289,1
1359,898,1070,1
1022,1250,576,2
241,748,1700,1
1077,829,1509,2
1173,1782,1296,3
1439,759,1006,1
810,483,122,3
265,414,1300,3
804,794,567,2
1419,1362,1791,1
1500,771,1659,2
1054,1121,549,1
203,532,84,3
1059,1586,1667,1
1087,904,592,2
1233,1607,459,2
299,543,1134,3
548,888,559,1
1774,1702,430,3
560,1253,548,3
1336,868,858,2
1636,1597,948,1
1076,1035,834,1
914,474,1059,3
587,1375,585,1
356,1560,760,3
1526,1245,1284,2
1028,392,1709,3
1170,889,761,1
605,1712,1520,1
969,800,1750,1
1438,789,1284,2
1615,821,74,3
794,273,1850,2
1773,234,500,3
141,1836,887,1
1388,109,1510,1
1226,1184,535,2
540,1236,807,2
892,1792,897,3
1630,617,1087,1
1208,314,734,3
456,1494,1677,3
70,413,180,2
183,1331,1053,2
604,777,797,2
1181,1217,882,3
1353,1005,79,2
295,110,1256,3
1829,143,1427,2
991,522,649,3
792,674,987,3
580,368,165,2
1282,1214,1033,3
565,1455,1285,3
641,54,730,2
1767,1486,820,1
1646,738,1323,3
1224,78,649,2
456,1420,1613,2
425,601,994,1
296,964,326,3
1312,639,1854,1
852,591,1152,3
383,666,1081,3
1629,340,1143,3
1021,1299,1669,1
444,495,1318,2
199,806,1512,2
1660,403,1444,1
1713,1575,747,2
1798,809,869,1
263,721,636,2
663,637,1638,2
581,1144,301,1
1276,304,105,2
124,789,872,2
1316,1451,1060,3
361,75,31,1
655,95,447,1
1183,780,381,1
970,554,1030,1
1342,555,164,1
1240,1394,206,1
1763,1127,662,2
548,1228,74,1
513,1780,1498,1
166,318,1491,1
548,1608,222,1
989,1286,1836,3
1681,382,1675,1
338,169,988,2
866,1840,523,3
260,1298,1173,2
854,624,43,3
1717,358,1818,3
925,1172,546,1
1829,1578,1476,3
1163,409,177,2
276,1180,636,3
430,247,554,3
697,1647,1194,1
893,917,531,1
1574,482,741,2
1322,1595,1717,1
312,1578,1469,3
1659,1837,782,3
1268,1292,120,2
22,1672,70,1
1300,784,1449,2
502,1381,1365,1
270,226,1030,1
1453,1384,471,3
19,412,950,2
561,1289,71,2
77,614,1013,1
17,203,1305,3
1312,205,1710,1
1331,1362,908,3
572,1142,1340,2
1850,1644,815,3
1091,1398,312,2
1261,966,1040,2
1177,1396,182,2
486,1143,1017,3
522,651,1054,3
906,1651,791,3
1551,1780,406,2
481,1093,409,1
1787,1206,1184,3
138,1322,457,1
1590,1643,726,1
538,1238,752,1
527,979,183,1
693,906,1486,1
899,770,729,2
447,1821,1413,2
721,1240,641,1
411,954,344,1
204,970,1353,2
233,1224,305,1
836,1103,1483,3
851,1290,95,2
494,1838,971,3
1018,34,971,2
1536,1066,774,3
644,1733,434,3
1310,1627,913,3
1522,1720,795,3
380,1699,1040,1
297,1765,1174,3
1636,313,579,2
454,1191,902,2
621,1557,605,3
615,817,703,1
1695,1279,29,1
532,553,44,1
367,236,1776,3
884,515,1614,3
161,855,1161,1
835,1122,153,3
936,459,1745,1
1152,1464,102,1
417,1570,594,2
476,1334,857,2
91,684,1756,2
1528,620,1069,1
442,1709,988,2
772,571,284,2
1657,1556,1719,2
1043,1364,888,3
1567,440,1732,3
1434,1316,1666,2
1692,420,418,1
821,517,1771,2
26,1668,129,2
884,1718,116,2
1274,1679,955,1
422,469,1172,3
627,882,1244,2
525,61,1640,1
894,1167,1844,3
382,1334,924,2
64,680,741,2
1245,1050,260,1
113,390,1452,1
1290,411,755,3
244,167,1471,1
349,725,1585,3
1174,1252,765,2
1299,1616,426,2
672,1326,199,3
547,32,1131,3
1406,259,1487,1
1755,886,155,1
789,1355,605,2
995,818,389,3
276,1451,977,3
1221,822,1291,2
1734,961,649,3
1040,992,616,1
1584,28,584,3
663,1721,31,2
1043,1324,1011,1
1810,329,354,3
750,375,1660,3
762,481,1820,1
1434,1503,1457,3
1332,1224,1810,2
1536,992,509,3
386,545,1197,1
314,861,435,3
1323,460,1438,3
139,931,43,1
165,311,1839,2
856,1373,1152,1
1225,1637,1664,3
1723,83,1775,3
203,161,141,1
1225,1373,275,3
12,943,1711,1
1227,1204,1473,3
105,913,307,1
827,1189,34,3
1741,1703,1102,2
1663,1621,1647,2
1419,939,1368,3
1736,580,619,3
513,1153,770,2
1805,703,1567,1
475,1248,63,1
1812,328,683,3
962,284,432,3
292,986,1586,1
1004,1210,694,3
1093,540,1037,3
144,1364,40,1
1698,353,1607,2
665,934,320,1
1248,677,232,1
1591,213,1423,2
207,368,1573,3
997,1221,1009,1
1408,682,1159,2
1305,1202,1664,3
1156,334,939,3
1035,1583,1343,2
1358,1142,1077,2
1325,357,515,3
671,889,1128,2
1008,1724,1078,2
736,473,980,3
619,572,410,2
90,651,1631,3
232,183,724,2
695,1087,112,2
1189,37,1431,3
1421,237,1280,3
1006,1077,1192,1
937,153,705,3
899,634,1185,1
858,1736,1385,3
1369,148,995,3
1445,844,1669,2
183,448,1132,3
578,876,932,3
724,1845,822,1
294,624,994,2
616,889,135,1
407,300,1255,2
157,1659,1362,3
920,529,791,3
1242,782,29,2
480,526,113,1
679,1704,1794,3
1821,1519,1281,3
1484,1074,1301,3
870,904,1238,2
1002,677,1020,3
701,708,1305,1
1141,1796,1246,3
832,165,1488,2
311,1805,1409,2
1254,156,254,2
1591,776,1096,2
530,1193,738,2
369,677,1203,2
710,881,661,1
1710,1128,1754,3
348,1553,1749,3
798,409,1700,2
724,1416,707,3
821,1829,1459,2
49,482,953,1
1316,1029,652,1
584,203,1167,2
1776,146,1097,3
885,1307,1453,3
638,1401,1098,2
848,224,440,2
325,1707,1378,1
1704,850,1635,3
260,1747,693,1
1356,1399,1726,1
311,893,1302,2
1232,799,678,3
484,1135,863,1
83,777,1753,1
47,868,1356,1
1349,1775,446,2
1099,49,1289,1
360,1379,1405,3
193,177,1598,1
1680,1004,573,2
296,1191,1753,3
1842,1258,940,2
1322,398,1628,1
453,500,586,2
1480,1109,915,1
254,765,1180,2
1418,341,1811,3
78,1587,52,3
666,424,1693,3
794,395,579,3
743,942,687,2
1487,774,522,1
253,557,915,1
1582,850,983,2
1628,1365,598,3
137,225,825,3
1275,1426,619,2
1262,1165,505,1
1189,334,6,1
441,1333,1339,1
693,1651,798,2
988,34,1819,3
161,154,991,3
1268,157,615,3
365,463,160,1
85,1120,593,2
167,688,877,1
981,1647,1684,1
493,265,1789,2
1648,1207,33,1
1622,486,1344,1
859,1675,743,1
1035,107,1445,3
1663,1069,490,2
1280,601,1372,3
738,863,1012,2
1633,1596,308,1
1628,1510,656,1
1494,1077,1019,3
1001,1707,646,3
105,1396,1547,3
1339,1422,161,1
278,1842,1158,2
726,1434,125,1
466,931,75,1
920,221,776,2
619,1095,593,1
253,291,1751,1
1224,156,1377,2
91,877,337,1
528,1601,1512,2
1477,940,1497,3
1174,1773,928,3
304,1735,1638,2
1745,782,1062,2
492,141,617,3
1169,350,301,3
1425,412,346,1
1258,195,492,1
1322,1042,815,3
1108,1093,205,1
575,114,1570,1
254,666,1648,1
662,1023,550,2
1094,1669,1377,1
1364,497,1187,3
1281,406,1516,2
139,1748,682,2
1304,818,1079,1
1583,397,1216,3
276,691,1199,3
693,1151,1748,2
403,1685,1592,3
1066,1189,1094,2
1079,677,1016,1
1416,1716,820,3
1488,737,1093,3
698,800,1,3
45,1127,1002,1
1156,1832,734,3
1631,1528,1614,2
288,946,1853,3
1286,659,657,2
1626,629,1149,2
1661,1556,138,3
1032,38,1437,1
305,466,1657,3
725,196,267,3
1325,1287,476,1
492,1126,1833,2
1838,243,194,1
290,903,1544,1
1451,1018,265,3
1839,1227,1251,2
18,725,554,3
1101,1107,1067,2
1192,200,344,2
366,1723,1762,2
982,932,1080,3
1578,571,918,3
17,1372,1569,3
1067,890,994,2
1200,1020,721,1
951,1326,309,2
166,1398,1665,1
1270,1066,1680,3
1448,793,517,1
1370,1094,1745,1
974,1278,1282,1
1225,1756,518,3
249,1437,1810,3
733,1063,30,2
1213,1654,381,2
268,1818,1035,2
1747,1816,1406,1
592,1734,1006,2
1373,1487,1252,2
880,673,770,1
131,63,1684,2
1071,290,1718,3
313,233,1346,2
246,408,94,1
1407,38,188,3
244,1189,1230,3
663,1246,196,2
1282,1583,1394,3
1272,1032,131,2
49,478,529,1
1569,1162,1786,3
1200,92,600,3
1542,898,532,1
1631,1007,1447,3
563,112,1203,2
471,507,1268,3
828,1051,975,3
814,747,1013,3
1788,68,902,2
1242,303,1052,3
1164,1284,359,2
1116,1321,1657,3
1825,1172,418,2
1387,1779,1057,3
265,496,510,2
454,1377,1030,3
206,1593,762,2
537,196,397,2
1200,792,1529,3
547,1734,802,3
622,192,1338,1
1615,1295,134,3
627,891,1180,3
962,1361,1152,3
1692,76,304,2
1178,1792,1113,2
1022,1314,1263,2
1105,1656,1072,1
1386,63,1796,1
1028,471,1512,1
1248,691,17,3
963,723,890,1
1749,769,1391,2
927,1263,24,1
757,1451,1343,1
1350,1744,957,1
1047,1520,1591,1
338,981,1254,2
1202,1835,5,2
105,239,1035,2
1593,1329,1216,1
944,1823,307,3
877,1009,301,1
541,1291,1355,3
804,1016,709,2
1249,148,1225,1
1237,394,70,3
169,277,1027,3
897,1575,1540,2
1853,1730,309,2
1169,548,927,3
514,1056,888,1
1196,1368,861,1
749,70,1350,1
1566,1070,171,2
1757,345,84,2
1278,612,255,3
1136,1072,767,1
1000,141,199,3
453,652,281,1
961,154,1026,1
749,1402,1805,2
1818,399,25,3
1591,1635,1642,2
677,379,240,1
850,308,1180,3
695,664,957,1
1587,1196,413,3
1507,414,938,1
637,474,458,2
837,545,1698,2
512,489,1661,1
1364,1690,1842,1
716,1543,1339,3
68,699,626,2
1760,1393,374,3
567,12,711,2
9,1225,251,3
1336,677,1751,2
632,417,1327,3
1116,1679,97,3
566,1846,404,2
1737,1489,1778,2
1136,1040,1629,2
310,1077,1569,3
1251,1150,160,2
1230,1165,1170,3
564,734,197,3
636,1158,611,2
996,221,866,1
1737,999,1502,1
478,916,383,2
1733,635,618,1
506,1686,1464,2
1786,755,990,2
893,1631,1727,2
951,1739,58,1
252,531,997,1
781,975,837,2
970,1484,1674,1
1137,1288,645,1
468,667,1107,1
1293,78,393,1
973,1798,997,2
1412,1666,933,2
1597,1402,844,2
131,572,621,3
1128,347,769,3
1454,595,1289,1
989,428,153,2
1778,704,165,1
1516,775,467,2
313,910,1315,3
123,1033,905,3
1408,272,458,3
436,1643,1078,1
1002,77,572,3
444,1609,728,2
1846,1370,1689,2
1423,1791,210,1
1027,965,1271,3
155,1075,640,2
1007,704,1017,1
1719,1364,1392,1
1092,985,206,1
1025,801,1479,1
1828,713,510,2
259,436,339,3
1158,688,1204,2
271,6,1591,1
1523,715,461,2
1736,158,1484,3
1140,340,14,2
745,1437,1289,3
1533,91,465,3
1597,458,765,2
987,492,1781,3
198,1527,564,2
988,9,1646,3
447,1427,1362,2
693,1481,57,2
1472,230,1539,3
1584,145,531,2
753,759,929,1
1340,142,986,2
1000,1126,435,3
1359,1591,481,1
1230,1662,1437,1
1549,1685,823,3
1358,985,499,1
481,552,97,1
130,1801,832,2
987,1038,1440,2
752,630,830,3
600,445,508,1
731,1408,546,2
615,319,446,3
143,1024,483,3
860,1274,166,1
1353,1181,279,1
916,780,1589,2
1262,523,1776,1
1544,531,919,3
1822,240,1362,2
1638,1775,1139,1
1149,584,871,2
1772,253,1514,2
1397,860,802,3
381,845,1040,2
871,947,743,3
477,530,1158,1
874,1100,918,3
8,1720,261,1
720,836,1373,2
1851,1455,1146,1
567,1616,595,1
932,1768,1107,3
1281,1320,1054,1
1228,1118,725,3
405,1275,1744,2
1593,1178,1306,3
49,1820,63,1
726,1659,1614,2
389,1446,1270,2
1713,275,1123,2
19,933,1010,1
1418,362,566,2
1055,580,161,1
1107,1098,1853,1
1035,201,109,1
620,1593,1314,3
720,1024,570,1
194,648,894,2
164,606,782,2
333,135,689,3
637,7,746,1
1104,769,1091,3
295,1045,1495,2
100,486,418,2
1287,272,1260,3
511,1606,1798,1
1409,617,711,2
1203,575,542,1
1609,88,1655,2
358,548,59,2
731,1400,1835,1
852,736,1024,2
1698,248,364,2
1134,865,780,1
884,984,917,1
824,1588,1320,3
595,606,1137,2
11,758,886,3
986,65,1267,1
1689,418,871,3
485,1568,976,1
150,1681,1409,3
1667,1184,1758,2
793,140,843,2
479,1808,582,1
366,1445,250,1
1833,286,1337,3
942,1314,1779,3
1721,279,160,3
1143,1502,1302,3
1682,783,597,3
706,1700,1843,1
1147,402,131,3
714,1528,1745,1
1051,1516,487,2
801,443,1311,2
373,265,1265,1
166,1310,1064,1
514,1637,222,1
629,528,562,1
1451,1203,372,2
1287,1578,324,3
1781,1818,1715,3
1672,124,1297,1
934,1742,1204,2
1591,1421,876,2
1850,79,1124,3
1534,998,1418,1
1373,1477,1677,2
66,1243,223,2
712,634,688,2
1651,1362,884,1
218,166,1295,3
470,906,633,1
620,354,1351,2
1853,606,1264,2
1127,1427,866,2
243,439,1325,2
1588,1787,1754,2
824,87,1174,3
1580,1565,1162,1
971,1527,305,3
352,1139,541,2
119,808,828,3
1216,1208,1602,1
1516,1008,235,3
377,548,97,1
1684,978,1521,2
1193,603,732,1
1348,1586,195,3
1550,1497,420,1
1519,896,938,3
1549,477,1452,2
666,562,1155,3
892,65,22,2
596,700,622,1
1565,280,1183,3
1300,918,913,2
1847,525,527,2
1650,1360,1542,3
176,1679,1374,1
1406,1417,212,3
1219,618,1172,2
397,1149,220,3
1828,595,612,2
826,229,61,3
851,1383,1344,2
1737,433,363,2
1642,1524,1600,2
1363,1441,113,1
1362,754,462,2
1833,1635,632,2
1397,464,328,1
1023,1775,1240,1
486,1734,888,2
1116,1357,849,3
1754,1381,760,3
272,96,1412,2
1004,1357,451,2
180,419,922,3
675,963,1070,2
603,716,1231,3
1804,451,1132,1
1252,732,813,3
1800,262,1627,3
1531,1622,305,1
1026,1693,93,2
484,1831,1664,3
1511,1821,460,1
828,794,469,2
512,74,1401,3
732,1155,1350,2
858,641,656,3
149,816,1570,2
1074,87,895,2
909,529,51,3
1769,1771,166,1
720,1449,1181,2
533,837,999,1
1300,1568,1013,2
1837,873,966,3
160,225,1710,3
1007,638,1610,3
986,1038,1135,1
1321,1062,705,1
737,660,1429,3
453,544,1349,1
1594,1254,74,2
799,1583,1754,1
204,990,326,1
1328,1058,1309,1
146,418,1268,1
888,1607,957,3
906,927,902,2
7,1833,681,2
760,654,715,3
384,18,566,1
40,1209,1670,2
1277,406,1663,2
1258,220,1067,3
760,1112,586,3
725,1474,708,1
2,1726,1019,1
769,178,176,3
519,1037,189,2
667,1496,1,2
105,1364,1263,1
1708,802,758,2
324,870,100,2
905,1288,796,3
1767,661,1598,3
982,31,537,1
137,986,23,3
35,827,1051,3
220,1585,712,1
1738,9,144,2
585,1512,1252,2
1230,94,347,1
1111,594,1845,1
1411,564,931,3
1725,1253,1432,2
1194,167,529,3
1682,958,1425,1
795,1112,998,3
1049,1067,538,1
895,1587,1500,3
31,962,35,2
858,1291,106,1
611,1218,441,3
32,1316,1520,3
1099,358,1365,2
631,1070,1800,2
14,273,670,3
449,246,1508,2
1485,366,1629,1
113,581,547,2
547,1176,1369,3
188,370,593,3
199,1234,305,2
380,1056,1718,2
820,1719,1769,3
433,594,1396,3
1164,1734,1272,3
1100,142,1097,1
1128,447,287,1
266,306,1376,3
1844,377,665,1
714,1226,1737,1
1711,656,1457,2
954,165,982,3
1347,947,285,3
489,1450,1557,3
252,1009,1229,3
1126,1032,582,1
1365,1722,900,2
1071,1783,435,2
1136,49,100,1
744,1092,476,3
1253,1148,519,3
739,974,491,2
128,1064,824,3
1693,1748,763,1
535,1546,491,2
1216,7,1839,3
338,476,245,1
1485,1254,435,3
1173,1007,763,2
1581,853,151,2
1461,905,1061,3
505,1449,1476,3
338,1523,312,1
1569,124,96,1
250,82,1497,2
701,1098,1261,3
1820,832,423,2
1387,508,1331,1
1713,1266,1124,3
988,609,1084,3
670,905,975,1
337,1232,332,1
1383,1771,342,2
460,1031,412,2
526,467,1500,2
1221,1343,429,2
1360,1337,1635,2
543,1261,1238,1
970,2,173,1
1268,1421,1853,3
1174,629,1315,2
1323,1833,68,1
1328,1810,428,3
673,482,828,1
1018,1609,178,1
1637,230,731,3
449,1073,202,1
466,139,1803,1
1488,923,9,2
625,805,45,3
62,829,1415,3
1760,1738,99,3
150,542,818,2
971,51,1733,3
131,233,611,3
428,573,1358,1
486,1512,244,1
840,949,66,2
516,552,1213,3
1034,1820,157,3
1150,198,1096,3
592,770,1178,3
343,5,39,2
1355,657,1134,1
1235,422,526,3
1109,82,1449,3
527,486,575,2
1226,1370,968,1
1135,1564,1538,1
1341,1238,984,2
1759,292,300,2
751,244,670,2
1464,812,974,2
541,1838,558,2
519,1125,1053,2
680,22,842,1
711,874,751,1
128,1043,260,3
198,555,851,2
245,786,1192,1
781,842,844,3
437,1334,169,3
1477,87,993,2
1783,1069,556,3
1001,981,62,2
1632,629,552,1
1237,1376,1196,2
522,50,1204,2
461,1466,604,2
178,1559,1225,3
127,915,1728,1
995,1299,413,1
1753,268,432,3
375,884,268,1
998,1752,1423,2
861,613,134,2
942,229,1413,2
1676,1058,185,2
886,1666,693,2
1142,1539,755,3
1402,758,1277,1
582,234,496,2
817,100,860,2
33,10,394,1
1647,851,433,1
1122,740,589,1
1851,630,966,2
442,315,458,1
662,794,1844,3
1463,1562,251,3
277,839,612,3
522,788,232,3
1555,20,1688,2
349,1380,1843,2
538,1687,1315,3
878,965,1795,1
1738,1274,178,1
1067,1227,1845,3
53,1609,1680,3
1478,877,850,2
661,694,1606,1
176,909,23,2
673,796,599,2
1258,1389,784,3
357,1851,1739,3
1081,1165,74,1
1457,685,1033,1
277,1562,1808,3
861,1834,1037,3
682,1276,1251,1
191,1272,48,1
515,320,815,3
1406,993,1821,3
774,1160,1337,1
271,1516,1509,2
726,302,493,2
531,362,1389,2
1245,1826,1298,1
498,20,659,3
1313,1043,1068,2
825,326,798,2
1192,782,317,1
365,900,792,2
1409,140,820,2
481,1569,544,1
935,1353,1018,3
881,350,49,2
1585,223,949,1
1688,314,339,3
922,818,338,1
141,357,1478,2
571,1532,424,2
460,406,1504,2
1678,169,727,3
786,1075,940,1
626,1482,291,2
1567,1761,841,2
376,1693,1648,1
256,1233,422,2
1736,688,561,1
2,682,1055,2
1536,603,1421,2
1611,206,211,2
425,1612,613,2
1362,1052,663,2
995,491,1464,2
146,649,1116,2
1018,65,1189,1
297,1823,1758,2
403,112,240,2
1786,895,737,2
1266,875,1307,2
1845,618,1094,2
1049,586,724,1
1152,1474,751,1
343,189,860,1
326,70,388,3
116,1298,1523,3
850,1645,1356,1
1623,1516,1106,1
754,1754,693,2
464,913,369,3
85,728,1248,2
262,832,1376,3
1782,246,592,3
642,1315,587,1
1642,291,1023,3
236,1190,1530,2
566,861,1513,2
1143,1103,1736,2
709,631,1721,3
1484,77,704,3
1792,1592,1725,3
99,700,639,2
616,534,852,2
852,1292,148,1
1269,139,366,1
1691,380,1331,2
336,1653,1603,2
1626,1809,374,2
481,1022,1387,3
258,686,1190,1
103,1629,239,2
229,358,720,2
448,1085,1410,1
1184,1306,381,1
845,982,259,1
1070,398,1606,2
666,1074,799,3
1328,1542,1294,2
986,1111,822,2
1445,1469,157,2
1437,41,91,2
1349,1068,528,1
1297,5,1405,3
542,340,137,1
762,1142,406,1
1712,1788,535,3
1304,1509,616,3
85,1068,1733,3
963,1183,889,1
42,1026,1470,2
1701,1089,97,3
799,608,1297,3
1333,1336,27,3
1018,978,671,3
372,1311,911,1
1103,442,1844,1
464,1657,1316,3
1442,1101,106,2
1760,694,933,2
528,1669,1370,2
543,856,1408,3
1264,641,1408,1
642,1475,1790,3
432,1537,1392,2
1707,12,1843,2
939,1100,1109,1
321,645,1846,1
130,1373,963,3
212,1213,914,2
287,593,1725,3
1296,1753,404,1
608,1165,1506,3
940,1633,654,2
460,884,1113,2
1126,934,248,2
1641,1265,1036,1
906,160,148,2
734,474,775,3
382,70,132,2
346,549,250,1
1504,389,392,3
1045,1673,4,1
1635,460,1115,2
1378,1662,1479,1
1450,213,757,3
1808,518,412,1
1140,394,820,3
476,1190,951,2
1661,1320,1582,3
1402,540,584,1
469,1444,1275,1
1203,1597,588,2
694,1391,1495,2
596,987,745,2
879,1116,1367,1
492,717,1528,2
1379,803,1142,2
623,1270,344,3
1356,159,625,2
1047,49,1707,2
992,306,819,1
1720,1735,1737,3
624,314,1139,2
1740,520,1831,2
1619,121,1452,2
1268,198,1721,2
10,254,673,2
87,426,685,1
824,1147,528,2
1797,423,485,3
521,224,16,1
532,713,349,1
1734,832,6,1
34,31,104,1
659,1673,144,3
631,408,1365,2
197,454,1248,1
1594,361,673,1
1101,854,44,3
479,1019,542,1
315,1650,412,1
1235,1522,1651,1
441,49,357,2
1813,412,1349,3
568,17,1260,1
53,1176,273,1
148,1831,113,2
759,492,1777,2
1640,1567,1098,1
1720,257,1550,2
191,1061,253,2
528,19,470,2
860,637,466,1
449,893,167,3
50,228,570,3
370,237,311,2
227,1128,827,3
59,245,723,3
78,1680,1417,3
1011,77,840,1
16,574,133,2
1486,1066,188,2
153,436,1394,3
701,443,1148,2
1237,1283,1103,2
180,1164,1429,3
763,1557,1772,2
1230,909,31,3
1144,409,819,3
859,863,505,1
1678,1028,970,3
649,714,597,1
684,1586,752,3
646,128,229,2
1085,1332,384,3
1392,1651,413,3
1154,471,288,3
1520,613,517,3
1674,1664,994,3
1067,211,351,1
1656,1220,303,3
1050,1702,402,2
59,1217,1732,3
1263,1110,1429,1
1594,1688,84,2
742,1726,91,3
264,528,24,1
755,1010,106,1
1015,1127,1575,2
593,805,264,1
1828,1152,833,2
1559,1455,100,3
1792,127,394,3
1608,1685,1122,3
1231,1399,404,2
1772,654,402,2
1842,1692,805,3
207,1523,1853,1
1408,1551,346,3
177,811,560,2
1622,1838,1258,2
540,388,236,3
1031,1523,1500,2
1078,370,497,2
1844,765,1808,2
152,1197,764,1
933,1046,1140,1
98,822,1039,2
779,552,1575,2
378,943,1328,1
375,974,503,3
695,1653,1527,3
1516,1136,298,1
989,764,554,2
1178,849,521,2
1658,225,112,1
1087,1749,318,3
1611,780,1060,1
1471,1448,1795,1
1312,802,238,1
198,147,1430,2
727,66,945,3
1046,1691,1732,2
553,122,1152,1
1781,115,424,2
1758,545,1595,3
1175,1321,212,3
492,825,198,2
768,1000,798,2
1209,1657,561,2
1757,582,590,3
889,553,1709,2
1685,599,1811,3
1725,124,229,1
1382,224,368,2
326,581,1737,2
1095,31,1388,2
1422,772,1725,3
1461,1200,13,2
1788,706,1278,3
622,1002,1000,2
355,600,310,1
1852,1752,412,1
908,1018,1544,3
1113,643,416,3
676,688,433,1
1234,1360,747,2
431,617,1820,3
774,1346,1135,1
1466,36,604,1
1214,1312,1151,1
1330,895,1361,2
584,295,1496,2
512,1309,416,3
1777,514,264,1
1249,728,35,2
862,287,279,1
1450,572,601,3
242,926,381,1
1569,1552,753,3
611,956,200,2
152,862,889,2
1834,1265,1286,2
1692,1051,1113,1
1359,7,172,1
771,668,1684,1
1558,1706,482,2
56,52,731,1
618,300,1807,1
512,1057,816,1
253,1144,622,3
342,1517,1367,2
211,101,880,2
1594,1438,234,1
50,548,748,1
321,1777,1337,1
1295,77,1835,3
1160,1397,70,3
1108,1354,1376,1
161,256,1408,2
11,1092,512,2
284,1655,1086,3
511,1631,1282,2
365,1650,1840,1
645,1755,245,3
820,445,856,2
1759,1703,12,3
495,698,191,3
435,977,1233,3
102,228,1330,2
1302,385,445,1
651,376,276,2
49,509,790,2
1352,770,1326,1
255,572,35,3
466,1365,364,2
1297,1537,18,1
1622,567,1442,3
730,854,1600,2
1204,1652,856,2
1333,1717,1177,2
1786,1450,346,1
380,254,1134,2
874,95,778,1
1255,997,1645,2
1799,767,1669,1
741,518,1700,1
1628,471,80,3
1811,1130,1556,3
1408,63,1240,3
343,868,655,2
1537,738,1256,3
254,1271,500,3
1766,767,46,3
1236,1123,1565,3
551,1848,1750,1
476,492,80,3
296,1216,572,1
1084,1757,318,3
1082,462,1145,2
1231,894,927,3
1410,1285,557,1
67,1171,538,1
704,78,431,2
198,43,56,2
1793,1611,424,3
364,437,475,1
33,1416,1739,1
868,818,1134,2
1622,1107,894,1
1708,842,161,1
662,688,123,3
427,124,725,1
1586,505,1505,2
732,1162,1106,3
223,1362,535,2
1769,1191,701,2
1605,253,526,1
1155,1528,480,2
566,677,32,1
1442,839,270,2
211,1483,1025,2
247,1430,241,2
1620,140,1362,1
843,669,662,1
1297,1626,100,3
1538,1342,749,3
1627,1806,1073,1
1405,861,464,3
1442,986,336,3
1009,1674,208,2
454,1806,726,3
810,291,655,3
1461,1471,260,1
1147,1008,1179,3
1556,809,1500,1
129,648,1759,2
1571,539,497,2
889,908,146,1
1169,1829,1176,2
927,315,646,1
259,1650,370,2
1081,837,507,1
867,780,230,1
997,746,974,3
47,1614,758,2
17,1224,154,2
1139,837,928,2
1139,1116,884,3
1141,412,1359,3
504,410,1146,3
189,1488,1057,3
1630,273,1384,2
990,485,1373,2
1152,1691,60,3
1767,338,1218,3
1493,1241,1159,3
815,780,1299,2
1070,636,1091,1
1707,924,1321,2
1079,61,717,3
52,606,193,1
1740,327,18,2
1323,1467,1798,2
1163,236,576,1
1343,258,552,3
971,1562,595,1
1708,432,1433,3
1812,496,948,1
1648,1543,1554,3
1319,889,166,2
2,129,522,2
102,1277,170,1
1449,1718,403,3
1487,499,1184,3
335,1701,328,2
1417,694,1087,2
1358,56,817,3
1328,1353,319,3
415,29,437,2
20,817,1722,2
973,1152,281,3
1396,80,535,1
721,742,1146,3
1069,604,1090,3
1826,274,217,2
594,639,223,2
564,1177,1383,3
1822,600,1854,3
1435,691,270,2
1589,1530,1069,2
1049,472,986,2
206,1667,1661,2
1696,1254,1195,1
1054,418,1561,2
1097,172,160,1
673,266,27,3
1590,481,678,2
1663,869,1618,1
303,876,1534,1
1450,1576,580,1
1513,526,1429,2
565,658,380,3
180,1272,1651,3
1046,1788,123,1
677,1298,1726,3
461,79,1322,3
1045,1161,576,2
1610,619,1416,2
1768,1831,1757,2
552,1556,1287,3
842,1616,603,2
312,805,508,3
1228,235,1542,3
1099,564,428,3
913,1488,23,1
441,1635,92,1
1497,439,1239,3
1387,483,1031,2
1726,575,1118,1
236,680,221,1
1100,341,331,2
764,173,594,3
1061,1234,1039,2
1620,172,224,3
1061,222,475,2
1051,395,1014,2
557,809,1203,1
730,489,1438,2
660,1384,387,2
1477,1056,1503,3
1200,1579,517,3
1606,1,221,2
860,88,261,3
677,984,215,2
176,88,1085,1
1397,1025,1169,1
1516,1668,555,2
621,1736,154,3
1046,1708,382,1
1838,313,659,1
1672,485,52,3
376,1645,752,3
808,292,1577,2
1545,896,1674,2
729,1064,288,1
933,94,13,1
19,38,522,2
811,1733,927,2
1190,239,1499,1
1220,1234,1827,2
1696,204,1362,1
530,1176,774,3
213,1319,1103,2
1827,1728,872,2
1622,844,115,1
496,1646,222,3
306,1031,1337,2
1483,1737,77,2
431,1730,1153,1
263,1123,383,2
1372,329,382,1
1088,977,150,1
1031,26,209,3
437,1815,1501,2
653,1258,244,3
980,283,245,3
796,1109,768,1
165,273,1561,3
1552,1847,942,2
458,727,28,3
9,531,694,3
978,1412,1444,1
508,958,744,2
864,1118,173,1
1795,789,900,3
364,245,1552,1
1563,844,708,3
72,179,500,1
1788,1511,561,2
1853,609,1582,2
803,1079,1571,1
187,615,868,3
258,662,1122,2
1191,583,1346,3
280,288,220,2
243,407,263,1
339,1441,878,3
1800,959,1234,3
771,1554,1736,2
7,1095,727,3
1499,1442,1091,1
1580,1291,958,2
1101,944,512,2
977,564,479,2
1305,378,568,3
1307,1603,1118,1
671,802,570,3
1578,228,1615,2
34,965,748,3
1544,460,1419,3
22,1163,718,3
513,710,1781,3
1712,1209,435,3
1205,261,1343,3
488,610,554,3
41,1491,1726,3
1361,1740,1128,2
170,1151,152,3
1675,748,1571,3
817,734,172,2
1817,1048,1266,3
547,1466,696,3
50,983,1316,2
240,1556,1724,1
433,438,1042,2
587,1095,1648,2
924,827,1276,1
866,266,1284,1
906,998,739,3
652,1749,224,2
301,163,1106,3
347,1114,754,2
472,1807,1195,1
1351,1074,54,3
1081,1298,451,1
1303,861,692,2
1851,353,282,2
1436,702,58,1
1787,978,1190,3
1506,481,458,2
1184,1027,1057,2
743,830,1322,2
948,695,1324,2
916,921,672,3
1517,1146,381,1
609,637,632,3
69,1714,1641,3
1460,1014,1184,3
756,128,1422,2
1510,852,683,1
933,687,636,1
394,415,1213,3
188,1087,939,3
1366,579,187,1
1585,869,1843,3
335,735,1201,1
109,880,1084,1
91,947,885,1
3,301,886,3
848,564,659,3
715,612,41,3
1697,1214,1400,1
1056,693,1359,3
660,400,1633,3
278,950,1848,3
435,1575,1505,2
1823,263,782,3
308,974,1669,3
1731,1679,690,3
1522,1706,1118,3
1803,1,46,1
370,528,938,3
1239,692,1684,1
1219,959,325,2
666,1501,1197,2
1183,687,772,3
1359,1670,127,2
977,1799,583,1
393,950,910,3
1127,1635,377,3
408,664,1281,3
1514,120,1415,1
64,810,1170,1
1314,1180,1381,3
507,1744,546,1
821,1479,1781,3
1075,111,251,2
1773,1819,1585,3
401,1476,1051,3
1825,232,1758,1
1717,728,145,3
1095,1736,1367,1
839,291,905,2
1502,883,1377,3
1831,850,183,3
1849,231,1848,1
974,774,891,2
1758,1710,1729,2
204,13,1308,1
1331,260,482,1
1332,1026,435,3
821,1449,1047,3
728,1186,553,1
14,962,640,3
858,1245,1626,2
1766,1624,1324,3
1689,1462,22,1
690,1706,830,1
426,232,146,2
72,629,1252,2
856,643,1791,2
826,641,467,1
575,110,1776,2
511,1638,1323,1
1781,895,1440,3
1274,774,865,3
1829,149,1469,3
1801,542,1589,2
1381,900,1212,2
641,866,1719,2
993,1073,1761,1
920,773,1836,2
1280,218,942,1
316,357,1065,3
1543,318,591,3
1298,1493,686,2
401,63,409,2
1212,1257,1091,1
392,1456,1207,1
669,319,1150,3
885,877,1583,1
1178,1724,585,2
1016,512,525,1
777,1135,1121,1
383,311,1239,3
595,452,547,2
676,1660,1681,3
660,81,57,2
1306,324,1625,2
238,1678,1093,2
561,1335,1564,2
1004,1560,472,3
1472,1570,1377,1
58,1653,1730,2
1340,47,1504,1
191,1020,1322,1
142,1601,1471,1
1694,1311,765,1
188,1598,381,2
320,509,692,2
19,1460,225,2
1580,1268,193,1
1456,814,302,2
179,1672,466,2
948,269,272,1
1112,1143,718,2
630,1352,1377,2
648,1083,1663,2
431,415,123,1
189,1722,1003,3
1468,1528,1623,1
190,204,1375,2
1842,1395,1650,2
919,493,1332,3
1305,12,1366,2
848,936,132,2
1119,1225,1021,1
887,799,990,2
252,498,196,1
511,1027,1093,1
324,526,1241,3
820,225,1610,3
647,919,860,1
1044,1075,942,2
1111,301,824,3
1089,1562,788,2
134,297,1676,2
1759,337,1652,1
1569,866,1769,2
1113,1510,170,3
258,1418,545,2
1512,1696,337,3
471,114,578,2
1218,436,1184,1
631,1191,1393,2
1337,877,894,2
1704,438,1106,2
603,1330,951,3
1521,967,1206,3
1651,294,79,3
756,1111,1591,2
202,1632,29,3
1211,1008,1542,1
1394,1160,554,3
1848,480,1744,2
1229,535,1780,3
1218,1226,262,1
425,1247,1355,3
663,970,129,3
217,658,839,3
653,1608,631,1
207,200,1581,1
1810,738,782,3
1267,690,47,3
1606,194,201,2
1222,364,263,1
119,342,767,2
1278,1210,942,1
140,1751,1083,1
695,932,497,1
1399,373,1535,2
1606,902,1752,3
233,1089,890,2
1063,201,414,3
511,1568,594,3
1270,799,583,2
169,665,1508,2
494,439,377,2
601,1004,1186,1
1749,289,392,3
302,1399,78,2
1237,634,112,2
1438,1530,1535,2
1394,1419,1601,3
500,194,1435,2
1003,1045,54,3
1326,463,239,3
95,5,1798,3
998,1284,1316,3
1088,1309,999,3
175,969,1138,3
1691,599,1748,1
325,1509,150,1
1800,1827,858,2
982,607,520,3
1035,768,1169,3
1732,503,1451,1
629,90,327,2
19,1003,375,1
856,361,1767,2
365,492,268,1
1186,125,1723,3
1243,1036,995,1
889,281,272,1
1354,978,452,3
859,434,819,3
1175,594,1494,1
60,1448,971,2
1656,576,1070,3
1607,270,1665,3
1204,112,306,2
1508,257,129,3
1183,1347,473,2
895,1737,1421,2
1753,590,342,1
949,160,183,1
1849,729,14,2
113,854,1499,1
1483,649,73,3
1357,1316,851,3
88,1630,1571,2
1202,665,1538,1
1438,1080,926,2
1412,1525,1018,3
1079,1240,473,3
1404,1046,926,1
1747,871,586,3
1100,1518,1596,1
795,824,240,3
1448,46,681,1
875,1055,635,3
940,964,170,2
941,1771,909,2
698,1456,463,1
774,753,485,1
1716,1012,1664,1
1250,1658,1381,1
846,686,890,1
1030,205,1439,1
685,1347,1425,3
721,1192,902,3
84,1570,117,3
1151,437,1854,2
24,830,1036,3
1304,1064,119,2
712,238,1382,3
316,1342,374,1
1450,1694,1625,2
1208,1821,586,1
250,468,436,1
98,830,782,3
1711,1043,1641,2
1656,227,1388,3
1617,1117,1772,1
622,1613,886,3
598,438,1732,2
1661,832,479,2
1021,1538,136,2
1580,986,1718,2
539,397,687,1
1587,691,200,3
1272,143,1236,3
1091,1612,1044,2
1787,1783,1142,2
1809,766,1149,3
1764,1823,1619,3
1264,1331,1087,3
1121,1389,1345,2
1395,1592,1240,2
1546,1040,413,2
291,1234,536,3
835,434,732,3
810,1537,198,3
767,519,751,2
1307,1186,363,1
1073,151,1322,3
662,498,333,3
85,797,859,2
1792,1398,1269,2
241,40,228,1
1046,320,1594,1
898,830,67,1
1631,219,1580,3
561,1170,515,3
1372,1377,878,3
101,1302,889,1
1507,990,1120,1
69,273,852,1
1810,354,427,3
27,1024,1120,3
1189,1529,1448,3
378,747,613,2
837,1143,842,2
114,734,1372,2
1113,882,1194,1
388,1005,227,2
1205,1749,538,3
1730,1761,538,3
1036,1819,522,2
1716,1789,1292,2
1037,853,1547,1
47,678,1226,1
1777,1287,176,2
265,530,690,3
589,674,899,1
1151,1413,560,1
1086,1627,1483,3
170,767,582,3
156,734,1173,2
1179,38,1768,2
1058,1162,856,1
1466,900,708,2
900,452,391,2
598,470,1532,1
1401,345,1843,1
1580,992,1278,1
694,427,769,3
509,1473,273,2
421,235,1385,3
1351,204,1792,3
285,1458,586,3
122,533,508,3
875,1806,906,2
479,432,889,3
272,712,1429,2
812,37,1800,2
1123,272,1679,1
382,1686,937,2
119,1776,204,3
1765,1011,650,1
1273,1384,243,3
797,1552,251,1
218,1662,783,2
118,1670,1378,1
1639,1534,1568,1
1419,1762,1088,3
158,1461,1125,3
1013,398,1272,2
397,499,230,1
762,446,1457,3
383,1378,85,3
815,677,385,2
1246,1797,813,2
524,1807,670,3
1568,685,911,1
1071,414,1555,1
1244,315,254,1
1784,771,346,3
1783,1315,1536,1
7,428,1218,2
1254,1667,1330,1
651,489,813,2
1825,1163,540,1
378,219,1831,2
66,1374,1387,1
1627,1227,541,3
1305,1505,988,1
1212,1230,1120,1
248,1630,261,2
1106,232,1015,2
1664,559,1043,2
333,930,510,3
1557,902,889,2
892,577,590,1
875,640,991,3
1166,1799,1495,3
503,670,1168,1
1279,1677,500,1
1407,1510,640,2
288,314,1151,1
1830,1238,1293,3
722,47,1066,2
289,663,391,1
32,1173,509,2
1730,1794,55,3
14,233,517,2
960,929,102,1
1609,1048,516,1
1430,1272,1404,1
721,1617,1410,2
1241,1704,173,3
943,1095,1096,3
63,648,222,2
1024,55,345,3
381,1141,35,1
963,298,1242,2
1615,1007,451,2
866,1519,920,1
1559,1293,234,2
1490,374,1075,3
1615,798,759,1
714,452,1044,1
29,823,1109,3
608,193,1706,3
940,1646,622,2
875,172,772,2
1536,1161,1815,1
814,911,192,2
1294,57,758,1
881,813,1379,2
1794,1694,970,1
177,931,836,1
89,630,1625,1
205,378,589,3
1552,1144,55,2
673,1193,245,3
1736,1498,655,1
976,203,260,1
1495,1506,1446,3
1487,899,441,1
1698,1641,1767,3
1226,499,1106,3
1702,797,1811,3
493,1111,1173,2
1806,280,1204,2
363,1185,1086,3
468,361,1592,3
701,925,1164,3
687,1263,136,1
1563,1640,915,3
1310,228,509,1
472,1827,1771,1
30,140,95,1
1496,1224,1809,3
1662,1075,1759,2
1604,96,1692,3
38,117,1239,3
962,1405,1544,3
462,1589,1831,3
1188,857,1207,2
855,755,108,2
1767,912,1168,2
967,652,1605,1
308,342,1744,3
362,1852,1224,1
929,779,1446,2
928,1554,1244,2
1460,759,150,2
713,1057,1085,1
1329,1174,1769,1
935,1016,821,2
1345,1692,1736,1
800,1149,491,1
257,1090,1668,1
799,785,1077,3
130,467,805,1
577,914,1348,1
450,1700,1484,1
1525,784,1255,2
1637,1853,1660,3
519,1354,353,3
1599,690,852,2
374,1437,1752,1
1845,1446,1483,2
1206,1476,743,2
1688,1753,243,2
533,1109,923,2
199,638,1412,1
1442,1291,1225,3
86,1563,804,1
360,1273,578,3
137,1,562,2
1545,1690,1505,2
1393,1228,1279,3
3,396,1818,2
166,1196,1727,1
320,1331,1844,3
241,244,572,2
1735,1211,1335,3
837,238,1120,1
1463,633,1322,1
1269,1030,745,1
403,215,1256,2
1551,1309,398,2
627,1395,866,1
60,1199,69,2
1770,469,777,1
814,1760,1310,1
1564,1208,646,3
1096,586,650,3
1688,692,201,1
887,1265,307,2
921,65,142,3
145,47,434,3
796,802,995,1
242,1693,333,2
1369,740,1616,2
1139,1077,672,2
1645,1011,1623,1
42,1402,110,2
20,1506,65,1
1640,1002,40,1
837,309,982,1
624,1131,76,2
844,1319,1649,3
1724,668,1286,3
66,1148,791,1
937,94,904,1
1019,727,554,2
1382,1511,221,3
1837,1719,775,2
1012,1803,657,1
1115,1269,572,1
473,71,772,3
1742,1668,979,3
1719,707,1479,2
677,1121,751,1
1696,1778,1060,2
789,1171,59,1
1291,1321,1354,2
725,1381,1775,3
720,708,1296,1
546,1143,390,1
1598,380,1709,1
1852,203,1554,1
665,1461,394,1
1593,590,1218,1
470,754,1162,1
1339,157,950,2
1621,1732,1593,3
968,1090,211,2
60,677,813,3
1338,1249,154,3
411,1544,628,1
812,1486,1595,3
426,371,361,2
35,860,243,1
206,1107,425,2
476,965,322,1
309,1411,737,2
1801,1647,1645,1
1066,1478,279,1
34,1641,1765,1
1622,458,1313,3
165,805,1845,2
1667,1737,1783,2
477,1312,785,1
1597,1069,284,3
358,1009,31,3
720,501,1042,1
1642,712,1814,2
625,1396,1545,2
521,335,988,1
1104,1131,289,2
1397,1346,1631,3
620,87,295,1
1051,100,600,1
1722,1181,384,2
221,590,1148,3
247,1208,384,3
1508,1120,1222,3
859,1051,1064,3
119,971,1479,1
950,117,622,3
1050,591,14,1
105,593,565,2
581,947,1387,1
1603,906,42,2
833,1558,341,2
494,631,1575,1
1341,50,117,2
619,182,498,1
930,347,754,1
1745,1445,1209,3
1443,1134,887,2
1433,1204,14,1
294,520,436,3
429,857,1446,2
1586,1423,350,1
1175,6,148,3
1190,1398,1585,2
691,1066,1250,2
1332,474,1775,1
1165,1811,523,2
496,15,1066,3
1021,1635,1219,1
796,1498,925,2
225,432,632,2
1690,951,1359,2
1661,1140,774,3
1310,40,1085,3
316,1528,1470,2
1009,1451,1114,2
1728,414,1458,3
270,841,718,3
1493,1637,155,2
705,857,40,1
20,1745,1442,3
1820,190,235,3
450,889,1304,3
287,1799,1326,2
260,749,268,1
1324,98,1181,2
1845,588,724,1
1343,506,866,1
1648,156,1016,3
894,1566,668,3
386,72,731,2
1746,1751,97,2
685,1461,503,2
976,523,251,1
1645,561,1408,2
1468,8,441,3
136,93,1085,2
938,1333,1061,3
410,1780,676,1
942,1403,1682,3
1689,387,317,3
315,1663,1127,2
1743,1102,18,3
255,1430,651,2
1273,1168,80,2
44,1169,1480,3
1694,884,30,3
1834,677,1551,1
574,1048,1107,3
1781,1450,101,3
373,1744,201,3
1810,1389,1208,1
380,1046,1430,1
1774,369,227,2
59,1842,954,1
701,1385,1728,3
1130,1399,121,1
1167,349,191,3
1047,672,1113,2
607,1681,1111,1
634,1500,1627,1
612,66,39,2
1455,1423,1276,1
1034,837,1721,3
89,964,719,2
1744,1503,550,3
1435,224,647,1
253,100,84,1
430,770,1230,1
975,1612,1809,1
161,945,1703,3
1076,1776,1237,2
1283,1061,1312,2
1094,906,1562,3
30,526,1798,1
189,576,1426,2
1531,1595,1122,3
484,30,992,2
253,393,598,3
427,341,140,2
1720,473,1300,3
427,1650,1598,2
1191,1553,158,2
1441,1767,1103,1
1579,1306,561,3
290,80,54,2
1257,213,257,1
1440,1082,1115,3
1718,1198,404,2
1424,950,496,3
1567,1722,1581,1
854,1370,309,3
1294,401,897,2
227,278,896,2
1045,694,158,3
1622,996,1522,3
1350,1290,443,1
1361,546,766,2
757,86,551,3
104,1756,652,3
855,1313,1437,1
826,1371,147,2
630,1369,438,2
1528,873,1440,3
1459,1045,192,2
1037,500,261,2
966,798,1733,3
622,1047,1295,1
213,1600,493,1
1564,1732,1236,3
1467,978,1344,2
1468,953,891,1
339,604,1455,1
585,1558,384,2
1212,979,1439,2
635,1038,723,3
514,1562,249,1
792,921,243,2
1075,1646,1731,3
1014,815,1505,2
1560,639,1019,1
809,1626,1720,2
239,1449,20,1
660,1460,730,3
1228,814,742,2
389,1134,940,1
923,1460,741,2
264,340,1815,1
481,714,750,1
940,1569,1323,3
895,498,290,1
209,736,631,3
1452,1475,613,1
1370,690,321,1
1579,1008,185,2
740,1492,111,3
896,1592,591,2
345,1565,994,1
1144,1178,1813,2
1770,1218,1606,2
1403,1333,224,1
1498,1437,1000,1
178,78,1822,2
1172,178,281,1
520,1375,1039,3
1305,1370,239,2
1556,1464,1453,2
1533,1831,378,1
964,237,206,3
1765,262,237,2
187,1299,246,3
106,1171,1179,3
1821,1479,4,1
831,391,1570,3
1300,1171,759,2
1677,496,1843,2
16,1709,198,3
1759,940,13,1
1654,533,1182,1
416,1574,1317,3
1642,168,937,3
1048,607,1692,2
887,1366,1778,2
1800,1853,1367,3
831,996,61,3
1293,1523,1368,1
1759,1204,1696,2
822,1501,308,1
1433,1307,914,3
770,1327,1005,2
511,1521,997,3
1515,1740,1464,1
1685,1150,1324,1
554,852,1581,3
315,1851,1664,2
1015,605,1429,1
566,772,993,3
247,481,1835,1
769,1398,772,3
1058,1078,1849,1
1138,273,584,1
25,439,746,1
860,1488,280,2
206,1013,507,1
1500,732,498,3
493,1002,1186,3
1396,1507,951,2
691,215,1472,1
1424,1596,1768,2
1179,1786,583,3
353,275,524,2
1431,1368,1224,2
289,1122,427,1
684,617,219,3
857,1286,395,2
676,26,1405,3
486,1073,1398,3
17,1163,30,1
1201,837,1188,3
117,933,1139,2
411,845,680,2
1705,1166,863,3
1651,819,856,3
1748,874,1064,3
1194,1009,401,1
1248,387,617,1
774,1293,270,2
1814,983,10,3
1597,1369,746,1
414,852,200,1
268,820,496,1
1464,61,1407,2
1820,1274,1594,3
975,1685,507,1
994,1251,1841,3
1824,1443,1147,2
492,1181,106,1
50,686,715,1
112,390,184,1
965,1137,1051,1
1151,684,799,2
1464,904,877,1
1760,1359,1819,3
278,1199,910,1
1171,645,380,3
160,1689,1128,2
1210,1088,297,2
1840,169,107,2
1144,928,193,2
159,1801,1164,3
1324,58,853,2
1760,804,1157,3
807,1367,1476,2
869,805,977,2
715,1122,206,1
115,1837,1387,2
1258,1438,1854,3
1665,1362,367,2
1684,1256,909,1
430,445,1475,2
1352,1205,904,2
992,971,1320,2
420,1782,1453,2
337,548,668,2
129,106,471,3
108,1522,1443,1
331,689,1129,1
1141,1049,982,1
982,1203,526,3
468,984,784,3
1100,1124,1027,2
121,960,1153,1
238,621,1383,1
350,1162,358,1
876,931,464,3
1058,820,1570,2
1739,135,543,1
696,183,1662,2
1764,873,821,2
735,1410,438,1
1760,1524,1707,1
1437,581,1799,3
858,1549,989,2
926,647,309,2
1657,1762,1631,1
1673,713,497,3
555,1444,1630,2
604,110,1270,2
135,300,1164,3
1558,1825,331,2
592,8,578,3
642,1308,670,3
1705,203,1660,1
441,833,1455,3
1018,1812,834,1
90,47,1627,1
423,1824,429,1
600,1825,1513,2
291,1627,1789,2
631,263,412,1
1538,457,1802,3
1435,223,1351,2
1193,1827,1016,3
932,597,1462,3
1318,1115,438,1
1721,921,1822,2
961,159,1536,3
1054,1060,672,1
187,1756,377,3
186,1129,168,3
760,132,393,3
855,788,763,1
33,1639,1143,1
1853,992,147,3
1171,548,1702,3
74,1371,474,2
1650,667,576,2
1636,1430,1542,2
1260,1683,1778,3
483,1851,58,1
97,1269,1305,1
21,1422,1028,2
28,487,1659,2
439,651,1193,2
1214,831,794,1
225,600,1689,2
1752,551,453,2
1170,888,1136,2
1719,1341,477,2
908,472,1645,3
45,655,523,3
561,455,1542,1
382,1482,392,2
52,541,549,1
1569,1780,1755,3
424,741,1655,2
1606,799,199,2
1493,240,817,3
36,1196,488,3
517,636,1730,3
440,1497,1200,1
1558,119,1002,2
1564,1436,274,1
85,331,1237,3
732,141,806,3
1668,1014,521,2
1114,1696,213,1
243,875,932,3
1139,1828,901,1
1021,632,1634,1
704,396,1651,2
1424,1712,1074,1
724,1751,436,3
66,1037,113,2
9,729,80,3
268,1678,878,3
1568,494,1701,3
195,558,693,1
1352,123,1297,1
1717,361,320,1
182,1759,345,3
454,458,373,1
593,695,673,3
557,823,1508,1
465,1694,1324,2
658,756,1272,3
534,1600,649,2
1393,851,1566,2
1519,473,42,2
1069,932,1562,3
344,517,167,3
1453,1543,1409,3
1208,1281,575,2
1142,799,1252,3
38,521,943,2
951,1193,34,3
570,1379,1514,2
254,1128,530,1
1834,638,341,1
75,1151,98,3
700,319,819,1
697,1405,1843,3
375,13,1680,2
693,1621,109,3
1619,860,893,3
488,560,438,2
478,854,463,3
1011,766,995,3
111,792,1033,3
681,32,527,1
1066,1257,755,1
322,87,1072,2
1570,1847,1271,3
1759,1555,52,3
41,483,1823,1
1732,461,1457,3
1068,1162,64,3
1755,474,1682,1
1335,32,1068,3
47,730,71,1
1296,1574,1098,1
1,1068,1099,1
1810,1231,1031,1
484,471,749,2
1733,297,1083,2
785,1823,1449,3
1051,389,1210,1
1812,1414,1160,2
116,820,924,3
742,95,990,3
1002,1340,177,1
1638,897,1206,1
893,1448,1702,1
1407,1097,1200,1
1630,1056,1622,2
1851,1121,1718,1
782,593,407,1
624,879,35,2
1290,1346,551,2
418,136,1263,1
1453,210,599,2
1070,167,883,1
1177,1046,1829,3
1346,1295,576,2
1436,1572,1505,3
1358,1096,1816,2
817,1737,1760,3
623,1761,1366,1
465,1048,1631,1
1156,1636,489,2
1298,1639,1709,3
26,1588,1396,1
1356,1326,1131,3
891,1227,1127,2
488,1509,1753,3
1474,343,969,3
1604,177,374,2
415,1194,1464,1
1412,591,364,1
985,883,1146,3
884,600,168,3
1630,1172,735,1
1823,1851,821,1
785,772,530,3
1554,1277,162,1
153,1528,367,3
271,1166,1392,3
958,1744,76,2
767,1550,430,3
1416,1453,1430,3
1600,891,837,1
1808,1565,496,2
1538,131,1580,3
217,1539,700,3
519,27,593,2
1733,1584,1260,1
963,1285,132,2
671,1658,314,3
1514,1794,408,3
1492,389,899,1
180,1842,356,2
1241,1752,195,3
349,604,1600,2
1258,867,339,3
70,1754,1323,1
182,572,584,3
117,483,18,3
596,1361,6,3
1580,1211,1039,1
899,829,425,2
1737,1256,163,1
1550,467,93,2
1275,1260,104,1
1759,407,1788,1
213,875,1322,3
699,986,36,1
727,39,1761,2
922,1167,823,1
528,607,1350,3
1585,572,751,3
1786,904,1149,2
1449,1593,792,1
882,983,560,2
1846,874,1106,2
807,1743,1623,2
1565,496,186,3
693,1574,761,2
504,1666,472,2
95,427,1059,3
575,872,613,1
549,1530,1464,2
883,859,419,2
295,469,984,2
710,383,934,2
1552,230,566,1
1176,185,488,2
559,1060,946,1
1171,826,706,3
1074,1415,1774,2
1050,1300,1626,2
1461,1800,978,1
444,281,863,2
1494,1362,729,3
1451,147,59,2
1514,328,337,2
1689,1648,866,2
101,782,1753,1
1458,311,1432,2
1320,1574,868,2
948,1671,1617,2
176,1518,1799,2
303,1181,873,1
335,1489,1377,2
733,1020,1247,2
475,367,886,1
893,671,669,2
1582,193,1772,2
7,1186,560,3
1109,1748,670,3
250,85,1461,1
1298,401,619,1
1248,1345,591,2
174,1734,1277,3
584,1778,1417,1
1346,1241,1232,2
1782,1691,925,3
205,481,1143,1
969,1550,333,2
1555,1182,1820,3
24,1460,259,2
279,751,722,2
1366,1489,583,3
1719,1022,303,2
304,298,683,2
752,255,980,3
1519,216,571,1
782,620,22,3
462,491,786,2
1542,695,461,3
1166,1398,1289,1
188,1121,675,2
852,1725,38,1
110,786,806,3
536,735,1282,1
816,1696,1400,3
1505,196,1618,1
18,526,1139,2
1709,1401,1751,3
1062,1482,657,3
876,70,1841,1
860,721,1570,1
893,1018,473,3
663,502,1525,3
930,1069,1355,3
555,165,854,2
1238,1819,1655,3
361,1158,98,3
806,197,952,3
540,942,1369,3
1346,504,575,1
777,640,241,1
721,223,1473,3
576,1285,1459,2
1281,1332,887,3
1051,208,1119,3
432,957,1248,1
501,1764,1031,3
1328,1191,1123,1
1509,900,1495,1
1815,758,1404,3
1085,438,218,2
734,255,1730,1
152,1177,1454,3
1088,795,44,3
1737,688,1136,2
836,1450,481,3
1364,1299,1565,2
731,407,808,3
1270,76,113,1
1126,311,593,3
919,910,1638,1
711,837,1153,3
668,612,1694,3
1107,1606,523,1
601,1726,499,3
561,1841,485,1
994,1016,1350,2
1083,126,1229,3
1135,861,1781,1
1271,1119,1086,3
610,862,431,2
96,1516,1594,2
364,1201,1750,3
1599,1522,1768,2
1216,274,213,2
500,280,1607,2
996,288,1064,1
1254,1280,367,2
1263,1357,1117,1
555,518,1679,1
615,763,383,3
1320,1331,480,2
1419,682,607,2
1057,1430,460,3
1613,19,105,2
1742,1031,1581,2
1790,67,1680,2
347,664,797,3
1316,237,212,1
1634,651,1592,1
194,846,513,2
1019,453,1755,3
104,813,426,3
1262,54,1725,2
1673,316,9,2
1569,614,935,1
88,1016,1389,1
40,793,569,1
1785,1651,1579,1
184,1636,507,3
1397,1452,137,1
1702,1698,480,2
1779,1575,1565,2
1536,867,188,1
817,1352,1405,1
1227,135,563,3
1413,503,1142,2
478,1468,1832,2
896,995,402,2
1573,1427,571,2
913,974,517,3
687,588,1049,2
928,1557,583,2
1155,177,8,2
45,640,396,1
379,783,576,3
613,1306,461,2
604,1685,349,1
955,1524,520,3
864,883,655,2
1182,1106,422,3
672,746,783,2
1507,1711,845,3
914,763,950,2
384,691,604,2
201,1741,1715,2
1687,738,1473,3
1282,591,207,2
1034,421,276,3
1745,272,202,3
1770,1491,1728,3
1278,1038,680,2
1791,1185,226,2
1643,380,1577,2
183,1550,288,3
1356,351,573,1
164,282,134,1
218,1548,109,2
998,1122,844,3
309,774,662,2
454,1695,907,2
832,1431,792,3
1702,1125,1158,1
854,1049,1659,1
1179,465,595,2
174,762,1818,1
243,357,1309,1
1725,1467,1265,3
57,1475,1687,1
645,226,306,3
592,124,523,1
152,439,628,1
1141,1807,855,1
1090,540,277,2
173,258,1013,2
574,407,449,2
486,1234,1473,1
149,783,1793,2
641,1694,998,3
780,1138,444,2
1183,644,1846,2
1760,317,1754,3
1790,1625,668,2
773,1835,280,2
1460,758,159,3
988,364,320,3
778,1767,128,1
679,878,1641,2
1231,135,866,2
1011,214,288,2
1716,158,356,3
1603,1468,208,2
1130,1161,636,2
1636,1733,292,1
1003,1131,330,1
322,1389,314,2
859,1836,212,3
741,1571,441,2
504,1468,1309,1
802,2,1110,3
1052,1443,1361,1
1099,1190,1425,1
853,1486,1498,2
1073,1757,470,1
799,297,953,2
813,1138,990,2
220,638,998,1
639,282,1825,1
462,861,803,3
289,201,919,1
287,1797,1567,1
1507,48,1355,3
1001,1613,755,3
766,559,307,2
1509,10,545,2
872,1516,358,2
302,1330,153,3
1844,937,963,3
1836,995,1333,2
1434,1532,462,3
1350,381,1778,3
1797,1673,611,2
1210,1836,1670,1
1462,1176,744,1
123,627,1694,2
364,1051,90,1
843,1092,793,2
394,392,1453,2
548,176,1200,1
1368,703,1836,2
789,1646,502,3
1570,1545,1200,2
1196,908,371,3
906,680,954,2
1049,309,866,3
1193,575,427,1
349,657,1385,2
1643,1829,1254,2
1592,303,1578,2
1154,394,1825,1
1079,1203,753,1
1161,1665,748,3
1108,689,1401,1
674,1796,1188,3
1241,1343,1220,3
721,422,1216,2
1397,306,327,2
517,1348,34,1
1447,703,839,1
598,825,540,1
1736,1532,382,2
1127,451,1562,2
1157,556,1034,3
62,621,1069,1
1539,789,1769,1
1008,310,1577,3
1159,1029,886,3
671,252,1124,3
899,1251,865,1
1704,21,1154,3
1354,529,129,3
1310,499,1198,1
857,1553,1370,1
472,833,1756,1
756,200,462,3
887,72,38,3
44,787,199,1
1814,664,691,1
616,330,656,1
97,1838,444,3
1782,44,411,1
1167,1287,1633,3
1171,1336,391,1
1816,429,1126,2
27,992,1337,1
8,896,1531,3
1457,1385,528,2
1518,941,1316,1
1602,1550,1418,1
1118,1608,214,2
1014,1522,494,3
1846,755,1169,3
630,1375,1047,1
1314,252,1649,2
167,598,255,1
1739,996,1406,3
153,1141,774,2
826,107,338,2
9,198,1274,2
579,408,92,2
1413,684,1800,1
1655,646,1714,2
242,1131,1411,3
713,1260,1175,1
1141,1292,867,1
1544,777,366,3
99,1550,28,3
575,476,279,1
177,1622,1659,2
1541,922,416,2
1603,1434,808,3
1796,1505,781,3
1839,1679,631,1
21,153,385,2
1204,36,187,1
1615,1146,417,3
1615,1622,775,2
1344,562,302,3
932,679,1146,3
291,489,1071,3
1126,880,61,1
1135,1700,767,1
1688,1192,1163,1
978,1607,1399,1
161,1053,1231,1
117,726,584,3
1779,415,609,1
200,49,1599,2
229,58,972,3
420,492,55,2
889,68,492,3
7,1380,1745,3
1524,1238,192,2
1705,1029,1729,2
728,1037,999,2
151,385,805,1
236,828,1801,1
422,1099,185,2
1050,894,1528,1
588,346,1333,3
855,801,695,3
932,1377,1073,1
1549,597,1084,3
955,681,1028,2
349,955,100,1
1613,734,1792,2
1047,988,1734,2
41,1558,1380,3
573,420,591,2
27,1092,526,1
465,338,770,3
1778,910,1700,2
1425,372,425,2
1416,790,490,3
1385,435,1606,3
1083,1357,1773,1
297,1347,1068,2
711,235,356,2
908,1737,1015,1
1247,549,1004,1
751,1792,859,3
640,491,1350,2
649,917,1656,2
1042,30,875,1
170,1331,1512,2
72,1561,977,1
1756,1643,1233,2
642,1043,333,3
425,542,597,2
494,255,739,3
1312,1716,539,2
577,1403,656,3
540,1101,1089,3
1396,961,1189,1
701,505,1815,2
3,810,288,3
1854,1587,192,1
1011,1544,697,3
1572,394,1379,2
1538,860,1297,2
1355,305,1151,2
1196,973,764,1
1737,1115,496,2
725,550,997,3
357,1352,502,2
1039,433,1016,3
331,544,1263,1
1642,1325,996,2
546,1233,1428,1
522,229,1696,1
923,1280,707,1
464,17,962,2
110,1566,1162,1
134,918,1260,3
1494,1714,1047,2
39,972,122,1
1569,827,497,2
577,893,829,3
213,650,1174,2
497,792,244,2
1844,1273,906,3
11,1416,1764,2
1576,1660,633,2
362,436,1650,2
578,450,1758,3
1009,1770,733,2
619,649,731,1
86,104,1331,3
808,1286,389,2
1537,1476,196,1
38,262,253,3
1147,44,236,3
519,1515,1001,2
227,232,1345,1
1306,1376,703,3
466,48,1307,2
1694,423,1217,2
567,1343,825,1
1519,897,1303,2
1286,1834,1794,3
309,281,1808,3
595,288,1183,1
1167,1533,368,3
1108,1085,634,1
1563,415,1483,3
1757,428,98,2
1579,1524,1398,2
1582,119,1839,3
803,1549,1127,1
1019,841,1031,1
466,171,201,2
1358,422,451,3
1510,379,422,1
361,995,444,2
1491,142,1081,1
470,450,367,3
169,835,1585,1
911,914,251,1
700,634,826,2
43,433,1652,1
906,251,1647,3
632,846,1082,2
393,1828,844,1
430,1286,1580,2
434,1782,1371,2
266,195,1691,3
273,1539,347,1
280,1752,731,3
483,1567,699,1
130,1815,1847,1
1477,346,1792,1
1432,168,1069,1
1674,207,699,1
1726,1730,649,2
153,137,1559,2
739,303,319,1
1075,944,1233,3
1715,1402,1168,1
609,269,304,1
139,1269,320,3
1469,906,344,1
530,1238,1403,2
1179,54,1335,1
27,1187,1614,1
1216,1785,52,3
1787,1454,609,3
1829,855,745,3
1624,541,1476,1
1508,506,383,1
1620,274,1150,2
1667,42,1430,3
1329,1063,161,2
915,1047,138,3
642,602,1669,3
1065,1388,568,2
335,1496,1030,2
1221,1570,958,1
634,1481,1482,1
696,476,365,1
515,1827,422,1
1813,639,834,2
568,1347,1102,1
763,1189,369,1
854,861,1394,2
413,1605,932,1
951,30,1275,1
257,705,901,1
1136,823,446,2
789,234,592,1
521,1015,112,1
1046,657,734,3
653,433,184,2
1080,1020,691,1
1400,1789,1524,2
635,31,886,3
1395,577,781,2
1705,1653,595,3
360,1511,1360,3
745,1158,1752,1
1845,1411,1235,1
422,811,535,2
485,1531,1023,2
411,819,895,2
1225,119,1437,1
124,338,1222,1
1647,1561,1107,1
1043,1136,1729,1
1144,1680,736,2
259,85,751,3
950,1014,1711,2
1151,96,292,2
141,1703,744,3
948,414,1678,1
1742,1595,528,1
1284,456,1375,1
237,617,595,2
1275,1564,328,2
447,1442,161,1
1487,651,435,2
626,361,409,3
1588,445,952,3
1474,1143,895,2
792,123,1712,3
1825,1531,783,1
1745,302,1739,2
874,156,1230,3
1602,1646,1000,2
1051,883,1281,3
595,633,956,2
1541,897,676,2
727,36,1627,1
704,1505,503,3
265,372,1848,2
708,1754,413,1
106,16,13,3
417,1083,342,2
848,270,155,2
1366,710,433,2
246,898,604,1
443,636,1274,1
224,798,1048,1
1805,1306,785,1
730,766,633,2
1140,203,38,3
132,113,587,3
1572,319,617,2
52,180,893,2
1621,1793,1234,2
715,131,986,3
1787,369,1597,2
1648,1642,1509,2
983,1530,1580,2
1174,1111,276,2
1681,649,1354,3
546,263,1636,3
1298,38,1502,1
851,890,1347,2
852,448,470,1
1056,703,390,2
212,9,1727,2
1243,272,585,1
469,1295,394,2
1804,86,812,3
499,729,779,3
397,124,1075,3
859,1747,1532,3
1233,934,1641,1
202,1670,1766,3
1571,399,840,2
565,546,520,3
1424,176,177,1
261,1245,354,2
1584,1314,669,3
9,51,482,3
1,21,561,2
961,237,1797,3
1603,726,1217,2
138,1730,402,3
797,418,976,2
928,1361,1367,3
1531,1616,273,1
1721,1621,1356,3
175,992,596,2
995,326,477,3
299,980,342,2
295,1822,1807,1
996,50,1678,3
910,755,105,2
621,115,989,1
667,1383,302,3
62,730,1524,1
328,1552,454,3
654,364,1494,3
517,663,527,3
37,781,1751,3
146,962,1669,1
1240,1197,787,2
1186,1208,468,1
382,632,574,1
1575,1517,505,1
588,360,362,2
539,852,738,2
1248,1054,891,1
290,1831,307,3
179,417,513,2
1802,1142,681,3
1015,1769,520,3
575,600,1560,2
1618,1589,1803,3
968,1605,852,3
1431,1552,1434,2
607,1461,628,2
1346,1260,1040,1
222,660,1021,2
580,1804,1475,3
1760,1382,1083,1
1100,185,653,3
1203,401,1344,1
432,1297,722,3
546,1572,321,1
1793,1461,1218,1
918,772,1631,1
538,1509,356,1
919,207,1645,1
1645,1135,809,1
503,710,1792,1
1497,460,908,1
161,700,20,1
1440,486,417,3
378,1135,248,1
1612,564,537,1
1643,1477,795,2
1427,1601,1129,3
1337,380,1616,1
951,1035,1673,2
1653,581,1644,3
93,27,180,2
663,1646,1680,1
1171,740,842,3
463,708,577,2
1194,1495,176,1
1024,985,797,1
645,1743,614,1
344,559,1248,2
378,1048,943,2
373,690,558,1
244,907,694,1
891,1155,213,2
327,353,1072,1
1503,1034,360,2
1125,155,693,1
220,416,169,2
178,130,1527,2
274,586,1209,1
93,1622,587,3
1213,1732,667,2
217,137,198,1
976,1442,39,2
864,579,315,1
1173,333,953,3
831,812,1648,2
1758,1336,241,1
110,889,827,2
1690,943,1064,3
694,557,1422,1
671,1500,488,1
1666,44,1440,3
1260,1346,1018,3
24,717,1256,1
948,1369,58,2
149,548,846,3
312,12,1126,1
12,757,1285,1
95,1546,385,2
950,824,1570,3
480,1509,474,1
888,1718,219,3
22,269,1679,3
1219,1019,1491,2
466,276,667,3
1182,1218,900,1
1473,295,1777,2
999,902,1271,1
1070,1438,1533,2
1355,1742,832,2
1229,269,296,1
1369,1555,256,3
941,1167,1652,1
327,797,506,1
1464,1822,1507,3
724,933,1704,2
1321,171,1604,2
1646,317,877,1
878,736,120,3
790,38,1217,1
120,112,992,2
501,397,566,3
1294,291,461,3
128,730,1439,3
149,202,561,1
583,1305,711,1
70,534,437,2
303,1600,715,3
914,319,1419,3
1648,1343,209,1
1344,842,784,1
931,1654,487,2
1594,1503,1592,3
898,1638,896,1
219,809,1713,3
1714,128,1679,3
81,1060,43,3
905,324,1315,3
312,832,394,1
1320,383,257,3
489,493,547,3
714,1767,778,1
1506,428,784,3
111,197,932,2
275,592,1178,3
1279,100,1454,1
173,1292,1226,3
1496,451,618,1
361,199,952,3
107,1302,828,2
1342,1066,627,3
571,928,156,2
864,1614,1684,3
373,1580,1522,1
1035,1800,1161,3
1085,138,1492,1
1205,1449,1448,2
1175,115,1464,3
1466,149,1716,1
20,146,305,2
1601,403,738,2
1323,942,834,3
1150,329,170,2
714,1631,1761,3
228,1603,757,2
522,493,597,3
870,417,1462,2
800,675,487,1
227,903,611,2
765,1666,1071,3
899,1720,596,2
899,717,1644,1
392,945,1702,2
1537,786,562,2
578,1057,1844,3
505,62,239,1
137,505,742,1
592,1748,198,2
674,1145,899,2
737,1440,745,3
1709,392,530,1
872,1272,734,3
16,49,415,3
227,1464,522,2
365,568,1656,1
94,295,744,2
336,147,118,2
973,12,970,3
1796,786,727,2
115,10,1157,2
963,1549,1478,3
1427,1276,98,3
919,181,117,1
70,315,557,1
1724,286,1825,2
1456,1807,1697,3
1795,1443,614,3
300,839,1658,1
533,1400,361,1
817,134,432,3
74,545,1366,1
1508,616,870,1
728,1103,1621,2
589,913,107,2
150,1060,1727,2
531,1389,1340,1
1109,942,190,1
1086,1404,504,1
764,320,1549,2
1491,1838,806,1
1735,69,62,2
1689,658,279,1
1488,602,1,1
802,376,520,3
511,1827,1551,1
830,1774,1442,1
449,1792,797,3
1508,1544,917,2
1668,1775,1603,2
1694,1159,1755,2
936,1805,11,1
640,566,831,2
347,151,1588,2
1431,166,623,1
568,247,876,2
1021,282,1045,1
764,647,1512,2
16,1483,1774,3
159,1399,256,2
1322,82,342,2
1573,552,454,3
1000,1737,55,1
283,404,78,3
1304,381,1213,3
1339,541,653,2
49,142,673,3
1455,277,1797,3
453,1022,1014,3
681,830,239,1
961,391,76,2
490,248,1588,2
1703,1528,1783,2
759,626,391,1
1363,204,541,2
1401,218,1025,1
99,84,350,2
745,106,1628,2
1581,1093,1614,1
417,484,480,1
546,829,851,1
544,564,1647,2
1290,533,899,3
1601,1308,1003,1
162,104,1048,2
638,3,1091,3
767,707,751,1
1086,799,1784,3
676,502,166,1
528,1456,1224,3
1448,1626,149,1
245,1615,326,1
1520,31,486,2
51,1039,582,3
1355,252,1769,2
855,322,318,2
267,1714,600,3
1483,766,1512,1
1685,1028,467,1
828,10,201,2
532,1815,647,3
83,1535,423,1
1294,346,196,2
729,1304,62,2
1230,125,494,2
278,1721,1713,2
1595,1707,39,3
372,1791,1112,2
85,1054,226,1
610,688,922,1
1132,164,1025,3
1025,1541,348,1
549,829,214,2
88,294,242,2
1720,955,848,1
1285,25,1312,3
349,162,468,1
883,922,1757,2
751,1288,1239,3
1174,49,1152,3
510,300,1374,3
1713,229,1271,2
22,2,384,1
1151,1775,307,2
1073,296,1403,3
1026,75,795,1
1496,202,116,1
1357,1396,1491,2
1454,1018,321,2
1244,1128,897,3
74,284,636,3
1497,1535,1049,2
231,1821,1810,2
547,935,408,3
1604,397,200,3
603,599,1,3
443,46,1178,1
866,1056,470,1
983,1436,1236,3
256,694,1046,2
680,699,120,2
204,603,215,3
805,67,853,3
208,123,166,3
982,544,36,1
1654,474,1155,1
496,448,1774,2
1397,1436,474,3
1476,302,691,3
1852,926,1831,1
577,807,1130,2
844,1656,129,1
1556,375,1395,2
742,786,945,3
1344,163,1316,3
725,312,1441,3
670,594,831,2
880,292,349,3
828,444,1630,2
943,1776,1653,2
1193,1297,1708,1
1832,1591,1487,2
254,370,1654,2
1341,347,1366,3
551,84,731,2
555,240,877,1
1410,148,1802,3
1787,1360,1327,2
683,211,58,3
2,756,1162,3
1361,331,1818,2
1216,1523,86,3
1295,13,210,2
1667,287,960,2
2,1159,1303,2
648,1173,1157,1
435,466,1189,2
420,534,1753,1
1752,876,563,2
1187,1241,306,1
98,1851,1030,2
89,1356,1055,1
732,900,1334,1
1157,1451,1062,2
420,806,1630,2
1231,260,692,3
1657,939,87,3
1282,722,1179,1
521,110,1604,3
37,396,293,2
892,1020,587,2
692,884,212,1
1529,219,1467,1
473,1084,453,1
860,164,851,3
1022,1067,1323,2
341,777,80,1
1749,1770,1221,1
1695,1485,1334,2
700,1553,24,2
119,1744,830,2
979,1826,845,1
167,656,1278,3
390,1556,728,3
1562,191,1112,1
969,1087,575,1
490,718,512,3
198,756,1080,2
202,952,240,3
803,794,143,1
1391,1686,1844,1
773,1778,1071,3
117,420,1213,2
1582,1303,1840,3
1441,1084,166,3
547,288,1554,2
511,1718,1028,3
24,669,1732,3
715,615,1111,1
519,279,92,2
448,1224,172,2
1642,339,787,2
80,1086,79,2
291,46,950,1
1589,23,22,1
369,255,876,3
1286,270,439,1
76,449,1324,3
954,1713,1503,3
193,1404,1672,1
1754,507,848,3
1229,1463,877,3
844,1597,1240,3
921,1224,406,3
1114,1222,231,2
1077,1290,402,3
1626,1039,725,2
1063,1148,689,3
1032,1127,1147,1
478,1327,205,3
214,743,1363,3
1720,1219,732,2
292,1760,885,1
63,1410,716,2
365,1651,813,1
1292,1452,602,3
1621,1452,559,1
255,822,717,1
788,1527,728,2
539,1090,266,3
1783,1598,1101,1
1184,1789,745,3
890,689,124,3
1269,578,1231,3
298,1152,118,1
253,987,237,2
412,935,1266,3
259,244,441,1
1735,462,816,3
1352,852,1288,3
1442,114,721,2
1276,406,1015,2
1540,1007,1838,3
1264,1497,1055,2
163,938,754,2
1088,1335,692,2
93,801,722,2
248,844,1608,3
211,721,83,2
1027,520,742,1
396,708,984,1
315,1002,1322,3
331,684,595,1
1397,275,1136,3
22,797,1513,1
25,1018,28,3
781,237,14,2
493,810,440,3
2,1616,224,1
1269,157,697,1
568,1701,877,3
905,1311,1305,1
386,1069,1606,2
1587,340,1,1
158,1141,719,1
883,90,1021,1
565,466,1837,1
1162,524,1279,1
177,1149,1075,3
1675,974,1472,3
1201,1165,19,3
1641,433,191,3
1611,4,1714,2
1814,969,1286,3
210,858,1472,3
1542,1631,1135,2
913,844,722,1
533,1083,433,1
1089,1800,45,1
1329,640,402,2
654,924,740,1
373,192,1304,2
1517,471,1006,3
1487,1222,10,3
1323,267,1842,3
1816,1466,8,1
595,1029,198,2
357,516,1148,2
1069,1508,1095,2
1258,1514,945,2
770,1422,1475,2
263,769,1060,2
1679,1280,530,1
1383,468,1309,3
632,352,1315,1
1317,844,1488,3
628,280,1017,3
1705,493,494,2
983,1100,1017,1
1187,1804,622,3
1824,1085,1724,2
1110,587,1454,2
1443,924,1195,1
600,1618,1177,2
605,466,1000,1
323,184,60,1
541,576,975,3
868,830,397,3
539,1435,1245,3
1163,634,402,2
1470,536,426,1
181,1095,346,3
1785,1346,879,2
407,1743,366,2
1461,505,444,2
1416,81,1598,2
31,1302,1111,1
1076,923,1727,3
826,666,1071,2
413,1849,1433,3
950,705,865,2
432,1776,504,1
1230,435,641,2
502,1051,722,2
841,477,517,3
133,424,91,2
1738,1616,75,3
718,292,1309,3
503,1105,771,3
110,298,649,1
1297,60,198,3
409,375,120,3
657,1839,1742,1
41,1588,498,1
557,1711,98,1
888,886,1537,3
1455,11,1493,3
1823,1231,363,2
220,1752,626,3
753,839,94,2
579,1544,1356,1
1697,835,1058,1
407,1434,1023,2
1472,846,493,3
472,167,1836,1
1623,333,1424,2
1525,1667,82,2
276,1716,337,3
151,1011,1806,2
983,1175,336,2
1612,1610,552,1
776,1216,1527,2
561,1752,991,2
1202,1692,392,3
922,1047,1453,2
779,1329,961,3
156,437,427,1
1503,503,834,2
1412,214,1369,1
1624,1180,107,2
1681,946,1320,3
1554,1790,1570,1
1747,1257,1613,3
899,1733,1187,2
1595,570,1209,2
933,363,1109,1
606,1304,578,2
1794,464,253,2
705,210,1173,3
729,548,1310,1
1711,515,32,3
400,619,241,3
869,1190,37,3
556,1548,175,3
1158,195,1791,3
113,1709,1510,3
244,1191,43,3
376,1685,1068,1
1123,391,237,1
1205,824,286,1
1483,1573,1672,3
1084,752,1651,1
1556,1197,721,2
62,671,611,1
1141,762,7,2
701,1631,1644,3
1664,167,1300,1
179,887,228,2
153,978,986,2
801,680,813,2
97,245,913,1
389,586,824,2
750,978,1256,2
707,524,1646,3
286,306,1408,1
1092,1781,1363,1
1642,895,1338,1
269,906,552,3
93,41,789,1
498,759,935,3
590,1747,872,2
1241,1240,693,2
1473,542,613,3
1185,746,30,3
297,1222,1794,1
1039,1362,1710,2
204,833,1152,3
319,1089,718,3
1409,1459,1649,3
912,640,527,2
978,663,958,2
877,1610,1511,3
429,1082,1717,3
619,55,1128,1
210,154,1400,2
686,369,1512,3
1839,839,1277,2
1145,1458,174,2
1478,801,267,3
726,1748,573,2
380,1568,245,1
1137,187,1202,2
1345,1499,138,1
1341,1284,1127,3
80,560,31,3
903,299,1460,3
1817,1190,224,3
209,55,1806,3
1592,400,748,2
235,1453,422,3
1236,634,1785,2
350,252,1638,2
135,1612,1314,1
231,1684,1510,1
294,1130,1169,3
1177,852,858,1
1575,1709,1713,2
667,505,1836,3
400,631,725,2
832,423,528,1
652,1244,757,3
425,611,81,1
560,1426,748,3
1477,1298,1104,1
1,293,594,2
1664,1464,336,2
230,645,1492,3
870,398,500,3
1224,607,23,1
482,968,462,2
795,544,349,1
840,420,1345,1
59,1233,462,3
1821,1083,42,3
444,686,1488,3
54,1759,1618,1
786,1568,1084,1
723,1841,404,1
1410,509,81,1
1813,769,1238,3
833,9,450,3
1650,1041,899,3
1142,1147,577,2
1041,1141,1514,1
1748,13,1109,2
1195,423,597,1
940,166,25,2
694,1418,368,3
829,356,52,3
1516,181,1485,3
722,1409,1547,3
285,1506,1807,2
1617,1121,704,3
827,937,327,3
197,1268,653,1
647,1007,1583,2
1257,1568,1759,3
391,564,1217,3
384,8,690,1
1844,1245,1484,2
646,1500,498,3
90,313,342,3
461,500,836,2
1277,447,1455,3
760,75,1316,3
647,700,43,2
894,1193,511,2
715,1651,1575,3
1350,486,23,1
1134,163,1523,3
1583,3,1574,2
885,946,1530,2
1569,1621,1542,2
1776,976,1273,2
774,1773,479,3
1691,1528,960,3
1437,99,1369,3
1150,437,399,3
593,914,942,1
1850,1523,97,3
380,189,766,1
1763,699,860,2
483,1134,995,1
384,720,536,1
978,920,1610,1
1569,1175,1671,1
122,370,1131,2
22,1280,1185,1
1168,1735,822,1
1275,715,1697,1
578,289,11,3
895,23,1283,1
568,1157,1195,1
871,1548,34,2
1243,155,92,2
1622,1727,90,2
406,1050,1081,3
1715,108,458,2
176,1191,51,1
81,1833,107,1
524,1479,1517,2
1049,259,1051,3
1172,1748,76,3
929,1604,999,2
1121,891,503,2
571,1472,1235,3
1146,1605,134,1
996,1162,691,3
798,252,24,3
1827,991,1757,3
558,1066,189,1
1087,837,704,1
1194,88,1068,2
1726,1620,144,3
1843,1466,357,2
620,304,465,2
799,479,1706,3
901,548,816,1
1145,1765,990,3
983,832,97,1
780,881,754,2
826,225,1558,2
701,43,650,3
1620,1189,735,3
243,1018,239,3
1176,308,780,3
567,1829,994,3
537,1587,294,1
1254,1773,1688,2
1837,1420,1818,1
1560,1659,143,1
781,1776,357,2
1508,613,908,3
582,1062,1183,2
707,1649,289,2
1405,1434,719,3
1645,196,737,3
125,1021,1287,3
987,210,1458,3
1710,901,1067,3
1308,468,1789,3
857,842,894,2
177,58,1650,2
1283,1058,209,1
1737,840,812,2
1470,153,400,3
1428,1787,994,1
194,224,1829,1
935,1261,1187,2
819,1622,1437,2
1816,252,586,1
1148,1490,497,3
1432,79,978,1
314,991,381,3
331,1813,1571,1
128,356,348,3
6,891,1114,2
1071,1730,1332,2
878,51,1231,2
471,1401,878,3
1019,1226,1391,1
1103,906,1750,3
1135,1176,224,2
559,1699,1067,2
225,1750,824,1
1343,1631,438,3
353,1248,468,3
897,698,696,3
1362,1453,850,1
215,490,1415,2
582,1396,79,1
1437,1301,1361,3
497,1564,731,2
1257,1126,1615,3
1488,1356,1113,2
1655,1765,1315,2
652,555,1024,2
727,1067,957,3
230,651,1344,3
386,441,1266,1
1413,699,1181,1
632,227,318,1
108,1510,151,1
589,1554,1606,2
1417,903,843,1
70,238,429,3
392,841,1187,1
1516,129,997,3
891,702,1038,1
1449,1229,696,1
668,1613,166,3
404,210,541,3
365,1755,883,2
47,1437,1124,2
982,846,1274,2
744,944,856,3
1290,137,670,1
1384,30,944,1
790,104,1702,3
189,1015,792,3
70,1381,1829,2
1368,708,484,1
755,1004,202,3
1565,121,544,2
1638,690,736,1
23,1528,934,3
1015,369,1106,2
1152,965,672,2
1563,190,388,2
521,710,1123,3
1462,1701,1481,3
631,1718,1063,1
1328,122,1586,2
12,860,1841,2
1463,892,265,1
503,1632,674,1
1845,1671,1482,2
1491,225,1366,3
1618,531,1299,2
880,852,728,1
1708,1309,1692,3
1590,587,1120,3
1209,1829,839,3
734,729,1172,2
1022,1011,413,1
1076,154,1264,1
58,957,1491,2
1469,1113,1699,2
1694,677,1851,1
512,1411,496,3
1071,1214,729,1
112,1150,1206,3
1245,487,18,2
821,1152,1658,3
1046,1199,1470,1
1103,1784,521,1
479,1185,852,1
1276,366,1741,1
748,799,905,1
1461,1517,57,3
203,1191,1614,1
946,51,859,3
850,217,86,3
1396,151,951,3
1079,193,250,3
447,1119,1529,3
1448,234,1442,1
1424,1698,1203,1
636,1374,1674,1
1033,1491,1411,3
1118,213,1239,1
1072,1097,610,1
1029,1117,1598,1
1040,536,1262,1
611,645,503,2
518,1343,1227,3
1598,1669,1499,3
1400,1341,93,3
911,135,1172,1
529,359,1392,2
1144,835,923,1
1212,667,1303,3
788,4,184,2
1410,1541,437,1
180,556,375,3
1563,1126,197,3
1829,26,93,2
973,998,1074,3
1784,1646,1429,2
3,1672,760,1
1337,1034,1574,1
1849,940,401,2
1018,367,248,2
1241,190,1110,3
1599,260,1613,2
367,1084,311,1
1291,292,1579,2
1395,1022,1074,2
239,1437,629,1
203,687,463,3
243,1634,1443,1
1225,1353,1320,2
780,949,480,2
1357,656,146,2
1297,408,417,3
1709,443,107,2
317,394,1744,3
1463,88,1732,1
1172,1829,1795,1
156,1368,1204,3
1002,1312,1610,2
1388,996,1643,3
1818,1492,1482,1
376,1140,192,3
1807,498,1134,3
569,854,1702,3
526,136,757,1
710,968,875,3
621,1714,59,2
875,733,476,2
1456,379,924,1
289,15,1844,3
471,581,1173,1
218,1450,319,2
1516,1612,1161,3
1762,449,546,3
1547,899,250,2
1185,384,584,3
137,88,467,2
468,543,1440,2
1431,1112,14,1
71,1372,390,1
657,1698,281,3
1789,854,1023,2
87,1351,774,2
426,477,1838,3
796,113,312,3
1087,115,424,3
1278,1624,1478,3
310,986,536,3
953,844,1427,2
1448,1459,1324,2
1714,1759,1095,3
1726,1626,487,1
1147,356,812,3
1226,1266,984,2
1089,202,1086,1
804,9,1547,1
1571,642,1847,3
1104,1255,726,3
1391,45,919,3
523,822,1599,2
1091,434,1099,3
1660,699,62,1
839,958,1683,3
184,1199,529,2
1450,1758,1480,3
37,1787,440,3
641,1611,1157,3
1524,574,1592,1
1395,906,729,1
1691,516,741,1
1162,482,1265,3
1300,518,1403,1
142,1833,1030,3
1725,1134,1822,3
888,51,1315,1
1110,657,1098,2
1323,486,1124,3
1250,114,219,1
1795,257,266,1
1570,1321,93,2
827,1619,1228,3
780,157,145,3
1796,747,529,1
1678,1157,248,3
1672,65,1103,3
429,1652,1795,2
1356,819,270,2
293,1723,1442,3
450,1389,341,1
406,848,270,1
1321,1036,697,1
558,1649,84,3
421,730,117,1
712,1804,1349,2
647,17,1295,2
697,1224,1521,3
872,86,1587,2
1167,1477,1372,2
187,1806,1479,2
1720,288,475,1
1609,689,1663,2
598,1334,1554,3
421,1531,1315,2
307,894,1141,3
1503,694,518,2
1031,1354,291,1
1765,327,1353,1
972,533,351,3
835,1592,60,2
317,1035,1637,1
1721,1309,392,1
1583,1015,73,2
433,275,897,2
1356,1060,1114,1
1148,1355,708,1
1318,1475,1443,3
884,713,686,2
442,66,307,1
1164,1552,1387,1
1320,650,1848,1
278,876,1226,2
760,325,1201,1
1828,1787,309,1
1312,538,1854,1
568,748,322,3
1829,1271,1690,1
360,1696,136,2
373,211,992,1
741,1606,1327,3
1381,557,698,3
671,66,1069,3
884,74,624,1
1528,1165,489,1
1506,690,168,2
352,1622,1016,3
753,1353,254,1
749,1193,1738,2
750,1760,554,2
203,897,352,3
53,853,1367,3
1838,1420,721,1
138,1352,1047,2
1291,1134,1745,2
858,47,1406,1
1203,1566,946,3
1110,411,501,1
1344,664,91,2
1015,1845,1298,1
1101,660,549,2
29,428,1472,1
951,41,685,2
412,1174,1393,2
115,784,992,1
1754,464,211,1
466,1673,256,1
75,783,1272,3
987,744,1191,2
1220,1102,284,3
842,514,598,2
572,283,66,1
517,665,1708,2
249,785,295,1
306,368,1627,1
1171,1544,1454,3
806,1620,1138,3
681,1648,727,2
902,251,1251,1
1611,144,1597,3
1257,421,615,1
1583,1267,117,2
1590,1281,1139,2
1315,1186,1807,2
162,1018,911,2
1148,1092,823,1
1189,58,1647,3
1444,701,169,2
933,973,712,3
697,116,1106,1
107,208,658,2
79,1525,1548,3
645,621,1466,2
970,1163,1334,1
1511,1430,1770,1
472,772,1266,2
1485,1488,160,2
836,499,465,1
326,1655,3,1
420,1789,927,1
636,672,729,3
331,1765,458,1
876,1015,1143,3
1372,734,982,2
1233,1258,1061,1
1680,1716,306,2
251,1098,1675,2
147,1099,607,2
267,457,1409,1
1490,239,1568,2
1826,1164,815,1
28,190,31,3
183,1741,614,1
671,550,718,1
1426,20,516,3
1476,364,703,2
1577,986,1667,1
1552,1516,646,1
479,1530,726,2
1098,1172,294,2
1039,1490,68,1
1153,690,1502,1
1141,493,1710,2
776,1459,575,3
611,1001,1683,2
1679,135,190,2
1539,801,874,3
777,160,684,2
591,348,854,2
86,1431,1064,3
102,1357,1741,3
1262,1361,57,1
269,549,1532,1
153,816,1758,3
322,996,253,1
1287,1601,911,3
933,1088,1722,3
438,1449,1115,2
1547,36,1470,3
462,1700,665,1
1418,1764,1426,1
286,35,194,2
1580,256,1225,3
968,742,551,3
1314,1603,953,3
1522,885,1195,2
821,1631,894,2
1481,1618,1759,1
569,1053,498,3
1262,756,723,1
963,1822,1294,1
1397,246,944,3
1162,1753,1678,1
1474,765,110,3
1411,1128,77,1
1035,1354,840,3
725,118,1184,3
1449,952,1088,1
1848,1367,1080,2
467,205,1422,2
1642,1329,1698,3
905,1579,148,2
353,1117,125,3
1087,1155,1518,1
1510,379,190,3
1538,1193,1740,2
314,850,260,1
776,659,376,1
1390,633,1518,3
1650,1560,1420,2
1653,140,1536,2
521,1719,874,3
613,1756,701,1
1788,1340,1585,2
117,1172,1405,2
529,1622,1146,1
1359,1724,1071,3
189,197,445,2
1247,995,1850,3
264,470,1152,2
565,822,151,2
1222,329,1612,1
490,624,400,2
653,1069,400,1
581,513,1627,3
1377,1063,985,3
1497,790,1773,3
102,288,1585,1
165,327,744,1
1266,734,1009,3
302,1233,896,2
1011,1416,1645,3
848,112,1128,2
1160,153,1067,3
395,178,1803,3
1675,1580,505,3
279,1643,997,1
1285,618,152,2
792,546,60,1
1302,1604,1078,3
1004,692,1752,1
83,1259,1229,1
1005,1084,1800,1
1186,608,1211,1
1557,1663,170,3
31,1811,132,1
797,1638,1176,2
301,916,1765,2
95,1229,906,2
377,758,1541,2
1308,1707,214,1
1181,1478,1338,1
1676,833,1213,1
1095,481,522,3
1220,924,1714,3
303,1218,1261,1
224,404,1828,1
1778,787,1518,3
1043,1029,184,3
296,1515,1190,3
57,595,414,3
1482,554,1258,3
337,1618,1553,2
1695,190,1641,1
1260,836,1740,1
773,1413,1217,3
935,179,8,1
1649,189,458,3
199,1669,1154,3
359,1226,833,2
1249,134,16,2
1765,616,1798,3
959,1382,1753,3
1742,204,211,3
259,496,147,1
18,964,831,2
1835,1593,1071,3
1516,180,1748,1
276,722,1168,3
112,638,373,2
58,1274,53,1
874,1798,1542,2
807,1361,135,3
225,667,118,2
741,1570,1792,1
984,809,1110,3
1244,1340,1498,3
911,1354,968,1
542,1674,521,1
492,252,809,3
1735,1799,962,3
605,239,521,3
204,1338,1649,3
1719,1328,723,2
1563,135,413,1
1011,1400,315,3
551,451,229,2
1621,504,654,2
403,384,1775,3
1133,474,308,2
1832,339,664,1
480,948,44,3
51,738,613,3
1235,1414,319,3
1544,779,638,1
979,1102,1789,2
1367,1570,308,2
756,1482,617,1
1843,757,1288,2
342,1626,743,1
366,1707,1654,3
637,1648,832,2
1231,613,530,1
1051,1241,1599,3
634,434,227,1
1138,1574,600,1
1225,993,1714,3
1779,1188,1484,3
193,1074,1122,2
191,1173,1161,3
1749,887,1017,3
137,382,1051,3
21,1365,211,2
476,682,1836,1
943,545,1791,2
1709,586,354,2
71,1809,97,3
1158,599,1651,2
1441,846,410,2
901,1706,1313,2
1309,727,1467,3
1596,781,728,1
1711,494,1137,2
693,1317,801,1
690,1364,468,1
1813,1035,1237,3
891,1844,1406,2
1830,361,947,1
1578,983,1202,1
1118,280,1,3
511,726,1090,3
251,625,446,3
403,1487,1682,2
711,228,1689,3
1131,715,702,2
497,185,900,1
1563,1822,541,2
118,406,1050,2
1455,283,1516,1
877,1570,499,2
850,1021,929,2
1723,1384,939,3
334,1841,1397,3
1793,681,881,1
287,1144,898,1
257,1461,1273,1
1344,1159,43,2
885,75,485,1
1420,1483,1533,1
1597,1605,1720,3
1754,1070,688,2
1226,455,269,1
558,1177,1347,1
102,952,286,2
1160,57,1453,1
368,1791,1693,3
765,583,63,1
857,1820,1829,1
1004,141,957,1
730,1169,1669,1
770,839,1599,1
103,1712,683,1
759,817,924,3
376,4,1398,3
1040,299,322,2
1148,1705,747,2
804,1018,235,3
552,64,408,3
1384,66,349,1
1360,95,1799,1
1017,673,341,1
370,1343,477,2
1206,1476,15,1
1435,900,75,3
1635,917,571,1
895,1669,1656,1
828,616,155,1
1718,179,1269,3
1421,907,1430,3
36,206,822,1
577,1630,107,2
99,421,796,2
328,1170,665,3
1360,1029,1275,2
837,1413,1352,3
1159,968,1543,3
530,1211,641,2
925,1624,658,3
595,1493,1370,2
1412,155,569,2
949,32,1252,2
1062,68,399,1
1781,1132,137,3
1840,1266,1003,3
69,1853,1016,3
11,1438,151,2
261,1039,1149,3
1579,1094,1218,2
1748,162,302,2
1722,715,1267,1
1838,1523,1397,2
841,11,196,1
727,303,1717,3
925,169,379,1
402,1825,1710,3
1328,1709,1451,1
1175,1683,424,2
1477,684,153,2
852,423,1348,3
954,1468,200,3
436,1017,1086,1
1149,440,1302,3
56,1260,1100,1
213,1090,437,1
420,1498,1064,2
809,101,509,2
837,110,1318,2
395,1546,363,1
101,278,93,3
293,493,1240,2
1535,556,606,3
1539,250,1314,2
1599,833,826,3
616,1597,1127,3
866,1489,838,1
1150,541,1442,1
1195,1145,1715,1
17,908,265,2
1655,926,429,1
338,1413,69,1
1231,635,714,3
678,390,1564,2
1128,1551,1608,3
1306,393,1602,3
748,1761,402,1
1355,317,704,2
642,365,520,2
1137,451,1581,3
233,1805,981,3
1495,837,1637,2
1720,283,1577,2
1142,702,662,3
359,1224,854,2
1488,645,1146,1
1530,1596,289,1
1172,349,97,1
675,1166,1426,1
89,1351,575,2
1639,287,1814,2
90,1304,995,3
1106,1608,1132,2
39,1255,1264,2
1692,849,167,2
1440,1276,1756,3
132,956,926,3
1365,1313,269,1
803,472,1107,1
1551,1760,763,1
1082,798,451,1
722,615,1391,2
1460,487,835,2
299,45,1379,3
177,1820,251,2
501,130,1500,3
775,1809,1225,2
659,763,343,1
1010,511,876,3
674,869,1156,1
1468,1190,943,2
1661,1845,1337,1
910,861,535,1
273,40,440,1
350,1252,1236,2
384,683,1709,1
1088,1754,1124,3
1178,1011,67,3
346,1106,1543,1
239,497,1509,2
299,1194,1054,3
1045,1522,1467,3
1074,645,1408,2
1278,1412,627,1
177,530,1034,3
1567,306,1841,3
906,1798,76,1
1507,1816,57,3
714,488,687,2
1213,422,1820,2
1061,252,658,1
358,224,1668,2
593,1464,1055,3
1031,970,1072,1
972,1011,851,1
1350,1082,9,1
201,1035,1078,1
140,1809,1552,3
712,1643,1562,2
1345,1676,1810,1
111,1681,1046,3
982,251,1270,2
418,1584,1834,1
1150,385,537,1
1380,1584,544,3
699,1780,1114,2
564,1225,178,1
1285,233,1687,3
1351,1339,1651,3
1140,989,544,1
1780,571,22,3
365,627,1834,1
830,1194,1440,1
589,692,893,1
37,979,1506,3
1203,1327,1764,1
1509,1409,1034,3
1717,577,1844,2
612,1298,840,3
553,1404,361,2
557,578,94,3
54,578,1583,2
1092,389,1557,2
1387,580,26,3
193,1355,1380,3
1641,143,1033,2
716,417,155,2
105,1205,1003,1
1508,1243,248,1
1826,1800,1553,3
461,980,77,2
1604,458,1228,3
1169,1195,1270,2
1287,1522,1194,1
1525,464,921,2
310,437,1809,2
1627,998,1823,1
1641,1252,1025,1
1597,1122,867,3
24,1282,349,2
597,950,1780,1
1453,219,1816,3
780,1252,1598,3
1797,1628,233,3
901,552,1613,2
1362,81,618,2
397,934,182,1
663,1407,748,1
909,494,1806,3
1297,1757,1597,3
1419,1690,1217,3
699,590,393,3
1484,924,370,2
1367,1188,1653,3
1297,564,1454,1
1680,332,798,3
1849,1208,467,2
534,1733,1353,3
1596,1006,1834,2
1337,202,1521,1
83,1687,702,1
1845,91,1638,3
1707,1321,4,3
277,1847,565,3
1790,1415,875,3
1173,1058,1353,2
179,1167,997,1
1189,272,671,3
993,29,1499,3
1332,395,1585,2
275,63,208,3
1060,221,1267,1
1847,1502,1328,1
118,1515,833,1
1233,1853,1082,2
1644,2,249,3
1682,1514,1730,2
1417,590,597,2
1689,756,684,1
558,622,1556,2
115,1566,970,1
1251,1044,1310,3
161,1510,661,1
980,685,1646,2
1008,649,1101,3
558,1039,624,2
1141,167,849,1
1528,1653,1809,1
1188,544,500,1
109,1678,168,1
1152,531,829,1
1606,17,1726,1
104,1359,1662,2
1575,591,1035,2
955,316,215,1
961,58,361,2
61,248,1087,1
101,536,53,2
1479,500,1601,3
1230,1709,103,1
749,1642,244,1
1557,792,1560,1
674,1674,1402,2
1189,618,1759,1
1049,208,1048,2
539,749,413,2
1597,1774,1359,1
303,1342,532,3
1387,255,917,3
1431,1238,117,1
1597,648,1076,1
702,359,213,2
370,1013,869,1
1408,986,662,1
495,790,1251,2
223,1432,953,3
1509,1515,492,2
760,98,1703,2
935,597,1394,1
500,1004,260,1
73,1576,1678,2
1446,1651,51,3
1328,602,879,2
451,207,575,2
638,1526,1697,3
660,1072,1203,1
1674,1275,1797,3
307,526,679,2
1549,894,680,1
962,73,468,2
644,1699,266,2
812,1554,851,3
1288,901,1263,2
1533,106,337,2
1355,1050,1743,2
1021,1795,1432,2
529,835,1353,2
603,686,179,3
1350,1239,1844,3
914,473,189,2
724,1429,131,1
613,248,1778,3
1420,1099,1799,3
1727,481,1831,1
885,1325,835,1
51,268,78,2
1329,1562,240,3
867,1335,1177,2
253,1125,1182,2
591,171,1145,3
1636,784,579,2
1357,856,461,1
1682,140,1221,2
989,1738,63,3
1758,327,952,2
540,1351,1398,3
1660,1130,1042,2
1704,744,1325,1
1825,1489,142,1
1622,1397,827,2
177,1165,1453,1
1826,590,276,1
956,34,1583,2
1293,465,271,3
1616,337,846,3
1826,1305,227,3
563,734,1457,1
1496,1271,900,3
226,1259,489,1
1394,1429,1276,2
548,1021,1054,3
430,692,1468,1
594,337,1038,3
34,771,933,2
1641,1760,1637,2
1403,1117,1559,2
699,1733,954,3
1738,928,462,1
1232,581,699,2
983,1228,199,1
762,1008,1758,1
207,425,169,3
1328,1831,156,2
1551,14,1679,2
1672,1736,733,1
579,765,53,1
1579,1506,1014,1
321,833,1048,1
220,32,58,1
147,1655,78,2
1572,947,1473,1
319,1405,1795,2
1220,375,23,3
1509,554,763,1
1507,368,246,3
1119,1306,1188,1
1596,1171,803,3
98,1444,1843,3
640,84,125,2
1250,66,905,2
1568,1637,226,3
238,236,155,1
288,850,627,2
749,634,1057,3
1255,1585,1776,3
972,15,1569,3
1289,1254,1177,1
1726,749,731,3
1802,396,1681,3
294,1787,1143,1
1186,873,1467,1
2,1365,1527,1
1368,63,486,3
258,1606,774,3
1222,689,1792,3
1268,1741,955,3
1291,170,196,3
977,1598,1734,2
1193,1273,118,2
1600,1285,648,1
651,1267,1205,3
1417,968,115,2
403,1712,269,1
1332,1128,876,2
1128,930,1643,1
1112,1125,481,3
1066,308,1366,1
1276,205,1688,1
970,726,1444,1
1191,153,463,3
1377,189,130,3
1109,594,302,1
440,330,325,2
1365,571,113,2
37,1786,750,3
1175,1170,496,3
1290,85,1403,1
1308,1235,207,2
151,426,1357,3
1448,647,383,2
1126,369,129,3
930,1148,193,2
243,1136,1625,3
532,365,909,2
152,1086,1466,3
1818,841,1777,3
333,132,1372,3
891,620,894,3
314,417,473,3
839,988,745,3
217,450,1238,2
993,601,196,3
840,1647,1242,1
1833,61,1313,1
816,1010,1053,1
759,389,1568,3
672,1113,1829,1
4,1783,1695,3
874,406,1238,2
113,1515,5,3
324,1185,200,1
1656,293,158,1
87,381,579,3
336,287,121,1
587,815,968,1
1636,571,563,3
119,502,1771,2
1611,1034,1057,1
862,441,424,3
371,665,356,3
1844,416,1839,2
1335,455,134,2
1102,1778,1562,3
1071,754,1658,1
1136,636,1461,1
1283,1642,545,2
601,498,186,1
1668,1042,245,2
207,318,317,2
1443,515,1187,2
142,92,920,1
1246,544,1635,1
882,1315,1034,3
1182,120,172,3
1261,888,330,3
1293,1539,1356,3
1655,1581,1494,2
752,265,175,3
1821,1230,528,2
1842,1162,985,3
1809,460,411,1
1853,177,97,1
733,804,753,3
1835,1388,1442,2
815,1235,1306,2
1470,221,1072,3
832,1149,1083,3
1168,1548,624,1
1137,1067,1203,2
394,131,176,2
597,180,1306,2
1838,1675,405,3
1158,1016,1697,1
1761,716,1784,1
465,1684,1642,1
1028,660,754,2
220,655,168,1
1707,564,1609,3
421,11,178,3
1680,1780,793,3
582,1140,975,2
94,1554,1416,2
1432,223,1243,1
914,825,277,1
200,360,1653,1
368,607,35,1
876,1736,1293,2
966,90,1429,2
506,1538,142,2
1155,278,777,3
763,194,1179,1
1024,635,1221,2
1612,62,432,2
326,895,730,1
1800,1735,867,1
1764,344,311,2
150,954,291,1
970,118,1236,1
1832,610,877,2
200,1341,60,2
1836,1404,204,2
1592,273,414,1
1496,1509,1225,1
1031,292,379,1
17,1769,451,1
1406,841,1135,1
488,679,819,2
166,1333,363,2
617,1181,1675,2
1169,894,1474,1
980,857,1272,3
655,1527,772,2
1181,349,1321,3
772,800,1695,1
1095,837,630,2
669,287,1285,3
1761,735,1079,3
50,1695,621,2
1701,1301,1542,1
1077,1634,814,3
968,1419,1258,1
399,31,494,2
1449,692,1291,3
1282,621,23,3
1264,261,1614,3
692,1843,966,2
548,1669,209,1
540,296,1559,1
1352,568,177,1
655,237,1222,1
1345,1783,1381,3
290,535,20,3
1446,273,372,3
472,1009,731,3
1411,1102,33,2
1389,1846,412,2
1097,347,328,2
165,1544,429,2
1504,795,1226,2
1223,1481,831,1
300,814,942,3
1287,1039,1482,2
1801,1685,627,2
1596,1487,978,2
405,506,661,1
100,1347,694,1
193,1479,1086,3
1835,1009,1536,3
738,687,1570,3
1033,1043,201,3
1060,121,1253,3
124,1274,1434,2
609,1656,350,1
1092,276,191,3
1832,1407,1085,2
271,717,1748,3
1170,351,1468,1
471,109,742,1
1393,970,434,1
777,1344,1021,3
1253,584,1147,3
246,1742,874,1
589,81,73,3
1007,638,1316,3
1283,217,1276,2
1386,1740,1556,3
1780,85,240,3
66,258,1268,3
301,250,986,2
443,283,1161,3
34,742,1295,2
1625,482,750,2
341,631,1006,3
1527,1404,28,1
1725,226,516,3
607,1335,1614,1
1663,1036,1311,2
1805,1182,1778,1
1365,1742,1262,2
1175,1234,1157,2
1747,500,108,2
944,736,1831,2
1821,1708,117,2
361,1710,1080,3
388,1308,326,3
38,337,1690,3
1305,239,117,2
1453,284,1713,2
866,604,1522,2
1262,283,73,3
565,779,415,1
1470,154,539,1
467,1551,1140,2
1712,1839,407,2
1614,532,967,2
1185,482,1840,2
346,131,1786,1
794,132,1011,1
1020,300,663,3
1137,1377,722,2
827,753,521,1
446,1189,1288,3
1740,637,1252,2
813,1337,574,1
1679,438,755,3
101,796,86,2
1506,625,890,2
1696,54,1085,1
1712,1416,1048,2
64,1794,1502,3
1669,799,1745,2
1696,685,971,2
1554,625,643,3
1323,1644,381,1
1723,579,1696,3
910,1790,1672,3
1712,653,1326,2
202,261,233,2
1090,289,325,1
578,673,58,2
894,1801,373,3
878,934,1177,2
1375,1670,272,1
1678,1385,1596,1
172,1622,502,1
1002,809,983,1
764,1632,160,3
868,775,541,2
1806,1377,1833,1
1207,802,407,3
431,1307,784,3
565,1134,1054,2
52,1258,487,3
1455,1117,163,2
243,1258,986,1
1278,673,540,1
1522,683,284,1
823,216,1733,1
811,797,251,2
1497,1096,1347,2
667,1788,1673,1
245,547,808,2
443,112,1294,1
573,1723,1273,1
1016,935,1521,1
487,1107,1233,2
1124,863,136,2
345,758,1829,2
1611,50,453,3
1253,712,1657,2
1664,122,763,3
1398,1030,233,1
278,1520,150,2
1526,241,4,2
765,432,930,3
1507,551,1392,2
1709,1229,382,3
176,961,1844,2
75,1028,1592,2
1704,110,70,1
776,79,874,1
1623,1034,960,2
8,1831,994,2
1673,378,1722,3
1000,1446,726,3
323,912,1005,1
74,1303,1718,3
896,1327,652,2
521,979,1612,2
184,1187,188,2
1448,807,1099,3
1744,824,1686,3
183,179,601,1
1153,1334,40,2
275,776,778,1
1015,1479,564,3
484,1151,258,1
1075,963,605,3
1422,259,586,2
497,151,362,1
98,21,764,3
1723,157,676,1
315,1035,1741,1
1554,446,860,2
678,1357,1522,3
617,1616,1295,3
1273,429,474,2
1453,1019,1106,1
1604,743,1040,1
515,1255,1768,1
363,1785,1522,3
852,752,1563,2
1563,1307,1066,3
447,1418,1386,1
22,1255,192,2
528,682,640,2
1844,1286,912,1
1620,1654,364,3
597,1141,1070,1
377,637,244,3
223,1692,415,3
1300,1427,1395,2
723,984,365,1
1604,1475,1722,2
1430,859,883,1
1749,634,239,3
941,568,743,2
1375,329,1659,1
358,415,13,1
691,566,445,2
1459,95,637,2
1386,1681,593,3
398,820,978,1
910,1421,901,2
1125,1119,156,1
1220,519,810,2
507,1229,478,2
445,833,874,3
443,1293,1064,3
170,629,1683,3
167,401,586,1
518,1093,1176,3
791,1432,1107,1
1269,1545,195,1
1480,668,505,3
973,391,1342,1
1161,1821,1035,2
1208,752,1597,1
1259,959,229,2
1413,888,1759,1
1557,1130,1355,2
1237,1208,1071,1
1661,28,119,2
1133,939,805,2
1659,1076,1025,3
403,691,659,3
381,290,1230,3
898,720,1026,1
1217,1805,56,1
1657,709,1524,2
1437,1371,325,3
1469,1810,316,1
28,365,1408,3
271,1535,1500,2
1297,374,910,2
1073,991,1611,3
1000,987,1217,3
136,1198,45,1
148,1166,318,1
1698,1764,1259,3
145,882,496,3
1148,392,1850,2
1308,878,1466,2
243,758,1851,3
836,1387,819,1
998,1133,700,2
18,1120,958,2
1258,18,1406,2
1351,118,1138,3
681,156,277,1
610,44,548,2
1558,941,347,3
1371,1227,889,1
1669,1423,1648,1
1061,1020,684,3
591,119,1249,2
1228,1161,827,1
186,1504,1647,2
513,219,1621,3
1290,1565,1048,3
1811,847,1558,2
105,554,1073,3
353,593,1331,3
1291,1401,1161,1
1245,1138,809,1
1524,471,1416,3
276,1347,725,3
1296,1345,1308,3
1254,1774,83,2
364,859,949,1
1212,1312,1112,2
1556,283,1203,2
1454,970,1440,1
1180,1764,1756,1
259,625,693,2
891,1003,679,1
235,225,1478,3
1210,1816,139,3
1447,1474,512,3
550,1101,1441,3
1268,1803,1539,3
1365,161,1243,3
734,548,1527,1
430,791,1032,3
597,46,176,2
894,1370,1145,2
1156,1262,1633,3
964,735,824,3
1202,989,1033,1
412,1077,1003,1
1519,278,1565,2
19,1571,1,3
931,874,1450,1
705,210,1385,2
795,973,1503,2
55,43,717,3
1489,5,465,3
126,430,1413,2
1085,1536,993,2
122,246,290,2
380,280,447,3
147,1191,1202,1
376,924,80,3
104,364,55,2
157,1446,167,1
1581,302,1367,1
421,1718,1271,1
753,477,1009,2
1603,897,1053,3
676,638,1731,2
100,868,1637,3
1565,1327,1255,2
539,1333,427,2
482,1624,280,1
241,872,336,3
1168,1840,1129,2
1495,1744,222,2
1497,334,747,1
1306,979,706,3
911,43,896,3
553,1127,790,1
575,1559,587,1
910,42,945,2
1361,111,1596,3
585,694,17,2
913,1015,1590,2
1414,731,480,3
1798,50,375,1
1069,674,838,2
875,768,533,3
1216,18,1330,2
1412,1834,1389,2
1214,1382,385,1
1535,500,478,1
14,826,277,3
1487,704,1489,1
1647,844,1224,3
1229,581,1047,2
1436,40,1406,2
942,1715,1262,3
699,242,475,2
1032,1591,499,1
80,505,31,1
222,233,657,2
1326,646,159,1
1239,1592,162,3
1745,1513,392,1
168,28,562,2
1137,358,1344,3
157,396,1034,2
51,99,1788,3
1321,1450,1420,3
32,1744,690,3
916,1482,1832,1
1657,565,1163,1
1429,1553,956,3
1163,422,511,2
645,1093,1025,3
539,443,1748,2
1206,771,306,1
1792,1618,909,3
1673,72,416,2
1244,391,83,3
669,779,1714,2
824,1067,722,2
517,1202,536,2
857,893,869,2
870,1826,1023,3
1080,1317,867,1
962,507,634,2
583,354,8,1
269,687,1433,2
788,520,531,2
484,1809,1062,2
407,66,159,1
1598,625,878,2
7,1737,1093,1
1100,1071,883,3
675,446,1506,1
832,725,1645,3
1210,66,4,2
1704,126,1833,1
590,482,1740,2
1734,26,1326,3
132,75,1677,2
249,1424,776,2
1399,162,766,2
1692,1333,1129,1
37,33,100,2
1129,308,250,1
72,902,563,2
1001,29,296,1
1845,1226,941,2
1338,1344,770,1
580,1354,1146,1
280,1007,1711,1
1378,1114,1341,2
1001,179,223,2
1407,1178,741,3
1135,333,1787,2
650,133,878,1
537,1291,1068,1
969,1834,698,2
1122,36,1313,1
403,1301,602,3
462,552,295,3
1364,1709,1652,2
42,756,1483,1
513,441,1775,2
717,130,620,3
532,1551,18,2
96,1838,502,1
637,1006,565,2
1766,1792,1405,2
86,1043,1066,2
592,587,1560,3
306,1718,1629,3
1193,283,1126,3
322,752,1419,2
40,460,1497,1
688,1033,516,2
78,197,154,3
460,551,83,2
1039,119,1586,1
947,1029,1239,1
218,647,147,1
869,1609,1625,1
1266,463,97,1
706,763,32,2
833,1269,483,2
557,1472,1577,1
541,403,872,1
1604,1214,1497,2
684,1730,1106,2
112,872,289,2
1596,164,1734,2
1258,648,608,2
1102,1434,452,2
1021,439,1498,2
1222,505,1381,3
31,706,1700,3
510,78,1062,3
1707,618,726,3
1793,1359,393,3
875,779,254,3
1561,1464,421,1
201,889,112,1
665,1288,448,1
539,461,956,3
1061,684,101,1
1835,230,1125,3
1839,1740,1429,3
143,309,8,2
172,673,228,3
1705,344,1763,3
1628,1619,395,2
220,393,1751,3
223,1173,1048,1
403,627,1036,1
1450,599,106,2
43,231,1461,1
1138,1768,526,3
1360,157,139,1
561,756,1115,2
219,438,396,2
952,489,394,2
1542,204,1366,3
1840,612,1687,2
1506,188,1827,2
750,34,1264,3
1219,1103,65,3
976,470,1704,3
1184,1563,1791,1
152,1392,1097,1
1542,1342,269,3
1237,926,1797,2
1692,783,1415,1
1289,49,1423,1
1575,1793,654,2
1593,1685,1146,1
1491,1820,538,3
1657,98,199,1
1716,988,28,2
1118,311,548,3
386,170,496,1
1018,946,1138,2
749,1105,781,2
781,58,556,1
57,1681,1105,1
1429,410,1253,3
1750,124,565,3
808,327,1731,2
941,114,882,2
1001,813,1036,1
1574,1443,96,1
28,1597,580,1
1630,1467,764,2
1821,715,920,3
1455,1501,885,2
162,909,846,2
867,889,1219,3
1093,1463,638,1
1633,509,690,1
617,277,640,1
1111,1460,762,2
1428,173,435,1
121,481,537,3
842,1103,492,1
998,115,290,3
961,226,956,1
817,1239,59,2
871,421,303,3
97,1851,45,3
7,1810,1517,1
1628,1267,851,2
750,89,1057,3
1803,1588,1451,3
279,651,1294,1
1055,1096,1204,2
1734,69,1293,2
1776,568,1818,2
215,1219,701,1
676,1467,221,3
921,1836,1655,1
282,294,214,1
688,233,111,2
1312,745,1222,3
630,1291,538,3
1365,351,1141,1
851,965,1549,1
743,632,1159,3
1021,337,1388,1
633,674,1175,1
482,1113,1007,1
1235,970,612,1
1479,92,1426,1
513,1651,1475,1
783,534,200,2
1228,1444,753,3
172,1360,1709,3
1742,1332,892,2
686,94,863,2
470,391,1786,3
1620,1302,562,2
1823,225,1300,2
699,311,1423,2
1821,272,1650,3
1714,806,1484,2
1105,894,289,2
1347,566,761,1
2,531,710,2
1118,257,647,2
1422,1092,635,3
1712,27,436,2
841,16,1529,2
719,1733,868,1
608,670,1743,2
1617,374,1767,2
1129,1244,1796,2
1802,50,1278,2
510,1797,1596,1
1246,1367,133,2
98,1187,503,3
457,725,1095,3
953,1377,1158,2
302,1124,135,3
310,785,1282,1
527,1729,174,2
1640,1671,1558,3
268,1323,1177,3
738,1021,549,2
1206,1433,1589,3
274,1589,1529,1
285,1815,811,1
1601,1583,1831,2
1077,486,1228,3
1799,272,208,2
629,1704,571,2
1380,746,226,3
125,296,1703,1
1172,926,1686,3
1631,1307,224,1
641,278,411,3
849,894,696,3
586,242,884,1
201,317,125,2
722,1840,1177,1
1316,353,430,1
179,423,475,2
1454,993,531,2
1603,198,263,2
1520,289,509,3
372,135,710,3
1230,1241,1225,3
1627,1242,1228,1
380,39,1431,3
808,910,208,2
1171,1374,252,3
30,1393,971,1
878,500,867,2
32,1696,236,2
1074,973,528,2
1371,1618,772,1
473,353,59,1
577,1085,1352,1
995,507,549,3
526,401,1522,1
956,1163,1380,1
1664,542,898,1
1840,876,343,2
371,686,587,3
1455,296,1390,2
221,437,1017,3
1319,305,854,1
1266,1113,1069,2
1539,1550,655,1
805,1311,735,2
488,999,628,1
495,229,461,1
344,979,516,2
637,682,1526,2
1047,1292,769,2
143,1189,1342,1
923,1229,1400,2
1282,1284,883,2
1283,1254,1682,3
346,308,158,3
834,1037,835,2
1801,1647,1477,1
876,1607,635,3
976,1085,1737,1
1787,167,1831,3
318,1268,184,1
1436,1541,469,3
336,652,561,2
130,59,309,3
419,1120,609,2
1547,1293,1698,2
1297,811,1374,3
91,998,899,3
1232,1782,5,3
1778,848,1273,2
364,650,614,2
351,1481,728,2
656,1768,1355,3
55,882,801,2
1643,1617,1043,3
1374,1790,883,1
109,1169,237,3
1083,1002,48,2
112,81,1339,3
35,1710,658,1
1731,891,681,3
521,863,1573,1
65,519,24,3
1268,957,41,1
1034,266,1001,2
514,1260,731,2
1023,191,42,3
941,37,1654,2
167,1502,284,2
23,1585,721,1
342,686,919,3
1089,488,162,1
1814,928,1784,3
738,1359,481,3
758,359,398,3
1377,121,244,3
462,1358,1715,3
305,1352,993,2
1357,1628,308,3
1051,152,1187,3
1284,538,1013,2
1454,1811,548,1
1356,1519,657,3
1799,532,1041,3
282,26,963,2
274,788,157,1
1272,156,53,2
1133,740,1752,3
1067,1215,318,2
1015,988,1798,2
1547,420,1246,2
154,70,1080,3
1011,466,169,2
1171,1081,1397,3
421,644,142,3
1733,665,493,2
962,584,20,3
1766,1420,1712,2
1085,217,1690,1
984,716,388,1
848,191,1309,1
71,407,1012,2
527,1142,1202,1
763,146,122,3
1214,1331,1301,2
344,1304,786,3
1264,532,1420,2
491,669,1661,3
1296,1547,1402,3
1505,1697,605,1
514,434,1171,2
597,579,286,2
1677,1658,342,1
210,589,1531,1
1532,1347,695,3
1013,673,476,3
1658,958,1136,3
1340,327,1759,2
943,1358,742,2
897,993,852,2
1153,1764,296,2
1211,503,981,3
1091,1432,1711,3
338,506,56,1
513,1768,1147,1
16,1729,880,1
1479,1081,171,2
254,710,1308,1
676,1469,1714,1
709,1687,730,2
1477,1445,19,1
1054,586,926,2
623,1231,1304,2
74,945,988,3
1635,1638,531,3
1382,1842,1772,3
1236,824,655,3
507,1731,1650,1
1268,853,1693,1
64,1034,1530,2
857,407,603,2
1125,364,436,1
383,775,931,2
338,932,798,1
929,390,1359,3
698,202,133,3
1059,609,1751,3
1682,803,380,1
1247,152,1127,2
450,595,1346,2
1299,1447,1850,2
977,556,600,3
1234,801,584,2
715,246,957,2
1788,1443,1595,2
405,466,1469,1
1246,1284,1693,2
792,1179,1366,1
812,1592,783,3
258,846,164,1
975,277,1708,1
1713,1478,565,1
689,1526,905,2
1268,1275,26,2
1643,1330,1276,2
1831,1823,1306,2
59,865,995,3
20,1583,741,1
588,193,1345,2
1170,153,980,2
345,697,847,1
875,252,1577,2
1403,1263,218,2
949,1563,1660,1
1438,279,632,2
1338,759,803,3
1003,934,636,2
77,1157,1146,2
889,820,778,2
975,938,1453,2
141,1322,1347,3
783,563,528,1
249,522,902,1
257,1767,1307,3
758,627,433,3
621,1539,1339,1
748,713,1541,1
892,381,633,3
184,1276,112,3
920,1480,1016,1
1775,403,26,2
550,1233,393,3
1390,406,1791,3
176,857,571,1
942,1441,1414,3
1726,680,1222,3
202,622,441,2
1116,325,275,1
1108,591,1007,1
1755,860,1626,1
451,171,1212,2
694,1410,500,3
268,772,502,3
1754,1449,1685,1
1559,138,1096,2
59,333,606,2
355,721,1426,1
1168,1392,64,2
108,788,1692,2
942,1665,1561,1
1649,718,30,1
1449,1321,1378,3
709,22,526,3
794,1169,1668,2
1106,964,432,3
337,441,1822,2
323,1074,1432,3
355,1244,718,3
1037,27,771,2
1267,78,358,1
1161,1000,780,1
1405,1728,1153,2
1768,1450,637,3
919,740,992,2
603,1010,284,1
1328,96,1677,1
281,290,1367,2
1453,840,33,1
1844,1783,937,3
582,1180,480,1
1829,1728,1750,1
704,200,1823,2
1373,1574,1690,3
1555,1850,1340,1
691,1078,1052,2
846,1425,355,3
354,1528,311,3
966,269,1806,1
244,734,762,1
825,570,800,2
1662,1651,93,1
818,1411,591,3
404,1739,1795,2
1556,683,1697,3
476,504,50,3
265,1813,1143,2
835,65,690,3
1651,1339,572,1
155,1474,30,3
20,1675,930,3
1181,1792,519,1
1409,924,1615,3
56,1434,1504,2
482,1699,481,1
1313,790,1067,1
72,565,872,1
306,355,1850,1
1221,569,1744,1
969,699,1151,1
948,1636,705,2
962,1246,603,1
1516,630,1126,1
921,513,801,1
64,54,353,2
1384,499,1747,1
1156,1796,327,2
408,1702,1851,3
1216,6,210,2
1191,979,211,1
47,641,1695,2
712,495,1646,2
1369,1060,356,1
549,1839,1202,2
501,681,659,1
816,1650,960,1
825,591,782,3
1696,465,373,3
1737,1749,1848,1
1167,256,473,1
54,1766,165,3
614,236,1375,3
814,1606,1167,3
1196,18,1783,3
319,833,1463,2
992,783,11,2
229,973,1044,3
266,890,332,2
1746,1751,559,2
1781,592,979,2
1155,834,807,1
1829,991,478,1
1768,688,704,2
640,1786,627,2
36,606,214,2
1657,1100,1266,3
372,1708,1111,2
1659,756,212,1
1550,73,1831,2
1520,493,1551,3
1512,1833,1334,3
746,1242,1544,2
555,1697,1483,2
396,1152,399,2
1470,858,272,1
1176,642,1080,1
401,342,1612,1
1704,7,190,2
416,320,502,1
341,685,1170,3
433,1102,1607,3
739,1468,568,2
1301,1229,665,2
1673,1024,1178,3
1824,304,1554,1
1390,591,58,1
1423,321,261,1
220,1017,1699,1
1010,964,1069,3
587,1640,1075,3
1601,221,83,2
1375,121,146,1
941,452,940,2
425,339,1065,3
764,1759,1596,3
1759,1020,1344,3
1001,370,118,3
421,1351,1802,2
860,763,1070,3
229,600,1106,3
1059,1535,1805,1
814,813,831,2
1245,553,1202,1
1243,434,537,3
186,608,814,1
1255,74,665,1
480,95,606,1
1207,1,1379,1
160,1040,1084,3
874,247,845,2
1384,1770,1251,2
1534,1805,1103,2
1209,454,658,3
1360,1039,834,3
1203,814,485,1
1443,663,899,1
1090,705,587,1
302,299,1447,3
1561,1169,594,1
1145,1403,196,3
1150,537,1343,3
217,1827,131,2
1678,294,49,2
801,1107,1242,2
623,1131,1746,3
737,1435,153,3
1052,829,237,1
1085,617,1038,2
767,455,1643,1
879,1029,853,2
86,1591,268,3
250,963,442,2
696,745,416,1
901,2,687,3
1850,1829,1036,3
1609,488,1104,1
1431,1835,1148,3
1401,1102,1524,2
1204,1746,150,2
1789,1730,329,3
138,504,399,3
768,762,360,2
337,621,398,3
334,758,1380,1
1558,1021,472,1
378,670,312,3
852,1717,204,1
468,884,1089,3
454,1417,1017,3
362,70,1508,1
1126,1209,912,3
484,339,1152,1
1392,74,1619,2
1458,1531,1089,3
399,925,1672,3
497,1476,104,3
906,1469,491,1
998,168,1804,3
1202,1721,423,3
1627,6,1303,1
1594,134,1251,1
452,883,294,1
751,42,649,1
1414,114,645,2
190,859,877,3
20,1775,536,1
321,803,1338,3
1706,1374,669,1
1239,1165,1571,2
592,98,1768,3
367,1024,1770,3
1422,415,1006,1
1480,1842,549,1
818,1280,850,1
1393,423,273,1
651,1301,1329,1
756,1353,4,3
1337,1696,342,2
1542,676,1437,3
1480,1589,622,1
644,253,219,2
115,1283,1223,3
1594,1020,1010,3
1663,1706,83,1
835,1211,501,1
1844,1774,374,3
1460,895,855,3
225,454,311,3
968,1796,486,2
1688,1422,1356,1
1805,1648,166,3
1339,204,304,1
496,1024,852,3
1424,349,1644,1
671,1517,1753,3
260,1086,1570,2
1544,85,1753,1
1617,549,1462,3
725,1266,80,1
1734,132,44,2
235,884,1109,3
1172,1447,871,1
305,934,147,1
546,862,152,2
1741,686,795,1
1077,1187,295,1
1477,1113,283,2
235,1282,1716,3
375,655,1725,2
1336,1674,1297,2
1814,475,1829,3
1196,1549,990,3
1697,1706,1166,1
103,370,1680,1
1696,510,711,2
1389,769,1341,1
95,1594,1057,3
166,924,877,3
1674,657,354,1
828,124,1363,2
1501,61,404,2
992,284,1481,3
93,1618,1208,2
241,1282,655,2
1393,1363,340,1
757,704,1216,3
1849,1493,863,3
578,842,49,2
800,1711,1762,3
1070,331,1322,3
16,31,403,1
329,197,1178,2
1733,1515,1053,2
1217,631,617,3
731,595,1772,3
297,859,1536,3
857,1748,1234,1
133,595,851,3
1617,706,308,1
1082,1019,653,2
1669,1320,1068,2
401,1395,1460,3
554,1349,529,2
1441,1300,1621,3
256,375,400,1
400,1350,1583,3
965,654,1538,1
1372,937,1218,2
30,317,622,3
525,225,1719,3
1529,236,1212,2
1852,871,459,3
1017,526,464,3
628,664,872,3
226,277,654,1
483,1547,328,3
1470,1839,908,2
1461,149,215,2
1177,566,169,1
1150,496,1299,2
1542,595,1704,2
452,393,1,3
658,827,170,1
1289,52,1806,1
1730,1007,1386,2
1121,1024,1518,1
760,870,407,3
1164,1097,1548,1
1646,1339,912,3
1388,84,811,1
1483,941,475,1
1834,298,184,3
471,1432,965,3
1486,1279,908,1
1411,352,361,1
1850,1342,1839,3
1405,339,1456,2
1836,601,1555,2
1771,949,374,2
1641,365,1513,3
165,498,441,3
365,28,1524,3
1518,80,1561,2
1053,1256,258,3
1217,1487,714,3
1162,62,218,1
836,1756,458,2
642,732,319,1
64,1522,470,1
1087,1025,1849,3
1056,563,1103,3
620,130,1282,3
1725,851,702,3
1348,1201,936,1
408,470,154,3
1699,797,538,3
1238,1668,1017,2
207,1807,521,1
1102,1268,1253,2
366,858,403,2
1629,1529,1126,2
1251,1414,745,3
1321,880,1242,1
677,419,180,3
1408,222,607,1
549,1791,1086,3
1050,1157,1221,1
159,302,918,1
1617,1244,1288,1
250,1768,711,2
919,416,419,2
607,137,1751,1
764,558,1697,1
1544,1241,1434,1
192,604,880,2
102,191,907,1
68,879,1422,3
996,1253,845,1
700,582,975,1
1575,1188,1062,3
1845,1615,778,3
882,1648,1519,2
1000,1406,570,2
1076,473,1078,2
1042,1358,1492,1
1557,1015,1425,3
1073,1132,1122,3
1704,1132,1449,3
1696,1122,667,1
729,1221,1735,2
683,576,733,1
561,1526,1164,1
1854,746,310,1
853,15,822,3
886,1589,1637,3
1223,833,1099,2
713,21,1484,1
1442,48,276,3
1773,180,370,2
1691,928,898,2
608,1668,1106,3
1624,1679,1779,2
780,1663,201,1
1716,1259,1407,1
1433,1680,334,3
204,253,343,1
1637,135,1543,1
566,746,284,3
476,62,1841,2
1381,447,457,2
907,908,870,1
1191,1840,1314,1
527,42,377,2
134,80,1372,2
210,1475,1204,1
159,992,295,1
49,1751,882,1
1073,1149,726,3
898,675,1196,2
223,1294,1291,1
368,1082,216,2
442,277,706,3
829,1599,1798,3
548,965,728,1
605,3,136,3
446,199,918,2
1509,1118,36,3
119,936,1,3
1199,19,1472,2
42,1848,335,2
195,226,1415,3
172,1100,977,2
1551,1688,76,2
602,457,396,3
294,676,1567,3
1073,1544,722,1
776,1187,230,2
373,471,1825,3
488,1157,413,1
1133,487,608,1
724,159,1522,1
694,793,941,1
1619,503,673,2
1835,1149,1166,1
370,171,1333,2
767,1333,1316,3
1442,1123,794,3
1565,405,451,3
1190,621,1300,1
523,607,1698,2
289,162,1820,3
1358,188,1208,3
68,630,1326,2
1106,1814,838,2
1037,642,1364,1
1270,1160,690,1
355,435,1671,3
219,613,1631,3
1015,744,151,3
673,1209,1204,2
1848,1515,395,3
1805,1213,1768,1
1770,145,796,2
1538,537,1514,3
128,462,579,3
706,1468,1789,2
340,47,91,1
282,1320,447,1
1171,897,1378,1
356,20,1044,3
99,415,844,2
802,98,123,1
1147,1135,502,2
813,1784,568,2
1697,288,897,2
254,1337,532,1
512,1684,1197,2
849,1543,261,3
460,540,1474,3
1219,433,1779,3
1778,742,1582,2
1782,1118,1778,2
428,42,1591,1
115,503,956,1
1685,1759,1424,2
1270,1099,140,2
916,857,1273,3
909,344,69,3
745,1526,1714,1
451,739,788,2
1824,721,608,3
1253,23,586,2
23,1151,1182,2
1484,1507,114,3
1219,1725,306,3
6,1616,248,2
340,98,1287,1
589,1778,1489,2
106,1319,1705,3
48,1329,28,3
54,932,928,3
1820,1797,1598,1
447,1845,718,2
115,737,1659,3
324,1753,1196,3
948,1437,1409,1
958,352,1854,3
1244,929,1067,1
1445,1761,694,1
889,531,284,1
1230,1059,526,1
972,804,827,1
780,1464,281,1
1149,1294,447,3
309,1450,986,2
484,1092,1334,2
1760,1485,1632,3
1201,1081,651,1
1162,384,900,2
593,535,1724,1
1204,1661,1611,3
842,1828,1440,2
22,578,537,2
1760,1650,440,3
619,114,1696,3
798,997,1133,3
764,1562,402,3
769,558,650,2
53,1380,38,1
497,661,1740,2
1224,830,121,2
184,172,151,3
377,603,266,3
957,542,1746,1
1728,967,158,3
247,1110,254,2
685,1364,1183,2
599,1663,309,3
1286,1500,298,1
525,1529,132,1
1587,244,822,2
174,1361,250,1
347,1524,1266,1
231,55,162,3
1613,1708,1406,3
557,759,1009,1
925,837,694,3
635,456,1424,1
563,1850,580,3
287,995,1462,3
1821,1053,1689,1
424,1441,712,1
1543,415,1029,2
918,1433,1042,2
1147,1695,654,3
1561,794,1232,2
655,1416,244,3
1032,54,758,3
1404,1646,1681,2
856,1658,1141,1
565,620,725,3
242,1781,853,1
37,733,4,1
1517,434,1289,3
915,1725,1093,2
1798,1310,1175,1
1709,1411,1679,1
917,189,1622,3
1808,398,583,1
419,841,1106,3
1358,703,1364,3
1630,739,1744,3
507,730,1365,3
1222,1536,1506,1
266,259,783,1
2,1747,167,2
126,295,643,3
1262,1775,1045,1
1689,468,1373,2
469,46,1724,2
1617,1282,786,3
1109,1817,1319,3
930,215,1439,2
271,117,1594,1
1854,863,376,2
1099,1662,1800,1
1186,472,741,3
1207,1721,1382,2
1165,664,903,1
1740,160,649,3
1118,677,1852,1
337,1229,267,2
1282,1233,1313,3
815,224,1704,2
873,458,1117,3
263,1227,266,3
1019,311,1622,1
926,1580,1043,1
311,228,1335,1
173,373,1123,1
482,796,816,3
1724,1643,1336,2
93,1049,1575,3
824,1431,224,2
691,539,822,1
1409,813,706,3
692,1794,92,2
213,428,1305,3
1648,736,142,1
1060,457,693,3
1181,644,1224,2
711,394,1373,1
605,815,1816,1
1399,326,1660,2
1305,297,1735,1
1671,1603,1094,1
985,597,1317,3
1536,798,379,3
711,523,1597,2
1422,436,178,1
1151,981,25,2
1238,567,1673,3
1185,750,1534,3
1689,1183,561,3
449,914,248,1
1231,1408,514,2
96,633,1396,3
1471,986,1836,2
931,69,1297,2
1451,1656,1249,3
915,1147,1740,1
1204,1667,125,2
477,1824,1531,1
617,482,1373,1
896,1126,670,2
1763,1668,1599,2
295,1067,1760,1
574,1277,1217,3
1385,728,1808,2
206,1786,830,2
492,1826,359,3
1271,1685,200,3
1192,610,56,1
712,197,1538,2
146,1172,1184,2
179,548,428,3
1458,1411,632,2
1631,1532,585,1
1779,126,179,3
1291,621,502,2
440,89,830,1
147,122,154,3
1449,850,1184,1
166,98,1418,1
1324,1603,1243,1
760,817,418,2
385,840,1376,2
746,963,1239,3
1299,889,1561,3
1537,1816,573,2
733,388,89,1
1340,212,1784,2
684,1731,1228,3
323,1069,426,1
773,736,16,3
1386,1499,1394,2
1571,929,355,2
1579,1505,572,3
1635,1587,1275,3
1254,995,53,3
1455,112,940,1
651,665,1035,2
1796,296,979,3
859,1105,1821,2
1789,651,769,1
1029,720,1210,1
842,347,1850,3
31,1156,1378,2
1615,1489,1216,1
307,64,713,1
616,1067,1609,1
669,1729,817,3
58,1488,1273,1
1676,1146,255,1
1633,582,1132,1
999,1688,1214,2
1371,453,1046,3
1656,1289,1209,1
1529,160,510,1
1720,40,1056,2
402,1691,358,2
904,80,416,1
738,771,1160,3
1247,1090,252,1
787,1084,1844,3
1181,1214,593,3
685,1048,1477,2
277,143,415,1
1547,1080,431,3
194,1363,868,1
97,823,666,3
507,1038,1412,2
1362,887,106,3
442,950,1077,3
125,88,193,3
1706,324,494,3
1465,1365,1760,2
913,1405,239,3
417,229,1374,2
1517,1113,635,1
1177,607,632,1
12,1174,652,3
431,322,819,2
1198,1694,1342,3
188,628,1086,2
422,1292,613,1
106,1017,834,3
165,757,1799,2
849,716,33,3
736,422,995,1
1240,1430,115,3
1711,1546,66,3
1255,273,1785,1
986,1662,241,1
1659,945,11,3
1057,1828,1132,3
1206,1426,1517,1
847,1162,163,1
969,1656,1765,1
1721,106,1233,3
430,459,844,3
1710,672,716,2
1831,1465,1704,2
1440,885,6,2
1633,776,246,1
326,1455,1665,1
481,1408,1834,2
10,1038,605,1
1719,1276,1593,1
73,69,568,3
1780,48,902,3
1383,632,535,1
1735,308,323,2
291,609,1424,2
1843,1505,1349,1
1486,1128,764,1
1790,1626,854,2
968,217,1054,3
222,180,100,1
384,1822,508,3
1507,1255,1762,2
377,1513,366,2
1391,1331,434,2
1385,1197,1423,3
174,1274,483,1
1783,650,667,3
212,555,665,2
111,1824,8,3
108,1474,1015,2
277,242,1170,1
394,1041,1577,1
345,860,1191,2
1020,1178,340,3
111,616,918,2
712,551,321,2
1329,1715,1742,1
287,775,877,3
224,1553,1110,1
522,1413,37,1
981,1452,1757,2
1178,1651,1503,3
1681,1650,1154,2
307,1842,1469,2
1145,596,1177,1
1346,199,1481,2
980,1224,1194,3
212,24,239,2
148,381,1767,1
54,1561,544,1
835,416,628,3
1610,334,315,3
823,151,1285,3
654,1614,361,2
304,559,709,1
248,377,1603,2
950,607,1315,2
1763,419,1741,3
1022,664,194,1
1480,36,284,3
1459,1432,129,3
1073,1211,1356,2
476,903,660,1
1490,701,888,1
17,2,1196,3
1848,476,357,3
519,1052,864,2
1501,680,528,1
1684,548,1219,1
1130,1113,1118,1
1833,418,1180,3
574,1381,45,1
845,1214,260,1
1822,650,890,2
1479,150,1062,1
909,786,624,2
1263,8,1130,2
775,830,1184,2
1523,1388,854,3
1739,1839,594,2
90,1068,453,1
313,1607,1217,1
915,504,1420,2
1574,143,1689,2
1473,1220,1543,3
82,1211,1199,1
1813,1787,1531,1
1223,522,1726,3
460,1093,961,1
1027,733,454,1
729,1241,1768,3
1206,1138,312,1
987,72,42,2
1360,71,1131,2
1229,1689,1751,1
663,827,1113,3
1818,660,314,2
1415,655,170,2
1576,1776,230,3
895,807,1045,3
1742,1609,199,3
696,1048,373,2
1398,1644,1840,1
189,297,1734,3
670,1122,667,1
1358,467,1367,1
173,1689,19,2
414,733,1105,2
384,1173,500,2
1247,674,194,1
1073,1838,1824,1
1167,660,178,2
150,1767,246,3
895,1723,1691,3
696,461,1809,1
491,791,647,3
1168,68,1325,1
445,207,1168,1
1763,523,910,3
679,47,1571,3
93,321,584,2
86,267,96,3
49,19,849,2
778,129,1240,2
895,258,714,2
1185,167,393,1
46,984,16,3
1062,1221,436,2
553,491,77,3
996,385,1754,3
1628,322,655,1
1605,834,867,1
9,1207,1686,3
387,1408,449,1
1066,334,1802,2
1197,138,1527,3
778,1455,478,3
1014,1423,706,1
1746,948,207,1
747,1567,221,3
1763,503,1738,2
1686,433,565,2
1281,1573,996,1
954,638,1275,3
557,1532,1564,1
1304,1589,470,3
374,1151,197,2
1559,1747,385,3
1854,1098,827,1
760,1088,1045,3
776,1389,189,2
1382,1171,1622,2
226,1171,298,2
792,1419,1768,3
1236,1261,1208,1
107,183,45,3
244,1365,216,3
965,1272,1748,1
206,1370,1820,1
1716,1186,432,2
903,1642,1669,3
275,1342,737,1
1463,848,221,3
1662,1610,1001,2
189,477,522,2
577,481,1412,1
62,1615,1081,1
137,889,1366,2
1241,30,778,2
343,1801,1304,1
1701,1728,209,2
1594,1211,1647,1
115,1055,601,3
979,1639,62,3
1652,1832,1636,2
364,231,123,3
1376,1228,77,1
1712,1312,1692,3
1497,1476,126,3
1057,228,1559,3
455,61,1562,1
151,1099,1229,3
132,1149,1330,2
39,1488,293,3
531,412,121,3
747,1375,496,2
1323,1306,1729,2
1192,1848,1524,2
1447,1699,337,1
1467,1050,1143,3
953,1287,1572,1
1108,89,336,2
897,437,294,2
1087,324,1159,1
637,1458,276,1
247,1835,229,3
492,160,587,2
343,207,1029,2
1674,1608,1119,2
677,336,1612,3
1045,303,84,1
1172,266,306,1
1765,458,1118,2
1753,1722,806,3
1601,13,754,1
178,1741,1289,2
504,153,969,2
338,886,1455,3
632,630,1418,1
285,407,574,1
718,677,295,3
173,582,1227,3
764,50,1851,3
362,1756,823,3
16,111,1214,1
1248,1751,1495,1
1063,1050,834,1
1635,683,1225,2
551,759,1812,1
1817,146,966,1
603,1321,1823,1
431,870,1410,3
496,1103,725,3
1045,865,1094,1
578,14,1122,2
665,790,1802,2
898,1436,773,2
1177,1283,488,2
51,230,1017,1
1352,1025,1559,1
830,311,1374,3
1592,72,222,3
1235,1519,1715,2
1448,40,688,1
997,197,1448,3
70,320,63,2
223,363,1711,3
1422,701,1037,1
177,194,199,1
1787,1166,603,2
1443,1284,1505,3
1249,1086,346,3
1427,85,5,2
1200,85,1320,1
946,1249,22,3
921,702,553,3
204,1690,1149,3
456,406,1344,2
1709,658,1027,2
1582,132,633,2
1061,1505,332,2
835,471,674,3
680,295,905,3
747,15,886,2
312,609,1597,1
613,1433,715,2
1001,1387,1308,1
1785,350,1116,2
1829,1193,1267,3
216,225,1578,2
1270,199,1033,1
5,1751,1572,3
907,1683,1100,1
480,90,1532,1
1338,718,1712,2
1642,1456,1543,3
1384,461,787,2
1357,1640,812,3
1602,1563,1691,1
1210,1248,613,3
1481,1169,444,3
1764,664,1545,3
1635,1529,662,3
1849,240,18,3
424,1836,1730,1
1456,1538,1128,3
1453,1651,1011,2
881,321,1224,3
1482,1114,1128,2
785,1092,259,2
100,800,40,2
1240,153,284,1
116,338,19,2
1701,557,1378,2
1017,1340,948,1
647,1232,1313,3
220,1751,362,1
135,1106,512,3
873,1467,399,3
1591,1286,391,2
1669,1278,1525,1
244,1135,92,2
814,45,1636,2
605,1388,986,1
1517,719,924,2
90,553,1067,1
1618,1137,717,1
317,1803,453,3
349,400,1727,3
413,1153,618,3
448,824,247,1
1167,890,197,1
83,643,920,1
1688,1416,920,2
944,424,1575,2
1011,558,787,2
129,1026,1778,3
1333,367,576,3
1851,187,1505,2
1606,1545,1489,3
861,1167,101,1
4,1064,103,3
1111,716,143,2
1725,1446,1823,2
1246,1305,1511,1
670,1407,910,3
1056,744,1008,1
894,1352,268,2
1430,381,178,1
146,448,1397,3
1149,1382,793,2
1043,801,1269,1
1326,1298,1509,1
925,1693,1647,3
1569,1026,1661,2
1622,85,1059,1
1602,1719,1737,1
1665,259,1684,2
543,967,222,2
721,1715,55,1
502,959,1695,3
94,217,340,2
357,1136,1444,1
1087,229,1016,1
850,1349,750,3
1595,1583,375,1
1307,2,1603,1
1822,354,33,3
696,1268,1851,3
815,888,1742,2
329,1654,502,2
1097,399,334,3
867,213,1823,1
164,1448,572,1
488,221,1484,3
1273,332,1610,1
1546,1229,1080,3
662,1288,1797,2
873,1380,1403,2
1853,497,349,1
640,1268,576,1
1712,1214,1505,3
738,301,1253,1
1477,1168,372,2
249,1669,1587,2
194,1826,1553,3
661,1732,564,2
914,213,557,3
306,984,329,2
453,176,194,2
862,768,648,3
294,1390,695,1
496,466,807,1
1402,780,440,2
1324,1149,1519,1
546,596,1091,3
391,1755,1465,2
1451,292,310,2
1529,977,1712,1
296,1807,1205,2
1525,1747,162,1
494,485,1127,3
864,1558,19,1
69,1207,1047,3
575,959,1525,3
1266,1305,1326,1
451,245,1743,1
1583,802,1145,3
842,1115,1242,1
203,516,614,1
548,1308,1319,3
1713,696,213,1
31,1121,1583,2
1324,1449,1238,1
325,792,543,2
617,1525,565,1
1211,763,8,2
13,1423,486,1
1785,1369,1667,2
223,796,1766,3
1581,1340,448,3
1447,539,354,2
419,271,740,2
980,990,958,3
1334,565,690,2
1045,650,1755,3
1014,1749,593,1
367,1699,356,1
1454,45,1142,2
1139,1052,815,3
390,1274,946,1
1319,523,1090,3
277,24,967,2
262,876,1438,1
1302,1550,6,1
1831,1454,58,2
274,1579,356,3
1037,2,777,2
1520,586,1187,3
61,1465,1580,2
1154,1299,1260,1
1255,1815,274,3
1177,1465,844,3
1415,1560,856,1
713,586,1079,2
930,935,545,1
522,1630,966,2
1803,1040,874,1
101,1692,29,1
1578,463,281,3
857,1253,679,3
195,1008,1235,2
930,621,880,1
1452,305,1311,3
1165,730,178,2
1846,550,722,3
295,533,1052,2
638,1434,7,2
650,1389,436,2
114,1704,1033,2
779,1595,1041,3
136,581,882,2
833,49,100,1
147,1007,320,2
159,1089,213,3
245,1661,1525,3
1451,999,1375,2
1285,1016,1257,1
21,319,1525,3
1553,1236,561,3
128,1324,713,1
1394,1045,430,1
1741,228,1705,3
1690,1282,1329,2
1782,1351,342,1
1471,1786,1315,2
1357,1262,1719,2
269,410,1036,1
1694,1848,595,3
745,1287,1020,1
1345,885,564,2
144,1595,355,2
1230,751,1599,1
461,567,1073,1
1304,94,1506,2
1843,1329,864,1
1733,1333,492,3
849,89,1707,1
1560,1667,1193,2
945,56,275,3
176,886,352,3
28,1640,271,3
1704,1261,1370,2
316,1706,37,2
746,1155,694,2
825,1548,445,3
638,864,915,3
1123,1450,543,1
1338,1249,934,1
1545,567,1804,1
1551,1565,1561,2
93,955,303,1
1756,1761,565,2
1814,1761,436,1
657,897,1741,2
1354,898,248,1
1211,1522,775,3
924,1353,1435,1
1130,1324,1093,3
1456,659,1095,2
268,403,125,1
1795,495,948,3
1325,469,1711,1
1711,753,301,2
572,1200,809,3
1321,1745,364,2
1161,1015,1523,3
1654,1165,48,1
717,36,946,3
1708,860,955,3
558,477,1412,2
1560,127,40,1
1083,670,185,3
1468,1075,430,1
1593,600,212,3
1603,759,1678,2
857,1628,826,2
955,1667,381,1
318,1472,1739,2
1378,935,340,2
1262,796,1596,2
1018,1159,127,3
1633,1825,727,3
1448,1052,1654,3
1068,814,1805,3
1700,111,1491,1
804,707,1330,3
332,217,231,3
1318,564,70,1
1694,740,1610,2
1767,249,539,3
1379,1280,1749,2
846,1472,450,3
1246,1564,272,3
1318,1754,1571,1
738,280,1550,1
346,103,1333,3
1778,829,1531,1
482,1196,1773,3
481,1497,1562,3
13,1677,1503,1
1404,232,1024,2
1623,1512,1237,3
27,759,125,2
1523,1686,849,3
1385,1145,1167,1
371,306,751,3
703,1391,590,1
124,1707,1515,2
465,1275,421,3
1388,33,200,2
69,1133,399,2
963,363,646,2
1761,1103,877,1
1711,1315,726,2
439,19,974,3
107,438,356,2
333,1142,1636,2
241,1485,421,2
366,1566,675,2
1153,1140,16,3
963,704,923,1
1787,133,1197,1
432,1439,1730,2
1080,350,1540,2
1014,1811,1170,1
1665,664,833,1
785,825,639,3
210,1090,764,2
1778,167,506,1
486,1790,691,3
1110,919,1682,3
308,1031,539,3
1197,1184,1343,3
578,255,1312,1
768,1749,1403,2
485,1594,1367,3
568,555,1835,2
895,894,990,3
1016,1071,842,1
1300,1781,1770,2
137,1612,1124,3
676,1399,584,3
1706,908,1723,2
1164,1689,1468,3
1736,275,1397,1
1397,1460,821,3
195,245,497,2
449,39,416,2
1542,1764,474,1
1666,1227,615,2
819,1059,1791,2
1259,500,1607,3
5,1103,1216,2
1401,256,1059,2
1690,1796,915,1
297,1713,1744,2
247,504,213,2
739,520,1496,3
1020,751,1388,3
194,548,798,2
1551,796,1340,1
792,545,1005,1
755,686,1182,2
1786,154,949,1
416,797,1386,1
1632,705,1498,2
525,1405,1050,1
627,246,1510,3
1501,420,1414,3
1100,1086,152,1
1520,1439,1457,1
1064,1394,354,3
1830,876,1667,2
957,1013,701,1
723,1583,1521,2
1476,1392,1369,1
477,807,687,1
59,195,232,2
409,1292,499,1
1152,1773,561,1
1532,1384,813,3
1333,481,1137,2
745,1790,1852,3
545,604,706,3
876,1214,489,2
644,95,248,3
707,1442,1027,2
1225,1654,296,3
834,368,36,2
1039,1027,313,3
567,121,317,1
844,674,1166,2
713,597,1658,2
846,469,1508,1
1334,184,1070,1
1705,1669,109,1
1745,1562,1081,3
215,518,758,3
1004,129,709,2
1535,1791,755,2
1489,1678,398,2
1175,1513,33,1
658,1455,621,3
1579,19,1249,3
1009,118,825,2
575,1467,1119,1
1605,1254,1690,1
819,1552,705,3
366,1736,1557,1
858,1148,1666,3
1746,983,718,3
900,1659,474,2
852,72,25,1
1284,851,596,2
1833,1628,693,1
1039,437,1622,1
824,1002,661,1
1531,308,717,3
143,1235,975,1
787,371,1801,2
698,373,1573,2
69,1134,1534,2
1444,1451,1142,3
1011,1231,1730,3
1130,734,1229,1
90,1040,1476,2
1415,1249,1510,3
561,59,646,2
1784,1334,823,3
226,1659,1260,1
1630,754,1819,3
210,524,1576,3
1457,758,233,3
448,268,1555,3
998,570,1549,2
1022,1328,153,3
1569,266,40,2
1627,1400,1601,1
44,529,978,2
1342,1487,1779,3
790,712,835,2
1468,1818,221,1
1728,1566,684,2
777,1451,898,3
1072,1009,1831,2
1294,1390,613,3
568,1411,1838,3
93,905,1398,1
702,1569,1610,3
495,1466,306,3
316,491,103,2
11,713,653,2
1502,1325,1678,2
1237,1334,1065,1
959,1008,865,3
179,210,1613,1
1707,1770,550,1
208,968,956,3
126,1714,1520,2
822,35,147,1
1186,733,571,2
959,563,433,3
893,613,1637,2
858,261,757,2
991,816,40,2
694,316,317,3
1348,1591,322,3
371,1508,1622,2
249,280,1250,3
852,851,218,2
297,1776,890,3
1414,1135,366,1
1787,951,196,2
1560,307,894,3
687,44,221,1
125,1830,69,1
520,1194,877,3
784,740,1812,1
412,1691,1842,2
1492,581,500,3
1007,744,599,2
1241,1267,1088,1
309,1685,1230,2
851,1513,434,3
1735,1084,71,1
273,868,1356,3
455,775,1757,2
1684,1589,1757,2
99,483,1027,1
1139,1223,936,2
1270,1844,1775,3
1572,1759,1258,3
703,18,887,3
50,829,913,2
1823,796,1622,1
348,99,179,1
1580,711,809,2
1230,1063,526,3
69,1591,578,3
1283,1469,478,1
959,1406,1451,1
814,1002,578,1
655,1142,1767,1
371,887,521,1
500,1424,779,3
648,983,1463,1
999,809,597,1
755,78,1097,3
1032,204,1526,1
150,29,142,1
501,435,298,1
1526,522,357,1
1640,1613,27,3
1308,185,1659,2
675,234,828,3
1421,1808,1380,1
1609,1616,1174,2
1711,1540,275,3
199,1693,1790,1
1036,186,183,3
788,344,928,3
1515,246,1672,1
1778,733,124,1
752,366,560,2
592,1072,1276,1
1589,1171,1148,3
505,1539,897,2
401,911,1437,3
474,1298,179,3
1320,786,1360,3
652,897,854,2
974,961,773,3
115,810,23,1
1539,1170,609,2
1540,1547,735,2
1328,1338,1038,3
535,857,751,1
1310,14,1280,3
736,48,646,1
1325,1346,1561,1
1721,502,1470,3
1761,1352,931,1
1098,1727,108,1
1517,1109,1285,2
1522,210,831,1
274,504,1102,1
528,635,1118,3
1581,784,1111,2
1129,666,934,3
1690,10,320,3
1081,64,1309,3
359,534,1529,3
286,1559,1551,1
641,1768,448,2
1848,955,1163,1
658,1072,654,2
1632,1308,543,3
288,1150,765,1
1772,304,177,1
895,1383,1321,3
1619,1632,316,3
1080,1755,323,1
1587,211,1187,3
995,284,1524,3
1679,574,67,3
1747,352,1139,1
208,762,3,3
378,1005,833,3
1654,1168,316,3
1583,176,1319,1
1773,1199,1604,1
533,1032,1041,2
650,1168,331,3
227,1138,1023,2
1610,1252,256,3
770,1401,1720,2
1606,1016,480,2
1473,321,400,1
262,1659,632,2
945,938,248,2
350,302,102,1
12,831,1233,2
196,1697,1554,1
861,359,1040,1
206,843,1597,3
432,1729,1461,2
302,1097,1237,1
1303,1315,525,2
1274,1555,1059,1
678,143,1246,2
1559,419,668,3
1300,144,598,1
515,1209,144,1
115,732,1405,3
926,864,57,3
1474,1311,1683,2
495,1734,903,3
752,1817,305,3
806,1624,789,2
552,1848,412,2
789,1826,331,3
856,561,485,3
1238,1030,522,3
342,1634,828,3
1331,504,659,2
965,180,1343,3
400,336,39,2
559,332,1199,2
1596,1288,1571,2
888,1002,997,3
731,1240,340,3
522,538,1316,1
295,416,1833,3
1693,1028,1564,3
1232,916,1341,3
1714,560,97,3
1666,1570,854,2
577,180,1841,2
687,1023,1814,2
1508,1559,391,1
1313,480,381,2
131,914,1193,3
1121,415,1820,1
954,1685,37,3
620,164,327,1
1192,962,1595,2
1013,778,211,3
862,446,742,2
754,811,1528,3
172,1410,1006,2
741,793,285,1
542,1464,410,1
364,1392,903,2
1790,1696,891,1
1776,315,148,2
701,1051,971,2
471,8,1837,2
1644,1503,670,3
99,603,862,2
24,1020,756,2
149,292,866,1
540,331,1425,3
1771,1547,95,1
1653,357,1237,1
1447,1463,1691,1
1053,973,947,2
1536,215,303,3
473,1227,1100,1
1497,1029,135,2
1709,1068,418,2
1413,478,559,3
660,634,1378,3
55,305,500,2
322,1458,656,3
734,1607,799,2
1317,306,162,2
1752,798,144,3
209,526,1217,2
423,694,435,1
1062,1405,1406,1
1644,442,43,3
1424,905,929,3
500,1457,1428,2
215,47,1601,1
886,206,1312,1
1838,1539,1624,1
746,14,67,1
1720,1070,1665,2
1189,1035,251,2
1381,1666,1045,1
1466,208,1339,3
935,117,285,3
1168,1711,209,1
568,620,474,1
571,874,1178,1
1459,247,471,2
1283,753,418,3
12,343,777,2
632,996,971,1
549,1304,909,3
798,836,1192,1
109,653,1623,2
100,357,1182,1
701,1025,586,1
51,862,26,2
1718,372,705,3
595,742,856,2
729,104,353,1
1726,796,644,3
153,1356,1775,3
1641,386,1688,1
467,25,896,2
1612,627,1584,2
502,583,856,2
1567,835,1545,1
697,1759,1387,2
1485,369,492,2
346,1744,80,2
1636,357,116,1
1505,385,159,1
1409,845,1074,2
754,1799,1468,2
226,1066,964,3
1592,178,442,1
1211,726,1502,2
579,936,1438,3
911,762,209,3
878,1472,1496,2
72,63,642,3
951,1026,698,2
51,303,759,2
225,978,1001,2
1124,660,1283,3
893,1587,761,3
544,352,1303,3
1412,1122,418,2
659,1108,781,1
389,1800,1204,3
1052,419,574,3
1606,621,561,2
460,329,23,3
1837,187,1142,1
231,1443,620,2
445,1639,1431,3
1179,744,1196,1
582,1731,1755,2
246,1279,370,3
695,1190,393,1
1033,1175,188,2
1786,1682,286,1
791,763,1239,3
1480,1194,594,2
978,234,560,1
23,1181,1430,1
1272,1793,303,1
399,1659,1219,3
794,249,328,3
250,753,1735,2
1734,475,1746,1
1636,672,1116,1
625,1006,685,2
910,740,1848,2
13,1624,1504,3
1003,836,561,2
1409,1547,1192,2
1809,1625,1407,1
1257,1078,580,2
235,202,554,2
386,1612,1613,1
1694,655,229,3
1397,278,1455,2
558,1113,1248,3
1808,923,1580,1
989,482,551,1
132,1072,139,2
1255,769,555,1
450,716,189,2
1321,1468,605,3
764,363,1513,1
950,1395,630,2
538,1505,588,1
454,1201,588,1
435,272,1071,2
1456,1772,492,1
563,1512,1170,3
1259,503,943,2
939,1363,1130,1
1541,799,1589,2
1683,5,399,1
932,628,337,1
1056,750,638,2
1608,1674,934,3
1723,156,544,3
1246,1082,159,2
944,147,926,2
1512,1678,379,3
1404,1434,1418,3
1524,1487,675,1
1673,511,77,1
433,146,621,3
1059,743,1700,3
1208,1100,403,2
252,1501,1229,1
1253,1295,1223,1
833,478,188,3
1510,739,1293,2
191,366,1621,3
116,1187,393,1
549,1670,1123,3
22,153,519,2
774,521,583,3
1689,1593,1061,1
502,756,603,1
177,364,1312,3
781,1692,1539,2
81,1739,1243,3
1797,1483,36,1
1504,580,1677,1
221,1411,1171,2
82,1357,1723,1
1051,1742,1430,2
1531,1852,603,1
930,941,1635,1
399,1650,1270,2
630,421,1737,1
693,828,186,2
1629,332,1326,1
1317,1437,85,2
684,20,800,2
1081,755,1801,3
743,1741,183,2
707,1375,1524,2
600,920,377,3
1539,1325,451,3
786,812,1033,2
267,1174,782,1
1584,1695,1150,2
1355,1312,43,3
356,1422,767,3
1596,229,432,3
1822,725,1084,3
202,1394,148,3
1195,997,9,1
683,237,511,3
476,1474,1187,1
539,1432,1851,3
385,488,1325,2
1476,141,1247,2
117,247,524,1
1114,1731,265,3
723,1361,1577,2
1818,550,892,1
1519,1133,1687,1
756,1489,578,1
1334,1720,1025,2
1522,614,1783,1
1816,1233,326,3
1245,300,1264,2
1161,1657,855,3
238,1562,61,2
603,778,55,1
14,1123,174,3
1593,471,660,1
433,832,1823,1
551,393,1458,1
1097,1484,1275,3
1172,1017,1527,3
124,527,1082,1
1474,920,881,1
126,402,686,3
448,1507,168,3
974,1684,1733,2
933,240,52,1
148,218,84,1
1238,618,764,3
286,257,1350,1
217,159,593,2
1499,1537,517,3
1345,1203,576,3
1502,565,1584,1
596,521,652,2
1792,835,283,1
324,699,1800,3
691,1073,542,3
1363,1393,584,1
332,1505,1105,1
247,245,115,3
1004,1419,1729,2
1300,1197,704,3
1136,6,1429,1
453,710,630,3
173,969,913,1
1354,1628,514,2
1078,1753,996,2
1851,813,583,3
265,1784,393,3
315,1222,1850,2
1149,141,661,1
1633,12,1321,1
221,1653,1272,1
1109,596,1724,1
60,87,892,1
1505,1391,1102,1
1074,176,472,2
1407,1310,429,1
163,1298,722,1
293,1232,258,2
1180,1535,1380,2
364,820,909,2
1048,1323,197,2
97,1452,444,2
1260,723,289,2
359,1557,329,1
1839,854,553,1
265,85,598,2
1145,263,1690,1
1033,104,959,3
365,603,621,1
1065,1063,921,3
441,1525,1758,3
565,1169,1505,1
663,221,390,2
1508,25,443,1
1113,688,239,1
328,1253,342,2
1226,1100,1237,2
57,1229,330,2
303,1635,138,1
1344,1488,1850,2
927,884,460,2
1605,1199,1282,2
1369,1557,1785,2
1414,1349,343,2
899,1560,240,2
46,1055,160,2
1553,297,403,1
1134,777,1390,3
1402,1660,1678,3
1341,1642,907,3
674,1565,383,3
109,394,1733,1
229,1236,1270,3
1559,1390,972,3
220,1758,1643,3
1362,1242,305,3
1558,421,1401,2
155,610,828,2
44,383,869,1
1774,1155,968,1
833,1034,1709,1
1135,353,1779,1
90,1672,1583,3
1390,89,1120,3
532,528,1428,3
812,1020,1548,2
1449,606,983,3
749,718,538,3
1743,569,104,2
1128,1595,981,3
770,802,1527,1
1775,249,517,1
1526,333,1778,2
132,824,1512,1
78,892,170,2
1266,1420,466,2
1364,1210,1300,2
743,612,1695,2
766,672,290,3
442,798,66,3
1641,680,517,3
361,1821,1043,3
365,1337,299,1
1279,74,922,1
1032,12,10,3
1520,186,627,2
542,1098,1327,1
971,1760,1194,1
1573,1135,1468,2
856,96,748,2
667,712,96,2
1695,202,549,2
1474,626,338,3
1038,1235,654,3
539,452,680,1
1071,676,822,3
695,726,1835,3
1592,306,873,3
323,1404,40,3
1814,1373,100,3
1202,769,1642,1
935,491,96,2
1155,979,937,1
1831,257,867,2
719,257,375,1
848,1156,1513,2
375,407,29,3
1397,1474,98,1
305,1299,956,2
992,488,1278,2
1463,1029,1746,2
1332,1735,1322,2
750,584,1159,3
509,745,570,1
98,868,1333,2
135,17,100,2
380,389,614,1
1485,1273,1010,2
763,1813,401,3
542,531,643,1
222,1828,1530,3
1205,601,553,2
1831,860,1832,1
1335,947,1380,1
354,1763,749,2
41,1161,799,1
39,1179,327,3
490,790,130,3
912,1764,417,3
422,992,773,3
887,1163,84,3
759,375,1265,2
1803,265,697,2
478,190,269,1
1070,1110,1222,1
1033,418,1178,2
1505,275,57,3
1126,1114,1393,3
518,626,258,2
1144,713,1021,1
1175,554,476,1
1328,1003,67,2
343,1844,973,1
927,629,1277,1
242,1169,472,2
495,1750,797,3
211,1768,456,3
616,135,652,3
687,1348,1576,3
536,152,1709,1
1583,1215,589,3
471,738,1707,3
101,744,422,1
260,424,27,1
1041,1680,920,1
290,795,597,3
749,773,1267,3
628,787,481,2
944,900,1383,3
134,370,1798,2
470,1046,228,2
62,1587,1680,1
1076,1756,1586,1
1345,1362,628,2
1230,805,157,1
1084,1416,1590,1
1649,965,63,1
1193,364,1671,1
1225,691,1621,1
600,1383,745,3
490,1703,456,2
318,1778,477,3
1188,1808,631,2
275,461,227,1
1264,1285,1564,2
144,81,1332,1
340,1284,1439,1
1742,1231,1653,2
1173,1055,1592,3
570,890,403,3
1133,360,1695,1
1049,868,1456,2
1479,768,124,1
1314,507,1549,2
1005,1643,1503,1
1450,656,1287,2
920,20,865,1
910,1449,1690,1
469,1349,465,1
1487,280,1694,1
263,166,32,3
632,389,36,1
604,1730,915,1
1307,1754,334,2
1788,160,712,3
378,1637,647,2
1037,1801,1656,1
6,1317,1126,1
1787,1011,275,1
1161,1701,1257,1
885,1815,1483,2
160,52,1261,2
1795,1591,212,3
1838,708,923,3
1452,1128,1153,2
1129,1446,965,3
1832,59,1336,1
845,185,899,2
933,289,220,3
1539,6,1231,2
623,998,289,1
1703,1280,661,1
1511,1508,924,3
407,727,14,1
1391,266,1468,2
226,403,549,3
1446,779,1168,2
1108,423,559,1
163,474,272,2
1849,1385,1044,1
373,170,1546,1
308,817,279,3
802,1328,765,2
1696,1722,1484,2
1370,794,354,3
1304,1282,861,3
947,1554,902,3
1700,1126,683,1
407,1482,1284,3
1422,1546,1460,3
120,158,1758,3
847,10,773,1
764,1378,1563,3
265,1298,189,1
181,1364,1081,3
1548,1658,1366,2
1122,381,623,2
170,1388,996,3
525,1521,1251,2
1399,1704,89,3
77,1560,1010,2
1673,628,1718,1
1226,465,1476,1
24,1560,359,3
1254,41,735,3
1184,458,1492,3
753,861,1756,1
1053,1382,1844,1
37,540,832,1
416,1013,307,1
1599,1414,583,1
1579,232,1347,2
477,1698,172,1
1830,584,711,3
103,1152,1854,1
545,1434,848,2
485,427,14,2
768,350,1313,2
1705,554,737,2
1027,1695,1145,1
431,792,1140,2
354,1852,883,3
859,976,145,3
399,1169,1575,2
1165,1406,1526,2
1679,1345,519,1
370,554,1032,2
1153,967,276,1
561,300,315,2
225,569,1579,1
1622,213,865,2
1774,185,629,2
971,326,1247,1
1047,464,1640,2
1511,899,968,3
1112,347,1781,1
544,1007,670,2
752,1626,566,1
1210,814,1602,2
1777,1229,248,2
1090,536,641,2
1739,599,1151,1
874,859,740,2
716,315,1510,2
1561,1326,946,3
651,177,165,3
1370,1287,2,3
1128,180,261,2
1395,821,182,3
721,1696,1476,3
1429,531,946,3
1411,1450,786,1
430,1254,1547,3
1650,1575,540,2
206,1740,1527,3
775,1728,536,3
275,29,323,2
1248,509,1670,1
343,1311,1571,3
1115,328,40,1
47,1371,1623,2
1171,50,605,2
1435,226,1266,1
613,526,1090,2
159,1511,807,1
1526,964,459,2
1758,1,1851,2
271,739,624,2
1749,1771,1596,1
914,1645,324,2
34,1420,1455,1
1502,98,742,3
441,71,1733,3
198,469,831,1
142,921,1771,1
1173,530,1340,1
1765,776,329,2
708,1819,243,3
474,945,512,3
508,577,171,3
1174,250,1786,2
1739,802,548,1
1130,102,806,2
7,382,1366,2
865,686,754,3
961,557,1208,2
1092,1515,1816,3
216,521,382,3
776,300,228,1
623,1817,1024,2
540,48,708,1
67,1747,358,1
908,381,899,1
1774,703,1548,2
1137,1154,771,2
614,641,577,3
112,837,552,2
1577,1379,342,2
744,378,1461,1
1564,1297,1112,3
1060,329,1535,3
1161,1696,665,1
1392,901,626,3
1348,1812,1,1
338,1107,601,1
681,1194,588,2
687,75,60,2
258,1222,1007,2
1826,1,1499,2
1341,391,1646,2
1028,1368,357,1
1399,1734,1519,3
1034,221,128,3
396,918,894,2
129,99,492,3
1341,1592,704,3
1447,891,1251,2
1530,325,1197,3
1563,1152,462,1
927,1211,968,1
365,1294,430,3
1265,1088,68,2
98,335,797,1
1690,360,18,1
458,1481,1248,1
1655,162,210,1
345,317,1783,2
301,354,815,3
91,1196,610,3
316,788,759,1
1395,1525,1353,3
522,642,1358,1
1286,1638,1467,1
287,688,214,2
1283,1464,973,1
1699,1714,897,3
337,536,1798,3
1686,298,197,3
207,346,332,2
20,949,610,3
131,276,1373,1
857,44,1470,2
717,422,1027,1
1451,800,798,3
131,1694,1152,1
1237,426,150,2
1281,919,1002,2
229,1399,1445,2
832,1198,778,1
154,203,281,2
1064,1359,356,1
1258,1042,709,1
1033,616,32,2
1019,220,1570,1
1365,1412,1483,1
488,234,89,1
703,289,1491,3
1467,1612,582,3
318,1638,175,1
243,1211,542,1
773,913,1404,2
971,445,186,2
1430,998,982,3
719,488,331,2
833,1405,210,2
1021,1304,1274,1
453,499,1628,2
92,1770,624,2
486,542,699,1
1390,488,190,1
1213,1750,893,2
263,1716,1489,3
926,251,906,3
781,1107,1165,2
809,1498,45,1
169,420,297,3
1652,1429,163,3
296,581,715,1
1420,322,1672,3
782,1652,1621,2
174,237,122,2
1026,655,680,1
1295,24,944,3
1367,1728,1456,3
1664,389,616,3
1103,1459,57,3
251,1396,1097,2
619,936,1620,1
1519,1092,1647,2
1260,1815,762,3
1083,1068,662,1
1516,895,1253,1
194,1284,1683,3
430,1271,392,1
519,1474,495,1
1670,610,1665,3
1645,1049,1442,1
74,1686,603,1
210,1638,416,2
301,943,224,3
1690,361,1713,1
846,570,1130,2
880,775,965,1
329,1616,123,2
424,546,1181,3
594,170,1534,2
1363,367,984,2
1813,1358,1558,1
1030,330,687,2
813,984,943,3
1526,1515,234,3
687,929,146,2
800,15,893,1
164,1667,311,2
897,966,190,2
717,858,575,1
1830,270,29,2
628,1195,669,2
1269,846,555,3
629,263,1301,1
1715,1221,1173,1
1338,1274,628,1
1451,1067,1434,3
6,136,250,3
1529,772,697,2
336,598,9,1
292,1431,928,1
1308,1594,547,2
886,575,118,3
667,1742,1743,2
80,1279,1684,1
1194,946,1174,1
810,267,235,2
302,482,5,2
1178,1201,1296,3
305,1703,1751,1
562,1124,978,1
700,402,225,2
1135,1839,244,3
45,233,553,3
885,394,301,2
118,893,768,1
333,944,364,2
1478,524,284,1
330,1184,1192,3
1832,1396,1513,3
155,487,1483,1
377,109,1756,2
1516,1555,218,1
706,1487,1630,1
1313,1088,843,1
18,1679,1607,3
237,448,1730,2
1313,935,1320,2
1415,123,560,1
1704,618,1834,2
322,845,915,1
302,898,379,2
1679,1,122,1
834,667,1841,2
1104,355,380,1
714,528,1812,1
1520,230,905,1
279,401,1605,2
723,251,901,3
685,826,179,3
1024,1103,1147,1
1,1786,1799,3
983,1793,613,1
1210,1340,1489,1
76,486,1782,3
533,808,599,1
174,1035,1447,3
1113,1248,407,1
1760,126,1500,3
1777,950,1694,2
853,828,1601,1
798,563,1671,3
1221,1715,693,1
1133,209,1437,1
499,712,1052,1
1668,268,1536,3
1240,1599,1139,1
473,1143,643,1
1269,848,321,2
191,738,1661,3
29,1395,1153,1
1663,1137,1503,1
37,429,888,2
148,1432,536,2
997,1211,1580,3
1658,1317,1293,2
603,59,224,2
689,696,681,3
982,1408,1138,1
304,233,1477,1
1482,1609,389,3
41,409,1848,3
743,247,1011,1
1775,1724,792,2
1122,1087,274,1
1688,15,424,1
1379,432,1247,3
346,940,1122,1
278,405,895,2
681,1604,225,2
1546,280,1532,3
382,925,476,3
1220,1836,528,1
1221,1385,1006,3
398,835,556,2
1125,691,254,2
168,1442,27,2
1837,1025,1085,2
1493,904,1229,2
591,1764,1024,2
1119,1361,701,3
674,1059,1346,2
213,173,1327,3
663,860,1285,3
1722,822,1081,3
525,373,313,3
2,32,1422,3
505,1056,1439,2
1511,1779,1756,1
120,1756,702,1
1425,477,1043,1
1300,688,1756,2
754,597,1735,1
285,195,1659,3
1386,1820,663,1
1842,152,1570,2
1123,211,133,2
1283,501,641,1
1602,1466,1433,2
1187,115,43,1
760,383,786,2
1226,1312,1603,1
1788,707,1773,3
431,1481,1218,1
1221,1483,726,1
945,1109,165,3
1084,611,185,3
718,483,1065,1
71,760,201,1
185,716,39,1
821,450,903,2
1437,1020,620,2
197,1208,1614,2
1309,835,734,3
1715,915,357,2
702,1340,876,2
835,1706,776,1
1261,1042,1747,2
337,369,745,2
647,611,1104,1
297,1499,85,2
1,506,540,1
71,1119,962,3
1347,548,1545,1
708,498,802,3
1797,835,263,1
1457,258,7,1
940,1239,875,3
767,1492,916,1
1174,823,1439,1
1428,804,372,1
1420,871,1068,1
645,861,1733,1
1187,508,585,3
752,1203,249,1
1629,417,853,2
1320,1114,5,1
665,579,1111,3
1434,1759,604,1
903,173,1766,1
476,1479,1319,1
1108,684,604,1
1566,1145,1608,1
661,811,1293,1
357,933,323,2
1121,1304,1617,3
1612,714,547,2
368,243,968,3
1155,703,705,1
1669,806,18,3
1272,1630,1553,2
1661,1315,895,1
113,1160,1028,1
358,1273,664,2
418,1376,533,2
1340,842,1823,2
431,1534,740,2
1446,1796,594,2
1737,1833,1204,1
1068,1504,1700,2
789,1334,1676,2
1432,232,1162,1
707,1183,485,3
1004,609,973,2
1202,1373,1192,1
1699,1029,1511,3
1423,124,1712,1
1703,188,121,2
881,1512,1783,2
1780,1254,1462,2
1109,602,975,1
550,737,1844,2
1730,412,766,2
356,1497,290,3
1579,1658,373,2
1144,1368,131,2
1353,1128,612,1
1484,1387,1546,1
674,37,1326,3
749,1143,927,2
1547,1376,934,3
651,1362,644,1
1426,1381,736,2
1343,495,1101,3
727,66,912,3
199,1329,1648,1
688,53,467,3
1825,1090,205,1
470,1829,1831,2
749,1222,1779,1
1578,21,908,1
573,1504,220,3
893,1555,1146,3
328,596,258,2
1764,1483,140,2
901,586,589,3
404,710,112,3
971,775,177,2
1582,312,234,2
995,1252,1802,1
189,726,1591,3
1123,1185,1404,1
152,355,1004,2
1033,543,415,1
572,1829,770,1
652,1064,1320,2
940,220,244,3
169,305,1854,1
1309,1650,807,3
1543,1000,256,3
1167,1700,1528,1
1237,844,1169,2
989,902,627,1
1250,106,1806,3
1364,494,710,3
1205,1334,1294,1
1367,605,1026,2
1175,1198,885,3
929,627,1029,2
81,886,1639,3
226,755,18,2
920,19,1520,2
1116,354,1202,1
1728,1365,1533,3
1050,1548,413,1
873,239,1553,2
1123,420,1736,1
387,268,1418,3
666,1109,375,3
226,682,1662,1
1447,138,379,1
960,499,467,1
1405,1435,706,2
1048,372,1580,2
1000,471,1795,1
341,514,418,2
56,1076,591,3
227,806,452,3
1329,1422,1192,1
1671,110,779,3
579,867,514,2
1285,1543,530,1
673,1723,658,1
489,1377,1692,3
1850,1291,1057,2
981,573,95,2
1453,1573,331,3
1286,615,399,3
996,531,1678,1
1091,1327,403,3
782,361,1829,1
96,350,131,2
1785,1622,1116,1
140,1717,1733,3
1097,1336,1132,3
190,1473,326,3
1785,1445,663,3
117,334,272,3
1236,581,1103,2
951,296,1668,2
987,1343,33,3
1850,351,788,3
1839,50,166,2
1471,1193,40,1
1784,70,23,2
1167,530,677,1
1187,454,1192,2
952,766,1042,1
64,9,292,2
1725,1032,1562,3
332,54,453,2
1737,1702,1411,1
378,1796,314,1
834,1518,435,1
810,519,1656,2
1298,361,870,2
1687,803,1161,2
863,1152,1168,1
922,1193,1710,2
457,505,209,1
1766,1088,521,2
324,989,744,3
775,104,565,2
1800,330,200,1
1349,1815,1330,1
300,592,682,3
777,1392,683,2
1042,1041,1832,3
1019,1071,1194,3
1155,1399,913,2
62,1429,35,1
321,866,1041,1
1606,1833,624,2
858,674,256,1
1483,1531,1055,3
1236,63,1574,2
925,584,1732,2
365,66,562,1
25,870,706,2
533,56,1046,3
667,911,963,1
938,124,1396,2
1367,387,1371,2
1102,1041,1646,2
1363,1198,1298,3
1482,1368,267,3
1399,388,617,2
732,53,392,3
917,1597,705,1
1117,324,1610,2
1308,115,934,3
1328,644,403,3
1177,1564,1580,2
619,1315,685,1
563,721,669,1
893,1033,96,1
94,6,1583,3
1518,386,181,1
22,886,1801,2
796,218,423,2
710,210,1242,2
745,490,404,1
1467,41,1493,2
308,1054,1619,2
402,1100,1011,1
499,398,456,2
484,1178,923,1
1483,1646,1843,2
1432,1819,1558,2
1716,1315,1764,1
1850,743,1205,2
758,827,1446,1
1359,1504,856,3
892,780,1328,1
189,1352,916,3
772,773,1068,3
1197,851,145,2
839,1835,2,1
1832,889,534,3
1762,1381,302,1
991,591,601,2
1180,315,498,3
1283,92,1142,1
842,481,134,3
397,86,174,2
766,1548,1414,1
1811,520,1592,2
1408,415,1094,2
142,1690,369,1
1436,976,806,3
1471,993,1443,2
859,1527,54,1
1184,1250,1456,2
303,1719,959,1
1801,754,715,2
1436,110,1806,2
1652,791,1734,3
200,558,1304,3
1222,352,1273,1
889,439,325,2
1436,1198,1734,3
534,779,1229,2
164,1283,1536,3
956,917,256,2
1719,1294,897,2
819,908,988,2
1156,1084,1480,2
717,1710,1670,3
1610,1035,649,3
699,1723,1760,1
915,906,1438,1
414,1354,1823,1
193,497,1629,3
1203,1795,1593,3
832,631,122,3
1384,525,516,1
1219,1544,1792,1
155,900,157,1
1081,1023,1596,3
1282,1797,1849,1
1181,883,311,2
255,1363,128,3
851,1009,303,3
400,1490,1403,2
747,1164,1802,3
1009,1536,450,3
641,109,271,3
1781,276,1122,1
1793,866,406,3
192,1293,1044,2
716,1758,422,1
1371,63,1209,3
416,1827,1806,2
599,1291,168,3
986,1513,726,1
157,1744,241,1
49,873,300,2
1442,200,609,1
516,281,1696,3
1235,976,1190,2
1726,270,1579,2
259,328,332,1
1039,133,1362,1
500,687,1742,3
1393,1045,791,1
1250,209,1131,2
343,1034,873,3
1013,1022,933,1
1439,1820,263,3
1659,860,237,3
1063,615,1036,3
540,1699,1696,1
1197,1512,335,3
190,1593,60,1
1850,1286,1590,2
191,765,118,3
193,1010,1686,1
306,1725,1655,2
1725,1554,1121,3
1752,348,1018,2
600,624,444,3
987,1459,601,1
1433,1005,399,2
1293,418,422,1
597,143,377,3
1780,1267,1197,3
56,1252,1435,3
1384,1763,1451,3
1216,1837,974,2
1463,1693,53,3
1184,6,202,2
1733,990,1538,3
204,496,1207,1
1784,100,661,2
1473,156,1758,1
1566,368,744,3
424,1353,1803,2
1148,828,1074,1
1841,1042,36,2
1647,816,1820,2
570,1022,1387,3
1180,773,683,3
1152,1634,1664,2
471,654,1832,2
1819,56,959,2
1586,1103,1531,3
1485,34,1474,2
372,1174,269,3
378,1448,1711,1
1023,977,1303,3
1702,1422,516,1
280,841,905,3
1621,278,685,3
1111,1039,1539,1
1403,202,1424,2
255,862,227,3
498,637,1546,2
1279,1493,1838,2
1696,1184,1121,1
91,479,315,3
1622,746,828,3
426,352,1641,1
1099,525,1170,3
34,1851,298,1
1605,157,1376,2
841,546,996,2
1577,1250,473,2
1550,254,921,1
876,816,1488,3
1720,114,744,3
42,542,45,2
1654,1519,1440,1
1658,1432,1450,2
657,1841,1605,3
1606,662,328,2
1337,1253,1567,1
78,1777,76,3
1684,940,949,3
925,787,1489,1
1535,1254,357,2
1224,105,473,2
1035,313,1742,1
1359,1072,1435,1
1223,1733,81,1
163,1655,625,3
1466,802,1469,3
1344,754,791,1
585,677,940,3
95,851,1809,1
622,974,192,2
259,865,1590,2
191,9,1604,1
167,882,487,2
799,1655,332,2
728,1140,936,1
1234,1368,732,3
796,1106,900,2
970,562,1581,1
1528,1133,922,2
596,385,922,2
1277,928,1235,3
1649,1215,615,3
893,887,725,3
46,1210,531,2
557,1537,1424,1
836,997,1225,3
91,246,1503,2
1677,166,889,3
509,426,1510,2
1383,150,606,3
1005,987,38,1
1431,525,1103,2
442,1016,1573,2
728,498,743,1
1603,526,438,3
447,1571,109,3
1569,1339,784,2
18,91,1643,2
633,368,1303,2
227,1709,437,2
337,1428,373,3
406,1583,1701,2
62,278,963,1
338,340,201,1
1619,1093,755,3
215,133,821,1
85,1035,1170,1
162,1098,1480,3
1001,1684,1480,1
1729,997,491,2
92,1611,243,3
994,1603,675,3
191,630,267,2
1125,716,928,1
1100,330,117,1
1633,973,120,3
1443,809,755,1
1126,1185,503,3
150,1004,647,2
1592,833,204,1
515,522,386,1
1768,91,1830,2
946,749,1033,2
728,1097,1140,3
1281,327,736,2
867,715,1425,3
1203,800,1854,3
38,643,946,3
605,1655,807,3
4,938,66,2
1646,661,29,1
728,886,100,1
722,967,1285,1
368,1099,1027,3
1612,559,1627,3
1124,1627,1089,3
1167,981,1849,3
272,1623,1717,2
1070,1493,1158,2
99,500,205,3
890,1117,602,2
1581,1274,974,3
1553,1830,413,3
902,1319,1030,1
1775,1723,790,1
1761,431,1746,1
1270,596,670,3
897,1404,610,3
304,1374,1792,2
1526,608,833,2
633,1401,1769,1
1616,154,1516,3
548,1034,233,2
1132,1655,935,1
930,1767,1546,1
1669,537,1057,2
1374,13,1070,2
363,1217,1173,3
117,1595,32,3
219,1363,277,2
1620,557,174,2
1385,1262,163,3
769,288,1457,2
1257,1530,1181,2
1373,1299,1721,1
491,1286,178,2
204,228,1261,1
1830,497,1804,3
1313,1621,151,3
1535,944,1039,1
884,1016,786,2
1602,546,1000,2
962,1654,456,3
269,961,1091,1
630,892,1198,1
935,1594,379,2
1703,360,1172,2
404,485,1450,2
1525,1373,909,3
1035,172,1216,1
200,101,46,2
1415,1771,1724,3
776,1171,1743,3
1658,603,163,3
513,553,25,1
1117,1342,436,3
1729,218,742,2
673,550,726,1
855,111,227,2
1381,903,586,1
1204,464,391,1
12,140,1009,1
937,1032,264,3
1587,1143,364,1
1583,432,1565,2
600,408,267,2
1346,1656,950,2
386,1490,1854,3
1684,622,399,2
483,1608,1525,1
42,437,1619,2
396,163,1656,3
1633,39,1527,2
252,447,545,3
611,1734,557,1
940,379,1276,3
85,1308,385,2
1332,1589,296,2
1391,1183,1417,2
295,383,1589,3
1235,966,667,1
1246,1274,1004,1
222,158,113,3
1755,1223,280,1
1832,833,1320,1
219,1800,562,2
838,1419,934,2
993,1649,1395,3
148,46,1235,3
827,1703,1161,1
1678,1760,1149,1
1059,1519,1002,2
1724,990,503,1
257,414,945,3
1800,836,1714,1
547,288,1750,2
1826,1652,99,3
4,1215,915,2
316,52,1718,3
561,1687,528,3
621,1190,1457,2
547,348,483,3
1676,606,1423,2
1452,1775,1525,2
1117,184,843,1
1354,874,915,2
8,1332,1350,2
1212,759,1417,1
1705,477,889,1
806,1651,856,2
1424,575,1020,2
1296,1327,544,3
346,1424,1151,2
1322,835,1697,2
91,1022,1281,3
585,77,1434,2
541,796,1284,3
1306,315,1780,3
1465,97,237,2
1813,1843,786,3
124,684,439,1
1698,151,1627,1
6,1274,1438,3
1145,502,1634,3
409,303,1165,1
780,120,366,2
413,679,1424,1
830,531,776,1
1488,476,1278,2
901,769,222,2
1151,23,1094,1
1121,225,1795,1
145,1612,1014,3
1645,1370,1354,1
1249,521,1696,1
520,1426,109,2
510,1812,14,1
1276,586,704,2
854,1718,25,3
1048,1852,141,2
343,1113,760,2
117,356,410,1
341,1023,451,1
1087,1647,857,1
1547,1537,972,1
375,270,1627,3
1802,1112,4,2
1318,1064,1790,3
496,937,1361,1
1523,729,721,3
1585,1275,894,3
1760,709,1640,2
794,1319,799,2
1204,185,446,2
394,152,1365,3
317,322,873,3
29,1749,909,3
1523,785,1443,2
634,1526,1781,3
264,934,1494,3
955,1741,638,2
1599,998,806,3
1419,1093,1523,3
1618,330,1173,2
1112,367,1673,2
185,1412,518,1
166,1292,1469,3
560,687,138,1
1398,1186,1363,1
1071,394,707,2
29,822,583,2
703,340,181,3
792,1193,579,2
1649,1387,471,1
1418,992,1245,3
305,860,567,2
410,853,288,2
89,940,1624,2
347,109,1322,1
1691,915,692,2
1738,1089,1435,1
225,8,449,3
1245,1024,1219,2
84,59,1123,3
1365,1289,1411,1
1496,1115,610,1
1653,614,1416,2
42,712,1382,1
736,1473,1494,3
1242,1782,65,1
1738,408,282,2
998,1246,1509,2
772,136,649,1
1827,1478,420,1
1803,1342,1572,1
1635,983,1463,2
1379,204,510,3
849,1758,552,2
1155,1091,1674,2
762,766,807,1
1374,699,297,3
1355,748,888,1
1490,1032,1591,2
1673,1116,431,2
462,905,733,1
951,28,891,3
1012,827,425,2
1795,940,1335,1
116,1696,709,1
327,1525,640,2
267,371,837,2
1394,1718,1054,1
782,232,1463,2
551,1622,1058,3
1262,1357,897,1
687,656,1554,2
701,1310,1377,3
1798,1715,349,1
125,240,1148,1
1433,351,872,2
1720,533,1319,3
683,1130,162,2
1787,1820,606,1
1428,1359,991,3
178,32,699,3
74,78,901,2
1685,1037,1730,1
151,580,317,1
887,180,444,2
1348,1298,26,3
1323,240,1437,2
278,789,1058,3
70,1826,317,1
65,78,1680,2
1357,375,981,3
1444,1611,159,3
1390,1209,1767,1
1537,430,286,2
211,1120,682,1
830,129,327,1
1784,1747,820,2
1643,1186,1331,1
890,527,279,1
1161,1514,468,3
1641,300,1703,3
774,277,332,1
1145,708,414,3
344,174,1109,2
605,1327,46,3
888,548,797,2
735,1414,1633,2
1374,1621,1479,1
686,1589,1681,3
284,1642,975,3
407,1322,1676,1
1745,1431,1303,3
575,89,1566,1
564,1263,175,2
579,892,489,3
1312,903,1471,2
1053,930,721,1
815,1702,761,1
1185,248,1789,1
1055,1053,792,2
1028,956,914,1
1830,1229,690,1
1075,344,574,3
516,16,601,3
77,1781,547,2
425,17,603,3
187,100,482,3
6,695,554,2
549,1510,1456,2
382,1200,30,3
1681,1618,628,2
905,1739,242,1
1110,1062,196,2
1266,660,847,1
853,519,1034,1
1409,480,522,3
743,1267,1453,2
1829,795,1052,3
1448,28,1377,3
96,495,1024,2
232,1155,962,2
1839,1699,1512,1
1755,1621,202,2
794,1426,203,3
1461,240,524,2
914,1067,1262,1
1117,1124,1635,2
127,254,974,1
1009,1493,1076,3
914,1401,461,3
232,1827,1550,2
1643,1425,821,3
902,575,911,2
1173,430,823,1
867,1175,1222,3
42,270,1174,3
1222,1364,1065,1
941,247,1649,1
1190,228,52,2
444,174,857,3
692,579,1502,2
1575,461,656,1
406,526,782,1
576,1821,588,1
487,88,969,2
746,1605,732,2
1646,799,1635,2
795,742,1406,3
356,858,1265,2
324,1789,304,1
523,547,1064,3
140,315,28,2
638,1495,1485,1
1119,183,673,2
272,700,158,1
1018,174,312,3
1536,132,263,3
100,85,599,3
1082,1389,1685,1
350,1288,1597,1
1021,244,232,3
1777,1689,1316,1
1144,614,732,2
227,881,158,3
1833,814,1842,1
553,1094,574,2
712,455,429,3
1720,39,805,1
207,1481,1303,3
1793,1670,1011,2
267,607,230,3
648,98,1737,1
1457,1770,1705,3
1769,1749,979,1
1501,515,1050,2
128,1133,657,2
745,1580,326,1
10,505,1132,1
1505,1750,1109,1
1720,189,1177,1
388,1444,1050,3
328,1618,8,1
902,1372,1445,3
61,284,1180,2
1847,82,599,3
676,369,1125,1
1549,872,930,3
739,111,1409,3
9,413,1185,2
249,1142,710,3
1475,1452,415,1
272,857,489,3
382,1492,1531,1
75,1414,1775,1
156,162,568,1
558,1319,115,3
1598,1568,1319,3
120,1661,993,3
1794,718,1853,3
1557,136,320,2
51,1188,1328,2
540,395,515,3
336,569,1322,1
821,1835,1556,1
1205,1028,591,2
1137,1656,1265,2
885,1134,1164,3
471,231,1811,2
964,1334,1399,1
1732,614,582,2
316,696,1033,3
201,1201,1793,1
1503,1564,1157,3
1346,283,236,3
1710,521,1206,1
1774,418,903,1
275,1563,397,1
269,1154,1398,2
755,1719,1804,2
1133,1700,154,2
319,47,33,3
163,1180,655,1
358,1466,234,2
1315,1364,902,1
493,1703,541,1
1705,1305,1119,1
170,416,569,2
556,1599,322,2
1037,1835,183,1
159,1387,880,3
645,826,953,3
965,263,1030,1
1805,1217,799,2
1402,1293,5,3
1193,1708,951,1
945,1077,1369,2
772,1475,1807,2
273,683,1591,2
469,1131,1600,2
46,688,1661,3
473,1459,1058,2
1299,58,1234,1
938,554,230,2
1706,1013,1670,3
216,737,363,1
941,355,1303,2
746,384,336,3
333,412,576,1
350,141,1069,2
1062,1463,19,1
1437,23,1424,2
362,1164,1261,3
952,1492,224,2
98,484,81,3
1740,254,1373,3
966,732,1037,3
375,560,332,2
87,236,737,2
254,1744,1435,1
1104,695,586,2
350,977,1068,3
1837,559,967,1
515,1805,817,3
488,673,1122,1
790,1387,19,2
445,1022,1632,1
1669,1485,1663,2
261,815,1489,3
1809,1427,1360,1
473,865,89,1
1773,1223,1132,3
1744,934,560,3
1187,618,449,3
795,931,1041,1
1477,246,613,2
112,1301,1074,1
1303,832,1713,2
772,720,131,3
1836,183,189,1
552,1292,117,1
1514,315,1215,2
837,1544,30,3
242,1665,1509,3
1462,262,1442,1
1624,299,758,3
339,1563,501,1
1117,1388,761,3
454,1603,1328,2
735,978,940,1
1332,1166,950,2
835,1097,1764,3
326,1333,1726,1
1218,1188,1773,3
1404,1270,1421,1
493,1341,1414,2
935,70,644,1
883,706,231,2
1206,957,3,2
797,534,699,3
1110,680,1013,1
1664,1502,1076,3
175,155,233,1
1759,1386,1677,1
1502,1052,1487,3
1751,1631,1242,3
1456,279,1148,3
1552,730,521,1
362,716,924,1
696,1704,1779,2
1586,1061,1244,1
1080,477,1660,1
156,1656,1394,1
129,223,1151,1
1363,1271,1242,3
428,1696,1078,1
959,575,447,1
939,374,1022,3
1758,599,805,1
1564,614,1291,1
786,1388,1387,2
1408,1386,986,2
892,1595,1202,2
355,1719,1306,2
1611,497,1417,2
351,1241,25,2
404,1813,22,2
633,1204,1813,2
1301,446,801,3
1101,192,856,2
904,1138,1259,1
77,1335,1214,2
1233,1563,1618,1
273,259,1147,2
952,205,831,3
1121,87,1089,2
1211,869,149,1
610,1849,585,3
1740,1208,944,3
1364,1451,635,2
330,537,1626,3
541,127,364,2
397,500,35,2
1488,1480,1268,2
1085,52,1495,1
1314,255,41,3
1698,626,508,1
465,419,1282,1
960,441,232,2
1206,1389,151,2
1316,626,804,2
1319,673,240,3
1280,737,1539,3
1523,1398,835,1
673,817,136,1
1486,953,598,1
851,1284,1708,2
843,1219,1025,1
1642,262,719,1
1516,71,1847,3
278,333,119,3
1054,1060,720,2
1505,268,628,1
998,409,234,1
314,1076,676,3
1580,583,51,1
168,294,851,1
1665,1492,1347,1
395,1264,686,1
1199,1728,786,1
251,312,51,3
485,709,604,3
521,1435,113,3
1658,1562,1469,2
749,931,1524,2
996,1111,749,2
1112,1175,1583,2
393,1595,1727,3
371,1593,172,3
1800,1548,365,1
210,202,1164,2
868,703,49,3
662,664,1236,3
260,1426,100,3
274,930,813,3
1347,907,978,3
1200,588,1721,1
250,1202,894,3
762,994,697,2
76,1382,1140,3
1579,35,649,1
321,67,1070,1
1817,1394,892,3
433,1729,1148,3
493,903,358,3
702,1739,32,2
1008,448,55,3
405,1335,1126,2
1710,811,541,1
238,1213,1173,2
797,32,275,2
1774,1296,1062,3
1593,863,900,1
73,1740,1598,3
316,1271,1828,2
1786,870,1838,2
250,1042,1764,1
393,263,37,3
1073,1662,1088,1
1090,1648,222,3
619,46,226,2
1256,975,419,2
1496,562,1027,3
267,1653,47,2
1120,544,806,2
118,297,669,1
1425,1232,1320,1
433,1399,90,2
943,1760,1269,3
1611,293,380,1
45,1659,581,3
323,1436,848,3
1765,1057,628,1
480,1755,403,1
198,1554,1753,1
1734,687,1507,1
1272,758,1280,1
72,1116,1098,1
941,1824,958,2
607,304,1271,2
1844,1106,306,2
1064,1612,326,1
1394,1248,1236,3
1556,293,586,3
69,411,39,1
737,1739,1493,3
666,816,1517,1
1114,1112,427,1
1716,1350,71,2
1639,140,1309,2
859,946,766,3
727,1849,580,3
1851,351,1296,2
519,1075,1599,2
143,645,466,2
1388,125,1284,2
83,718,1143,3
1414,591,760,2
682,276,203,1
288,395,540,1
1727,325,1419,2
166,1137,1850,1
1730,575,1640,1
955,962,1776,2
1169,1799,1099,1
1305,415,426,3
1672,742,52,3
847,974,1368,2
724,42,1626,2
822,1433,701,2
307,597,853,3
780,317,1296,2
606,646,692,3
508,1647,167,3
1592,621,266,2
388,532,1494,1
500,297,284,1
650,543,693,1
916,851,1603,1
717,14,1604,1
117,1762,803,2
386,174,697,1
1786,219,771,1
262,1757,1736,1
1513,1838,65,1
1369,1673,65,1
1578,1262,39,2
530,42,509,2
44,1847,1821,3
1575,55,1094,3
1629,887,680,1
1109,1668,1841,1
1478,1442,805,1
704,777,1296,1
25,647,908,2
1341,936,106,3
1152,194,1177,3
859,1451,1478,2
350,358,1106,2
1702,1659,901,3
423,1335,62,3
765,1507,878,3
1481,373,508,3
691,1653,322,3
1553,755,1670,1
1406,1306,1494,2
485,1249,1720,2
1266,1648,361,2
97,114,157,2
1564,1554,1488,2
710,875,323,2
1208,79,1708,2
562,939,1090,2
364,496,494,2
325,1325,1033,2
16,1399,212,2
738,21,1491,2
89,432,1619,3
1575,616,1312,3
1786,1705,1762,1
1425,1263,615,3
1050,1837,1689,1
1041,897,360,2
1411,838,193,1
955,108,75,2
212,1024,1422,2
994,155,389,1
698,453,130,1
1319,1084,1845,3
5,237,567,2
1519,1812,790,3
1314,1460,33,1
805,1313,1565,1
1810,354,1133,3
1154,166,1080,2
747,770,822,1
1574,1467,1235,2
463,1730,1261,2
1280,809,38,3
1081,1184,65,2
451,1310,1279,2
1200,811,1035,1
892,1785,799,3
1747,596,1221,3
1701,169,783,3
377,1254,208,3
1674,811,696,1
1120,1068,1566,2
1441,617,465,1
1283,1849,1269,1
734,974,507,2
820,1287,1806,3
837,420,680,3
938,1491,1496,1
1580,900,1264,1
1807,1786,321,2
412,463,1167,1
1011,1381,338,1
275,1333,191,1
108,1603,975,1
384,1045,1140,1
509,214,1639,1
1478,489,1188,2
653,1657,758,1
499,1831,1353,3
1176,1177,916,2
1680,406,1313,1
189,1251,421,1
1384,1644,790,1
1612,1359,404,3
1553,745,296,1
712,492,420,3
261,463,1516,3
528,1618,1667,1
826,275,1738,3
502,939,1073,1
1708,752,1082,3
217,1658,1730,1
808,922,1417,2
452,1480,650,1
586,1510,1084,2
1321,1733,1767,1
336,1608,573,2
1812,850,576,3
72,722,313,3
1503,877,635,2
258,1444,1224,2
1460,36,1106,2
657,871,1549,2
723,183,800,1
206,612,1363,3
628,1245,1091,3
241,1827,1340,1
1142,689,475,2
1425,682,442,1
958,619,1348,3
1279,936,114,1
1402,1126,1635,3
95,1499,987,2
769,947,567,3
837,1135,491,1
425,798,820,2
1692,1556,1479,3
1090,1278,853,3
1356,1831,103,3
1493,285,1403,2
591,434,1423,3
1003,1225,769,1
1268,1444,1508,1
1095,133,1117,2
985,878,386,2
1819,418,542,3
1464,1675,517,1
162,1018,787,3
859,380,611,2
1507,520,486,3
177,1449,127,2
776,787,1092,1
1330,112,670,2
1163,264,427,3
1579,72,1027,2
220,1697,55,3
1567,507,1702,2
950,1343,1117,1
1811,1120,220,3
1457,319,1073,1
657,665,298,1
69,1175,763,2
1477,566,90,3
810,1491,442,3
792,1489,1560,2
641,1845,1522,2
1136,1809,67,3
416,1726,1428,2
1202,470,211,3
497,226,244,1
1671,797,319,1
1574,109,1237,3
351,1454,1724,2
511,787,196,2
1457,1296,970,2
500,950,1618,1
143,1090,677,2
1446,112,1312,2
53,308,864,3
877,245,1205,1
605,928,1748,2
1451,1442,1795,1
599,1657,1701,2
105,188,1670,2
1131,232,197,3
687,1600,1156,2
1092,265,1170,1
1332,1473,556,2
429,1621,292,2
52,729,965,2
1627,536,1582,3
1086,1813,1024,2
678,816,696,1
363,1483,483,3
372,1655,1226,2
895,1048,1848,2
213,141,1677,1
520,631,572,2
424,1464,1842,1
665,1574,58,1
1025,284,385,3
1486,1235,252,2
931,870,1811,2
855,315,1485,3
594,777,471,2
1376,1442,1529,1
1578,350,560,2
885,1663,181,2
1174,647,114,1
723,209,1150,2
684,1501,247,2
1256,924,1757,1
637,1082,1182,1
807,385,1184,1
531,61,669,2
325,902,655,1
547,1023,1653,3
1233,1853,124,3
1483,1607,562,3
1319,167,176,3
1121,508,629,3
970,611,1631,2
726,1358,1102,1
1115,431,161,3
1318,1488,657,3
392,475,579,3
1520,1379,1798,3
1181,1029,118,1
701,1655,1545,3
1067,373,476,3
1122,234,660,2
937,920,1807,1
1847,545,958,3
1023,214,1472,2
1562,1229,952,1
1060,1662,332,1
1024,895,450,1
251,1297,1338,3
1015,646,1412,2
3,1104,1720,1
1373,68,1343,1
1625,1403,33,3
674,22,1047,1
23,1108,664,3
1809,1367,194,1
1536,1532,449,1
41,75,765,1
968,1207,2,1
397,436,415,3
866,696,405,2
1289,304,639,2
827,1091,1234,2
417,401,694,3
1769,1491,1054,2
1414,1675,782,3
269,572,629,1
502,533,567,2
233,583,595,2
1181,1364,1793,1
459,407,352,2
1772,1486,641,2
1477,336,1096,3
1826,1069,795,1
1782,1482,1181,2
215,632,653,1
1393,1128,556,3
840,285,1614,2
1235,64,75,3
413,908,828,2
100,85,1487,3
555,958,43,2
19,309,185,3
46,985,591,1
215,626,1611,2
1348,183,1359,3
1319,778,1362,3
1304,1265,1399,3
543,504,319,1
952,1558,1264,3
443,276,976,1
1530,451,64,2
228,122,184,1
75,690,195,2
1499,188,483,1
1743,1177,399,1
109,404,798,3
398,62,203,1
404,1468,990,3
779,1402,605,1
1718,776,1266,3
1778,1036,1800,3
435,635,184,2
1699,661,230,3
314,500,1792,3
1687,562,1758,2
1573,1682,92,1
1618,947,1354,1
1586,1194,695,3
1325,1641,1123,3
616,1742,1612,1
290,1268,1736,2
1388,85,1283,2
778,1122,1424,2
959,921,1364,3
1662,1731,1553,2
542,1441,1738,1
60,958,1412,3
943,921,1637,2
561,1536,236,1
1226,1253,1344,1
1717,1036,437,1
979,295,939,3
908,1269,1650,2
378,668,1595,1
878,272,1704,3
217,945,1682,2
1561,772,1645,2
1705,940,876,1
255,432,279,1
1541,1487,1503,1
1453,131,307,2
1845,1840,752,1
1279,135,73,2
649,1251,498,1
5,1238,480,3
1817,475,303,1
717,928,602,1
176,557,483,3
1241,735,1116,2
157,317,1707,3
1045,1093,1056,3
1184,1331,1643,3
618,1430,908,2
447,215,1791,3
567,756,1537,3
523,261,135,3
1180,1354,889,2
1612,521,824,1
1336,517,1385,3
1716,841,50,2
813,1543,1228,1
302,759,1744,3
398,1409,112,2
187,172,1029,3
390,52,428,1
672,1781,1,3
1550,892,1453,2
1457,1683,295,3
1290,298,1418,3
409,42,157,2
1260,1474,1030,3
604,1595,1832,3
1440,1182,313,3
293,1100,110,3
807,1206,873,1
1491,195,580,3
1176,670,403,1
71,1303,1562,2
212,1732,231,1
1176,1554,1373,1
782,1726,1275,3
425,113,537,1
1141,392,412,1
411,736,1450,2
1841,1635,86,2
1380,64,365,3
1150,442,1503,3
152,1094,271,2
753,1826,408,2
366,802,1218,3
1183,897,1220,2
1057,82,723,3
91,1756,82,3
113,316,1285,2
1686,862,16,2
1299,226,786,1
700,477,1747,2
1649,813,821,1
1073,794,1355,3
1692,331,940,1
1575,1143,1458,2
1384,751,1032,1
1397,1633,1276,2
466,1080,846,1
1458,1749,546,1
745,822,1204,3
265,571,780,1
281,1472,598,3
1781,50,877,3
677,200,87,2
579,345,741,1
1681,737,1509,2
269,786,1577,1
1115,1404,1062,1
278,265,9,3
28,698,1531,1
84,1663,666,2
1427,1583,645,3
1778,552,1762,2
1552,1414,1753,1
352,829,1677,2
1168,1134,388,3
237,1485,658,2
1659,344,1153,1
13,368,145,3
788,899,1507,2
1744,1710,669,2
1552,1534,311,1
562,1631,1280,2
1207,1220,1650,2
1829,80,49,1
885,48,1299,1
1364,1783,1654,3
1283,1766,402,2
1183,1735,628,2
866,73,52,2
1080,1637,823,2
751,345,1407,2
1462,746,1190,3
1599,1408,835,3
926,1835,1199,3
839,1695,1564,3
721,150,1630,2
516,710,1771,3
1589,310,980,2
304,1080,537,2
305,1731,1685,3
1214,1507,654,2
1156,1041,1061,1
387,146,257,2
374,817,702,1
822,1481,231,3
817,1384,723,3
1764,721,886,1
832,805,1661,3
1533,1145,1535,1
195,1088,1445,1
500,1276,853,2
746,155,1747,1
365,697,1145,2
1759,427,1661,2
796,479,588,2
388,1699,419,2
1763,1238,776,3
626,1393,1524,2
673,689,413,1
1007,1042,1154,3
1627,1293,1181,2
676,899,1150,1
1088,662,146,1
1571,1187,1335,2
947,673,1485,2
571,252,1257,2
871,1653,155,1
1830,1832,1772,1
1395,1297,1662,1
319,1316,1442,1
821,1145,1656,1
1785,1827,1072,3
927,581,122,3
188,1071,876,1
620,1789,536,2
534,1274,532,1
984,1341,1830,2
1663,1825,809,3
1621,1055,1692,1
1783,170,975,1
325,1844,1792,2
244,897,1330,1
968,940,1331,1
277,339,1239,3
469,1814,577,1
1304,1141,718,2
1668,354,599,2
1037,748,1731,2
1513,807,40,3
265,1299,1659,3
1336,448,220,1
631,778,812,2
1789,1484,312,3
451,759,1583,3
1000,890,875,3
622,409,1614,1
1518,1426,667,2
258,415,1686,1
21,1781,1742,2
411,1146,503,1
1336,870,1645,3
1052,1513,1187,2
1507,373,1556,1
1700,252,176,1
716,1401,451,2
904,1650,774,1
731,602,278,2
289,415,378,3
1052,325,534,3
1849,931,1386,3
1822,838,1689,3
1712,1020,1269,1
1334,824,1181,1
1733,466,75,2
84,926,719,3
1259,945,1182,2
399,632,1816,1
1630,605,1556,3
333,779,802,1
106,1610,1201,1
582,1825,468,2
458,1629,1821,1
594,630,1338,1
1516,688,989,2
64,1635,1193,2
1350,1236,758,1
1592,1767,588,3
1737,1613,1550,1
951,1628,1607,3
341,633,762,2
443,892,1304,2
1277,1153,943,2
1577,1704,10,3
1830,939,721,2
1736,891,1218,2
1491,881,751,1
604,1217,116,2
1562,1100,1045,3
144,849,1455,1
650,1722,46,1
385,1571,1241,2
86,131,1328,3
1251,918,545,2
876,1492,374,1
318,129,259,2
32,1531,804,3
125,326,261,1
964,1292,1291,1
359,1515,732,1
242,848,1623,1
667,1507,1537,1
471,1263,23,3
401,457,1136,2
938,1144,1175,3
545,44,619,2
368,898,531,3
803,808,642,3
1774,1580,1073,1
1365,1074,192,1
1105,634,1179,1
750,351,38,3
626,1522,229,1
981,62,460,2
737,1336,1308,2
492,1711,591,3
745,1368,955,1
1667,1354,444,2
882,43,153,2
1303,682,410,1
1104,845,1159,2
1570,1535,9,1
1441,90,793,1
438,664,414,2
356,460,424,3
1557,1001,1388,1
1106,1093,1194,1
1604,1048,567,1
271,404,1117,2
1310,577,1400,1
1582,890,1851,1
446,941,1816,1
1018,680,1725,2
1263,317,1261,3
75,725,923,1
1730,1387,970,3
186,6,661,2
706,391,931,2
446,1084,1311,1
701,1030,1406,2
969,716,250,1
1796,812,1745,3
201,231,321,2
892,1443,64,3
1114,158,589,1
1620,1849,87,3
538,1643,596,3
1800,1414,833,1
804,1561,1792,1
1689,1044,1214,1
821,112,226,2
327,84,1000,3
1314,233,1639,2
1484,1188,173,2
887,703,375,2
114,407,619,2
1443,1053,972,1
1683,377,614,2
1767,724,1521,1
738,1332,973,2
1127,1236,577,1
132,1777,1193,1
1585,576,1234,3
897,559,1602,1
1031,617,1555,1
1678,1320,1344,2
229,340,220,3
794,591,300,2
92,501,420,3
104,1741,1580,2
89,192,398,1
748,992,135,2
433,850,1007,3
1780,1837,3,3
866,1178,1010,2
694,527,1663,3
948,11,1060,2
1830,738,25,2
1206,1345,1378,1
784,1260,61,2
1199,421,1830,1
1694,1814,114,3
1221,1419,1029,2
1726,246,1011,1
1095,1792,1213,2
885,1819,1514,2
1352,1545,710,2
824,421,753,1
1739,792,1032,3
1603,1532,1165,1
1796,1497,883,3
1497,1376,41,2
523,508,589,3
1113,20,1083,1
62,1323,500,1
177,1612,1014,2
473,1357,28,3
110,623,1805,2
1104,477,309,2
1356,594,685,3
1484,356,1130,3
990,675,543,3
264,1529,1057,3
136,98,1186,2
389,801,98,1
1569,705,515,3
523,294,259,3
740,1502,797,3
1254,1789,1494,3
78,1334,68,2
143,538,1258,2
799,1333,4,2
470,646,1812,1
1069,31,1710,2
1130,780,1207,1
651,1234,786,1
571,1323,1474,3
1496,129,863,1
81,1502,1424,2
654,848,1529,2
1401,785,335,3
1722,395,1642,1
600,369,295,2
1227,1314,220,1
1158,200,1273,1
1546,1477,1362,2
1210,1119,285,2
1544,511,1161,3
1691,413,1389,3
25,464,87,1
1703,1135,531,2
1750,263,1803,3
1640,110,1384,3
433,875,107,3
1845,24,703,1
746,1432,861,3
397,41,1387,1
1482,251,1577,2
1213,1689,574,1
1351,50,1238,1
279,1713,676,3
412,1442,596,3
1516,1322,263,1
497,727,776,3
412,91,746,2
1647,270,679,3
171,153,1217,1
1620,398,3,2
1239,1052,948,1
1602,1499,719,3
1784,412,451,2
1337,851,1334,1
1487,1786,1598,2
71,973,1386,2
1371,356,1301,1
1665,994,1098,3
1694,749,509,1
310,1716,799,3
572,182,616,3
1406,982,626,3
1077,1112,1485,3
1622,891,1148,2
1301,1214,1660,3
1413,32,1541,3
182,1658,105,3
724,121,212,3
1028,554,1203,2
1372,1678,1413,3
734,1746,1111,1
1842,1507,340,3
1355,483,941,2
572,141,1263,3
448,529,819,3
295,457,1308,2
920,403,1649,3
679,1004,743,3
1754,720,288,3
1262,541,1546,1
911,629,1040,1
1276,367,64,1
416,1208,1030,2
1667,1819,897,3
1519,991,138,2
827,1627,1030,1
1509,165,448,2
1557,1474,772,1
368,1228,1768,1
115,480,1397,3
314,415,1302,3
300,173,519,2
1749,1254,1787,2
1419,381,856,1
621,415,1316,3
1578,1475,175,3
4,329,659,2
599,1670,1190,1
46,35,1356,1
1777,709,1567,1
627,1037,1480,3
1034,697,24,1
824,1678,93,2
1301,1399,27,3
109,1739,887,3
784,636,166,3
408,713,1507,2
1319,1526,1478,1
557,970,14,3
1106,411,780,1
1423,421,1118,3
1167,248,496,3
1482,629,982,2
655,201,1306,1
1112,740,1777,3
633,989,1840,1
797,554,341,2
1436,1679,340,3
640,238,885,2
1468,1539,1399,2
434,1158,1791,1
704,1317,547,2
546,972,769,1
1587,1269,1132,1
1470,427,1331,1
1478,333,214,3
1045,852,1148,1
23,1440,630,1
215,1370,1654,2
1064,323,1591,2
1738,898,759,3
1717,80,474,3
1159,652,1077,3
647,70,669,1
334,861,667,2
972,234,1173,2
1427,1138,383,1
177,123,8,1
1071,766,1254,2
545,254,537,1
427,760,310,2
1219,190,1690,2
1095,95,593,3
186,1541,529,2
965,1720,1482,1
551,782,1579,3
1132,1205,119,1
804,1564,325,3
1848,1393,1623,2
916,1829,1212,2
604,1785,1549,2
723,1383,715,1
348,1332,997,3
1597,480,357,1
488,894,1043,2
1321,553,52,1
570,1674,1577,2
1171,648,1294,3
966,1155,1476,3
1614,982,340,2
1743,918,490,2
290,1022,1302,1
259,361,1531,2
1792,971,724,1
1851,552,1174,3
1236,1275,1021,3
1775,1172,1065,2
391,504,491,3
1252,149,749,1
1534,15,1594,3
526,1325,1178,2
1267,1754,1788,1
128,969,64,3
1812,869,395,3
818,683,1155,2
756,920,1065,2
1113,1751,1781,1
1675,637,360,2
563,262,254,3
322,1784,122,3
554,1682,325,1
1744,989,197,1
539,1589,219,2
1093,1444,1088,2
692,695,381,3
606,377,303,2
1644,1171,959,2
347,133,132,2
1229,1119,713,1
166,755,931,3
1705,897,328,1
636,1705,906,2
1143,713,1738,2
90,1112,993,2
1333,1600,601,3
1053,125,146,3
827,1406,372,2
1084,629,1659,1
1142,50,1502,1
930,1850,1766,1
1664,4,857,3
885,575,1452,3
1522,685,1787,3
1260,1463,529,1
779,1798,1111,2
1088,520,1817,2
1420,1633,1416,2
292,551,305,3
1171,1244,83,2
532,364,1034,3
1128,385,1725,3
860,1161,1818,2
642,251,1384,1
1169,1523,852,1
214,646,1781,2
1697,509,1723,1
1336,1797,1640,2
1288,1488,651,2
835,1022,927,3
574,561,418,2
1056,722,674,2
858,367,742,2
240,1113,120,1
1099,346,832,1
1305,287,944,1
1237,44,1127,2
593,1146,563,3
1808,1033,1448,1
1783,186,1339,2
1765,342,526,3
1765,1768,191,3
1517,1192,535,3
1740,1266,834,2
1233,388,1490,2
300,1351,1343,3
600,825,1451,2
293,891,914,2
1258,129,1546,3
511,294,1073,2
1668,1749,774,3
819,1762,1767,3
1610,791,1144,1
463,1190,1322,1
1511,1615,261,2
405,361,1848,3
225,800,1701,1
1359,186,1157,1
1578,1409,702,3
1440,1410,1514,1
934,1716,338,2
933,877,1772,1
1770,397,921,2
281,1454,623,2
948,276,1108,2
1301,1835,1505,2
1782,830,1508,1
1104,127,148,3
1344,1846,1365,3
1241,315,1187,2
1849,1316,647,2
683,1207,1102,3
1817,689,743,1
407,467,1416,1
785,352,303,1
1291,1736,1506,1
1200,1040,136,3
985,425,750,3
705,455,687,1
375,1389,580,2
422,177,51,3
666,1731,1097,1
931,1324,493,2
1627,1147,986,1
1006,1642,1130,3
1113,280,8,2
1853,923,1332,1
373,1086,1841,3
539,145,601,3
120,671,820,3
991,1026,709,3
614,575,1636,3
1511,672,812,3
594,159,1153,1
1605,937,1598,1
517,486,614,2
1133,1281,1402,1
1748,1325,1019,3
1513,340,169,3
1792,1722,1156,2
1403,49,696,3
839,1430,1542,3
442,455,1769,2
792,1702,118,3
667,629,1002,2
178,1214,1434,1
315,249,726,2
1118,1439,743,2
1142,379,1056,2
436,317,1791,1
1399,859,339,2
457,288,1813,2
1087,1485,759,3
1746,560,810,1
873,1263,872,2
716,835,804,2
1375,1437,803,3
1328,465,650,2
336,1092,1498,2
1438,698,871,3
31,1099,688,2
745,585,349,2
1197,1383,1517,1
786,684,778,2
1050,1280,299,3
248,1177,987,2
194,1379,63,1
1450,738,1746,1
1054,322,1436,2
454,566,1364,2
378,1216,472,3
294,14,1541,1
1726,1613,767,1
770,247,1429,3
760,735,1817,2
1461,173,894,2
1027,1117,750,1
349,184,948,3
797,906,383,3
455,170,1133,3
1830,1201,870,2
480,108,205,2
1025,797,277,2
1047,1042,917,3
708,1208,363,3
272,756,115,3
221,1357,1631,3
1731,1217,1166,3
1484,1820,1625,2
978,1689,875,1
1199,698,1561,1
1575,623,1730,2
634,1616,1706,2
649,1582,1523,1
147,1095,1604,2
747,1311,1433,3
1638,1698,1413,3
1834,224,468,2
1827,241,249,1
1476,1759,1500,2
1287,1810,1300,2
582,1159,1497,3
1436,979,961,3
1331,562,673,2
1096,484,515,3
1830,510,622,3
1842,1073,637,3
316,1330,934,2
1069,496,1180,2
1021,1737,855,3
1214,54,1655,3
1610,201,1845,2
1843,1585,1293,1
1326,726,1489,1
1133,629,527,3
53,888,634,3
1390,1839,1814,1
1206,293,1322,1
1701,214,1366,3
1001,461,88,3
715,1608,1289,2
1566,397,1240,1
1206,1537,808,1
93,1579,251,1
392,1256,1388,1
1440,812,105,1
1431,664,1755,1
386,698,400,3
976,1491,408,2
245,45,1170,3
544,691,1431,3
275,690,1431,1
1396,1343,260,1
1345,666,1149,3
24,1348,99,1
536,136,377,1
513,1110,1630,3
135,1779,1611,3
1583,415,742,2
1040,553,127,3
1609,1841,1351,2
215,153,362,1
405,451,1109,1
778,113,9,2
1562,820,580,2
942,1785,1752,1
762,1785,668,1
475,1274,1497,3
439,97,68,1
1714,170,725,3
898,1296,33,3
513,1113,136,3
1502,1704,1296,3
657,1607,1138,2
1032,437,1602,3
763,823,525,1
309,1227,613,2
91,282,191,2
1777,1841,270,2
1375,1460,1537,3
1391,1698,387,1
1326,705,736,2
1249,1022,989,1
1063,1618,913,2
1548,498,718,2
1158,1653,608,1
295,1217,775,3
569,975,278,1
1368,144,81,3
1790,1197,757,1
1573,387,796,2
723,1406,310,3
566,290,596,3
162,77,218,1
520,1125,584,2
1544,1745,1015,1
763,963,493,2
1773,823,1764,3
946,263,300,1
416,748,747,1
135,582,1799,1
724,1135,1493,1
909,179,1339,1
170,249,1676,3
1365,1655,207,1
1270,594,1333,3
275,1071,662,3
40,617,378,2
1336,174,1640,2
1055,1106,917,3
1399,1754,167,1
886,614,485,2
156,649,1614,1
223,1700,859,2
343,1614,1686,2
1826,778,1633,2
20,685,1256,2
1460,1785,943,1
269,1589,1102,3
219,1577,1028,2
636,1156,995,3
740,154,393,1
1543,1428,1643,3
1559,1291,1454,2
1568,887,440,3
920,901,153,1
274,657,1780,2
498,705,927,3
1802,375,187,2
1626,730,945,3
1220,103,1150,3
1823,1098,1657,3
500,1183,48,2
1287,703,1600,2
804,1715,1129,3
1321,37,663,2
1059,351,1351,2
350,472,1597,3
1207,322,1403,2
1837,1139,267,1
1608,236,158,1
546,1558,1252,2
248,904,1844,2
1703,879,330,1
1182,750,1697,2
507,1655,1289,3
340,455,973,1
908,1510,760,3
385,712,1327,2
462,600,1180,1
1301,1216,916,3
547,942,293,1
1001,1461,1040,1
1256,1341,1374,2
307,1472,716,2
1035,658,248,1
444,289,659,1
690,768,1101,3
1736,1502,767,2
59,1669,1737,1
1396,471,1551,3
1551,1174,144,2
597,492,1254,1
96,1575,1818,2
1372,128,1731,3
826,1611,1370,1
1280,188,216,3
1706,1017,1171,1
632,1803,1678,3
13,1025,1491,1
321,574,1832,3
1003,1138,4,2
1074,529,1490,3
1286,136,80,3
1497,406,985,3
1556,1589,112,2
1509,973,1817,1
1624,134,985,2
453,928,119,2
751,415,394,1
661,1810,458,3
1840,915,1567,1
1410,1390,487,3
890,445,621,1
1385,850,882,3
1764,146,1208,3
1303,445,1626,2
190,1585,657,1
207,735,494,1
330,632,1739,1
1106,113,386,3
685,808,1300,3
681,830,1237,1
41,871,1445,2
926,407,1188,3
731,308,733,2
100,50,1126,1
151,1270,311,1
1516,240,748,3
1243,1237,611,2
73,548,1128,2
1313,1296,1481,3
443,1168,1026,3
1616,955,1019,1
1374,1147,1290,2
1312,674,1264,2
814,1046,1057,1
1353,341,1646,1
1507,1056,1253,2
1084,1012,787,1
1022,253,1274,2
1021,768,22,2
1430,99,542,2
296,1537,1755,3
1247,179,471,1
421,275,175,1
777,1459,30,3
1426,1377,1757,3
346,263,8,1
782,403,763,1
338,1167,656,1
389,558,424,3
358,835,262,3
1142,1481,1348,2
1822,1384,366,2
1147,1439,507,2
648,1417,1420,1
773,112,138,3
209,1746,1207,1
863,1586,1806,2
537,886,30,2
526,1333,1768,1
1246,1254,26,3
626,506,903,2
1256,904,1852,2
1745,1617,307,1
1853,869,739,3
811,1573,680,2
625,1414,1551,2
756,305,1377,2
1729,852,1261,2
307,582,61,1
932,1167,1620,3
924,1292,917,1
841,659,1447,3
972,1535,1824,2
318,678,757,1
1633,1657,1314,2
916,1026,1661,2
331,1566,871,1
1423,494,597,1
582,145,981,1
720,1162,1450,1
899,1356,565,1
1324,291,1409,1
547,274,956,2
1117,850,920,2
1077,1019,1095,3
1145,236,436,3
863,750,1024,3
1046,639,1420,1
1316,620,543,3
1427,547,1535,2
473,476,1235,2
186,6,1819,1
155,536,1360,2
1340,196,686,3
1074,1059,123,2
797,1472,1754,2
1031,896,1190,2
1365,1633,67,3
203,1749,81,2
348,1421,21,1
1133,1637,536,3
446,881,1155,2
1247,1265,1396,1
1546,93,282,2
1675,735,637,3
773,749,551,3
376,1313,4,2
1611,610,908,2
1433,1776,1146,3
504,637,116,1
1796,1020,1600,3
1137,1288,895,2
1398,1007,469,1
467,997,235,1
336,668,223,2
1194,888,436,2
676,1480,94,3
914,502,227,3
78,565,1729,2
